ISBN-10,ISBN-13,タイトル,著者,出版社,出版日,書齢,定価,価格（新品）,在庫数（新品）,価格（非常によい）,在庫数（非常によい）,価格（良い）,在庫数（良い）,価格（キズや使用感あり）,在庫数（キズや使用感あり）,内容,ジャンル,言語,本の長さ,版型
"4063897206","9784063897203","トランジット 19号 美しき北欧の光射す方へ (講談社mook)","","euphoria FACTORY","2012-12","13年","1886","","","","","1654","3","","","世界の美しい風景や文化を“旅”というフィルターを通して紹介。今回は美しき北欧を特集。切り取れる「北欧の愛しいもの」「ＭＡＲＩＭＥＫＫＯ  ＳＡＮＯＭＡＴ」付き。","旅行","jpn","194","A4変"
"4761528540","9784761528546","フランスのウォーカブルシティ","ヴァンソン藤井由実 著","学芸出版社（京都）","2023-05-18","2年","2970","","","","","","","","","フランスの街は今、歩く人や自転車で賑わい劇的にウォーカブルに変わっている。なぜ、スピーディにダイナミックに街を変えられるのか？歩行者空間の創出、自動車交通の抑制、自転車道・公共交通の整備、移動のDX等の方法論、制度・組織・実装のしくみを、多数の事例で紹介。15分都市からスマートシティまで、最前線に迫る。歩く人や自転車で賑わい劇的にウォーカブルに変わったフランスの街。15分都市からスマートシティまで、方法論を多数の事例で解説。はじめに

1章　パリ：ウォーカブルシティの最前線
1　ロックダウンで再認識された歩行中心の都市環境
2　世界とフランスの15分都市
3　パリのウォーカブルな都市再編
4　イダルゴ市長による「深呼吸するパリ」プラン
5　自動車交通を抑制するモビリティ政策
6　歩行者空間化は近隣商業を伸ばす

2章　なぜ、歩きたくなる都市が実現できるのか
1　ストラスブール、マルセイユ、ニース：観光都市のウォーカブルな水辺
2　ラ・ロシェル：70年代から取り組むカーフリーの発祥地
3　歩きたくなる都市を実現できる背景
4　車とどのように共存するか

3章　日常の移動を豊かにするモビリティ基本法
1　公共交通と歩行者空間をセットで都市を再編
2　公共交通の推進を支える法整備とプロジェクト支援
3　新しい時代の移動の哲学を示すモビリティ基本法
4　エコロジカルなモビリティへの移行

4章　ディジョン：MaaSの活用と統合型スマートシティ
1　行政が主導するMaaS
2　行政とコンソーシアムが協働するスマートシティ

5章　なぜ、都市政策をダイナミックに実装できるのか
1　広域で包括的な実行体制
2　政治家の高い意識と能力
3　行政の領域横断と機動力
4　財源の自立性と人材のダイバーシティ
5　税の再配分に見る社会の連帯
6　少子化対策にも貢献する住みやすい都市づくり

6章　ナント：15分都市エリアを創出したマスターアーバニストたち
1　中ノ島の造船所跡地の複合開発
2　都市開発におけるマスターアーバニストの役割
3　産業都市から環境・文化都市へ
4　マスタープランと建築許可によるコントロール
5　3代のマスターアーバニストが実現したこと
6　職住近接のライフスタイルを実現

7章　アンジェ：人々を巻き込む河岸駐車場の歩行者空間化
1　多様なステークホルダーとの合意形成を可能にする制度
2　市民に開かれた駐車場の広場転用プロセス
3　フランスの合意形成の特徴と意義

終章　フランスで主流になった「穏やかな街」
1　道路空間を共有するという発想が出発点
2　都市を車に適応させるプランニングからの脱却
3　穏やかな街を実現するステップとメリット
4　自分たちの住みたい都市を実現するために

おわりに","建築","jpn","272","46"
"4295401412","9784295401414","未来に通用する生き方","島崎信 著,中島健祐 著","クロスメディア・パブリッシング","2017-12-04","8年","1518","","","1896","1","","","","","【ジャンル：自己啓発】「将来に対する漠然とした不安」は、時代に左右されない普遍的な生き方を知ることで少しずつ解消できます。日々やらねばならぬことをコツコツとこなし、学び続けること。世界に先駆けて幸福度世界一・完全デジタル社会・脱化石燃料社会をつくりあげつつあるデンマーク人に学び、ストレスフルな社会を力強く生きていきましょう。食事・住まい・自然と過ごす休日など、明日から実践できる方法も満載。","社会科学総記","","221","B6"
"4761527196","9784761527198","PUBLIC HACK","笹尾和宏 著","学芸出版社（京都）","2019-09-20","6年","2200","","","1368","1","","","","","規制緩和、公民連携によって、公共空間の活用が進んでいる。だが、過度な効率化・収益化を追求する公共空間はルールに縛られ、商業空間化し、まちを窮屈にする。公民連携の課題を解決し、都市生活の可動域を広げるために、個人が仕掛けるアクティビティ、しなやかなマネジメント、まちを寛容にする作法を、実践例から解説。過度な活性化とルールに縛られた公共空間を解きほぐし、公民連携の課題を解決するノウハウ、アクティビティ＋マネジメント実践集はじめに
Chapter1　もっと私的に自由にまちを使おう
私的で自由な行為がつくるまちの風景
窮屈でシステム化された都市生活
公共空間の活用には社会的意義が必須？　
目的がなくてもいられるまちへ

Chapter2　 PUBLIC HACKを体現する実践者たち　
まちのスキマはどこにあるか？
アーバン・アウトドアを堪能する
1　すぐそばの自然を体感する
CASE1　夕日納め
CASE2　水辺ランチ
2　とっておきのベストロケーションを満喫する
CASE3　水辺ダイナー
CASE4　チェアリング
3　見知らぬ他人と時間を共有する
CASE5　Re:Bar
CASE6　流しのこたつ
CASE7　くにたち0円ショップ
4　まちのスキマを賢く使う
CASE8　クランピング
CASE9　 URBAN SPACE DISCO
CASE10　ストリートダンス
常識から解き放たれる
5　外でやってみると意外と気持ちいい
CASE11　外朝ごはん
CASE12　夜明かし
6　アウトドア・アクティビティをまちに持ち込む
CASE13　大阪ラブボート
CASE14　ご近所野宿　
7　お金をかけずに自前で遊ぶ
CASE15　芝生シアター
CASE16　ピクニック演奏会
CASE17　青空カラオケ
まちの新たな使い方を呼び覚ます
8　都市空間を体で攻略する
CASE18　スケートボーディング
Chapter3　 PUBLIC HACKが持続するためのコツ
そんなこと本当にできるの？ 
都市生活の可動域を広げるために
PUBLIC HACKの作法
トレーニングしてみよう
Chapter4　利用者の自由を広げるマネジメント
公民連携が抱える構造的課題
これからの公共空間マネジメント
利用の自由を広げる維持管理
CASE1　アオーレ長岡のナカドマ：現場対応をマニュアル化しない
CASE2　グランドプラザ：管理されていると感じさせない
CASE3　うめきた広場：行為でなく程度で利用を制限する
CASE4　羽根木プレーパーク：アクシデントを「起こるもの」として取り扱う
CASE5　荒川下流域：自由使用を実現するルールの3段階運用
CASE6　路上ライブ：取り締まることを目的化しない
Chapter5　PUBLIC HACKがまちの価値を高める
まちの自由度の高さが生みだす効果
スキマはまちの自由度を測るモノサシ
まちの価値を生みだすのは「私的で自由な行為」

おわりに","建築","jpn","208","46"
"4479320822","9784479320821","探しものは北欧で (だいわ文庫)","森百合子 著","大和書房","2024-03-09","1年11ヶ月","880","","","579","1","","","","","毎年のように訪れている北欧の国々ーフィンランド、スウェーデン、デンマーク、ノルウェー、アイスランド（とエスト ニアもちょっとだけ）。

建築、デザイン、ダンスをきっかけに始まった旅がいつしか北欧の味やファッションにも魅せられ、町歩きから島へ、森へと旅する場所も広がっていく。
名物イベントで夏のスウェーデン人を観察、デンマークの母の家で過ごす時間、フィンランドじゃない国でサウナに目覚めた話。
ノルウェー人いい人伝説、自分史上最高のシナモンロール体験など、ちょっとディープな北欧の旅。
何度訪れても、北欧はおもしろい！　北欧を愛し、20年近く各国に通い続けた森さんの「暮らすように旅する」エッセイ。","日本文学・評論・随筆・その他","jpn","288","A6/文庫"
"4761527366","9784761527365","ドイツのスポーツ都市","高松平藏 著","学芸出版社（京都）","2020-03-19","5年","2750","","","1536","3","","","","","ドイツではスポーツが生活に密着し、街を動かすエンジンになっている。多彩なNPOがクラブを運営し、走りたくなる自転車道や歩道も完備され、集客イベントだけでなく、マラソン、サイクリングなど健康・余暇の運動も盛んで、地元企業の支援も厚い。スポーツ人口を増やし、健康に暮らせる街に変えた10万人の地方都市の実践。ドイツではスポーツが生活に密着し、マラソン、サイクリング等が盛ん。スポーツ人口を増やし市民を健康に変えた10万人都市の実践。はじめに

1章　スポーツクラブというコミュニティ
1　ドイツのスポーツクラブとは　
2　ブンデスリーガもスポーツクラブ　
3 　100のスポーツクラブがある10万人都市　
4　社会関係資本としてのスポーツクラブ　
5　ドイツでスポーツが普及したきっかけ　

2章　まちを盛り上げるスポーツ
1　スポーツ人口を広げるしくみ
2　地元のプロチームはまちの誇り　
3　まちがスポーツ競技場に　
4　まちに出てスポーツを観戦する　

3章　サステイナブルなアウトドア・ツーリズム
1　自然を楽しむ文化　
2　身近なハイキング　
3　アウトドア・ツーリズムのマーケティング　

4章　健康に暮らせるまちをつくる
1　散歩好きのドイツ人　
2　まちで体を動かしたくなる仕掛け　
3　サイクリストにやさしいまち　
4　歩きたくなるストリート　
5　市民の健康がまちの持続力を高める　
6　スポーツ人口を増やす政策　

5章　スポーツが地域経済に与えるインパクト
1　スポーツの経済効果　
2　行政によるスポーツ支援　
3　企業のスポンサリング　
4　企業に選ばれる地域になるために　
5　健康保養都市の観光戦略　
6　資源を消費させない観光開発　

6章　スポーツ人口を増やすプロモーション
1　スポーツへの関心を底上げするフェストとメッセ　
2　スポーツクラブの広報戦略　
3　活発な地元のスポーツ・ジャーナリズム

7章　スポーツで都市の質を高める
1　自治体のスポーツ戦略　
2　スポーツで社会的問題を解決する　
3　都市の質を高めるエンジン　

おわりに　ウォーカブルシティ;歩きたくなるまちづくり;歩きやすいまちづくり;地方都市;シビック・プライド;健康増進;社会的市場経済;社会関係資本;健康都市;自転車都市;サイクリング;スポーツビジネス;スポーツ・ツーリズム;スポーツ・マーケティング;ソーシャル・インクルージョン;公民連携;PPP","建築","jpn","220","46"
"4761526238","9784761526238","ポートランド","山崎満広 著","学芸出版社（京都）","2016-05-25","9年","2200","","","749","1","","","","","この10年全米で一番住みたい都市に選ばれ続け、毎週数百人が移住してくるポートランド。コンパクトな街、サステイナブルな交通、クリエイティブな経済開発、人々が街に関わるしくみなど、才能が集まり賢く成長する街のつくり方を、市開発局に勤務する著者が解説。アクティビストたちのメイキング・オブ・ポートランド。この10年全米で一番住みたい都市に選ばれ続けているポートランド。コンパクトでクリエイティブ、才能が集まる街のつくり方を解説。はじめに　僕がポートランドを選んだ理由

1章　なぜ、ポートランドが注目されるのか
1　サステイナブルで小さくあることを選んだ街
2　リベラルでカジュアルなパシフィック・ノースウェストの文化
3　ポートランドをつくる人々
4　注目の都市再生エリア
ダウンタウン
セントラル・イーストサイド
パール
アルバータ
ノース・ミシシッピ／ノース・ウィリアムズ
ロイド
5　オレゴンの精神

2章　徒歩20分圏コミュニティをデザインする
1　歩きたくなるストリートで街が賑わう
20分圏コミュニティのライフスタイル
新旧の建物の混在をコントロールする
賑わいを呼ぶ通りのデザイン
建物のミクストユース
ゾーニングと商業誘致
2　行政と民間のポジティブな関係
面的デザインを可能にする、行政と民間のパートナーシップ
オープンスペースを増やし、エリアの価値を高める
行政とデベロッパーによるパール地区の開発
3　「エコディストリクト」というコンセプト
一つの地区を環境システムとしてデザインする
発祥の地「ブルワリー・ブロック」
ミクストユースの次世代モデル地区「ハサロー・オン・エイス」
ワシントンDCの「サウスウェスト」

3章　40年かけてつくられたコンパクトシティ
1　スタンプタウンから環境先進都市へ
街を汚しながら成長した工業都市時代
国のハイウェイ事業への反乱
トム・マッコール・オレゴン州知事の登場
　サステイナビリティと経済成長の両立
2　都市の成長をコントロールする
都市成長境界線ができた背景
農地と自然の保護
効果的なインフラ開発
都市成長境界線を管理するメトロ政府
3　公共交通が変える街の使い方
公共交通を運営するトライメット
全米一の自転車都市
INTERVIEW　ボブ・ヘイスティング（トライメット・チーフアーキテクト）
4　都市計画の策定プロセス

4章　草の根の参加を支えるネイバーフッド
1　市民や企業が参加する都市開発のしくみ
合意形成のルール、住民参画のしくみ
20年後の街を描くデザイン・ワークショップ
2　草の根の活動を支えるネイバーフッド・アソシエーション
町内会との違い
コミュニティづくりの基盤
INTERVIEW　ケイト・ワシントン（パール地区ネイバーフッド・アソシエーション副代表）
3　アクティビストたちが先導した市民参加
なぜポートランドの市民参加率は高いのか
アルバイナ地区から始まった草の根開発
活動家ニール・ゴールドシュミット市長の登場
政治家に転身した元活動家たちの活躍
ネイバーフッドという市民参加のシステム

5章　ポートランド市開発局（PDC）による都市再","建築","jpn","239","B6"
"4502496715","9784502496714","デジタルローカルハブ","神尾文彦 編著","中央経済社","2024-04-02","1年10ヶ月","3300","","","","","","","426","1","スマートシティの次のコンセプトを提示する！ 自立経済都市（圏）のモデルとなるドイツやデンマークなどの国外事例や、日本国内で戦略策定に取り組んでいる事例を多数紹介。スマートシティの究極的な目標はこれだ！　ドイツやデンマーク、日本国内での事例を多数紹介。","経営","jpn","268","A5"
"4395320287","9784395320288","広場のデザイン","小野寺康 著","彰国社","2014-10","11年","2750","","","834","1","783","1","575","1","生きていく喜びに満ちた本物の都市空間は、どう形づくられてきたのか。世界中の魅力的なにぎわい空間を紹介し、人の集まる場所にはどんなデザインが施されているかを、事例をあげわかりやすく解説する。","建築","jpn","224","A5"
"4804706224","9784804706221","北欧時間","日暮いんこ 著","大和出版（文京区）","2023-10-13","2年","1870","","","1432","1","","","","","「幸せになりたい！」と嘆いてジタバタしていた私。「人に認められるような成果を出すために努力する」ことが、いつか幸せになるために有効な時間の使い方だと勘違いしていました。そんな私に北欧の人達は、「幸せは、今、ここにあるんだよ」と繰り返し教えてくれているようでした。――本文より

北欧に住み、彼らの「心豊かな暮らし」を見ていると、その秘訣が「時間の使い方」にあること、なかでも「セルフケアの時間／自分軸の時間／シングルタスクの時間／クリエイティブの時間／ヒュッゲの時間」の5つがカギであることがわかりました。

「北欧＝幸福度が高い国々」ということはなんとなく知っていても、なぜ幸福度が高いのか、彼らがどのように考え、どのように暮らしているかはあまり知られていないかもしれません。
この本では、写真と共にその秘密を解き明かします！
ぜひ一緒に、北欧流「本当に豊かな時間の使い方」に触れてみませんか？追われる毎日、少し立ち止まってみませんか？「森の中で過ごす」「『ない』を楽しむ」ほか、６年住んだクリエイターによる人生の知恵プロローグ　世界一幸せな北欧の24時間と３６５日
第１章　心と体のバランスを良好に保つ――セルフケアの時間
第２章　自分にとって本当に大切なことを明確にする――自分軸の時間
第３章　１つの物事に１００％集中する――シングルタスクの時間
第４章　遊び心と冒険心を忘れない――クリエイティブの時間
第５章　小さな幸せに感謝し、祝福する――ヒュッゲの時間","日本文学・評論・随筆・その他","jpn","192","46"
"4046807792","9784046807793","北欧の心地よい暮らしと55の小さな幸せ","tanuko 著","KADOKAWA","2023-03-01","2年","1650","","","999","2","","","","","YouTubeチャンネル「猫と北欧暮らし tanuko」で人気のスウェーデン在住著者が、日々の暮らしや北欧流の豊かな生活の知恵をお届け。
心を動かされた現地の習慣や価値観、日々の愉しみ、シンプルだけど豊かに暮らす美意識、自然の恵みなどを、温かみのある写真とエッセイで綴ります。
食器やインテリア、フィーカ（＝おやつ）の楽しみ方、北欧ごはん……など、日本の生活や日常にも取り入れやすいアイデアも紹介。
カバーイラストは、スウェーデンを代表するデザイナーユニット、ベングト&amp;amp;ロッタ氏による特別描き下ろしです。
　
ささやかなのに心豊か。シンプルなのに幸せに満ち溢れる日々。
そんな、Lagom（＝ちょうどいい）で心地よい暮らしのエッセンスが詰まった一冊となっています。
　
いつでもどこでも太陽を求めて日光浴
心地よい朝の始まりはドリップコーヒーから
食事の後の合言葉「散歩に行く？」
スウェーデン人が愛するフィーカの習慣
IKEAの家具は自分好みにアレンジ
アンティーク食器も惜しまず日常使いする
お守り代わりのサーミブレスレット
森に季節のものを摘みにいく
毎週木曜は豆スープとパンケーキの日
自分の好きに正直になる
キャンドルに火を灯して憩いの時間を
Mysigな時間を大切にする
（目次より一部抜粋）ミニマムでシンプルだけど心豊かに過ごせる、北欧流・暮らしのヒント集1 北欧の人々の心地よい暮らし方
2　フィーカのすすめ
3　自然と暮らす
4　スウェーデンの食卓
5　おうち時間を豊かにするインテリア
6　散歩を楽しむ","家事","jpn","144","A5"
"4907435088","9784907435080","3日でまわる北欧inコペンハーゲン (SPACE SHOWER BOOKs Hokuo Book)","森百合子 著","スペースシャワーネットワーク","2013-11","12年","1760","","","","","","","","","３日間で北欧らしさを満喫できるルートを提案。デザイン、雑貨、世界が注目するコーヒーやグルメまで、７２時間で北欧を駆け巡る、北欧ガイドの決定版。データ：２０１３年１０月現在。","諸芸･娯楽","jpn","128","B6"
"4802512546","9784802512541","クリエイティブデモクラシー","公共とデザイン 著","ビー・エヌ・エヌ新社","2023-10-25","2年","3080","","","","","","","1522","1","民主主義とソーシャルイノベーションについての「デザイン書」
本書は、行政でのイノベーションラボ立ち上げや、地方自治体・企業・住民とともに社会課題に向けた共創に取り組む「一般社団法人 公共とデザイン」が案内する、自分の足元から社会変革への第一歩を踏み出すための思考と実践の手引きです。
他者と出逢い、対話し、関わり合うなかで生まれる自身の衝動や好奇心を表現した活動（ライフプロジェクト）を通じて、オルタナティブな民主主義のかたち「クリエイティブデモクラシー」へと至る道筋を示します。
国内外20の事例を掲載。パーソンセンタード・リビングラボ「大牟田未来共創センター（ポニポニ）」、デザイン思想家エツィオ・マンズィーニのインタビューも収録。はじめに

CHAPTER 1　クリエイティブデモクラシー
1-1　デモクラシーの危機とはわたしの危機でもある
1-2　わたしの生き方と民主主義
1-3　クリエイティブデモクラシーとは何か：民主主義と創造性
1-4　クリエイティブデモクラシーとは何か：活動・実験としての民主主義
1-5　クリエイティブデモクラシーとは何か：プロジェクト型の民主主義

CHAPTER 2　ソーシャルイノベーション
2-1　ソーシャルイノベーションとは何か
2-2　デザインとソーシャルイノベーション：社会のリデザインに向けて
2-3　本書におけるソーシャルイノベーションの再定義
2-4　「わたしたち」から始まるソーシャルイノベーション
2-5　ソーシャルイノベーションの発展過程

Chapter 3　イネーブリング・インフラストラクチャ
3-1　人々を「可能にする」インフラストラクチャ
3-2　専門家デザイナーの役割：共通言語としてのカタチづくり
3-3　専門家デザイナーの役割：実験的な文化を醸すためのプロトタイピング
3-4　専門家デザイナーの役割：他者と出逢うためのうつわを編む
3-5　可能にするためのエコシステム構築に向けて

「わたし」から始まる、クリエイティブデモクラシー

CHAPTER 4　ケーススタディ
4-1　日常生活のコミュニティ
4-2　うつわとしての行政府
4-3　企業
4-4　マルチセクター

インタビュー 1　大牟田未来共創センター（ポニポニ）
インタビュー 2　エツィオ・マンズィーニ
著者3人による、もやもや鼎談

あとがき","芸術総記","jpn","320","A5"
"484413745X","9784844137450","北欧の小さな大国「スウェーデン」の魅力150","西田孝広 著","雷鳥社","2018-12-20","7年","1650","","","935","2","","","","","","旅行","jpn","255","B6"
"4837957838","9784837957836","ヒュッゲ 365日「シンプルな幸せ」のつくり方","マイク・ヴァイキング 著,ニコライ バーグマン 解説,アーヴィン香苗 訳","三笠書房","2017-10-13","8年","1760","","","","","","","312","1","ヨーロッパから火がついて、世界各国で大ベストセラー！！

「ヒュッゲ」とはデンマーク語で、
「心地よさ」「人とともにいるときに感じるぬくもり」
「不安のない状態」を表すことば。

「キャンドルをともして、コーヒーを飲む」
「気のおけない友だちと集まって、部屋で映画をみる」
「シェアできる料理を持ち寄って、おしゃべりする」
「シンプルだけど着心地のよいセーターや靴下をそろえて、温まる」……

心ときめく、小さな幸せをつくる方法。

* * *

デンマーク人が毎日使っていることば「ヒュッゲ」。
私は「ヒュッゲ」とはつまり、「人と人とのつながりから生まれるもの」だと思います。
誰かと何かを一緒にしたときに生まれる、あたたかい気持ちのこと。
みなさんの「ヒュッゲな時間」は何ですか？

フラワーアーティスト　ニコライ バーグマン世界的大ベストセラー！「世界一幸せな国」デンマークの「ヒュッゲ」な暮らしが、今、大トレンド。ほっこり心やすらぐ毎日のつくり方INTRODUCTION
「幸せのカギ」を探して
１　心が豊かになる「あかり」の魔法
２　ヒュッゲについて話しましょう
３　だれかと「共にある」こと
４　何を食べ、何を飲むか
５　気楽だけれど、こなれた着こなし
６　居心地のよさを求めて
７　街に出よう。楽しいことを探検しよう
８　365日、心がポカポカする暮らし
９　お財布にもやさしく
10　コペンハーゲンをめぐる「のんびり旅」
11　ときめきがやってくるクリスマス
12　太陽を200％満喫する
13　五感で味わう
14　ヒュッゲと幸福
日本語版への解説――ニコライ バーグマン","社会科学総記","jpn","286","B6"
"4906993915","9784906993918","HYGGEな子どもたち","NINA 著","ジー・ビー","2020-08-12","5年","1650","","","","","","","","","本当の自分、好きですか？
自己肯定感が低く、ずっと何かと、誰かと競争して生きてきた著者に、北欧の人々が教えてくれた幸せ習慣――
それは、「ありのままの自分でいるのを許す」ことでした。
けれどもいったい、どうやって？
そのヒントは、デンマーク語で「ほっとくつろげる心地よい時間や幸福感」のことを意味する「HYGGE（ヒュッゲ）」にありました。

誰かのことをもっと知ること。　
誰かと一緒に笑って楽しい時間を過ごすこと。
耳が聞こえない人の気持ちがわかるのは、そういう人がいるからだって考えること。
散歩に出かけて波の音に耳を傾けて鳥の声を聞いて、そして木々の匂いを感じること。
週末にはピカピカになるまでありとあらゆる場所を掃除することetc.――。

本書では、著者と発達障害の娘さんが変わるきっかけとなった出来事や言葉を通じて、北欧の人々のHYGGEな習慣を紹介していきます。
競争しなくていい。闘わなくていい。無理しなくていい。
これからのスタンダード、そして本当の自分を好きになる方法を、本書から読み取っていただけると幸いです。","日本文学・評論・随筆・その他","jpn","160","A5"
"4802511493","9784802511490","行政とデザイン","アンドレ・シャミネー 著,白川部君江 翻訳","ビー・エヌ・エヌ新社","2019-07-23","6年","3520","","","","","1556","3","","","これからますます増えていくであろう行政組織とデザイナーのコラボレーション。うまく協働できれば大きな実りが生まれるはずですが、現実は、両者の従来のやり方の違いにより様々な問題が生じます。本書は、そのそれぞれのやり方と考え方を整理しながら、両者のギャップを超えて共創するうえでの傾向と対策を、主にオランダでの事例を紐解きながら示します。社会課題である「厄介な問題（Wicked Problem）」に対しての問題解決、より良いシステムチェンジやまちづくりを目指すデザイナーおよび行政機関関係者、必読の一冊です。

■目次
第1章　公的機関と「厄介な問題」
第2章　デザイン思考とチェンジマネジメント
第3章　デザイン思考と連携の役割
第4章　デザイン思考とステークホルダーマネジメント
第5章　デザイン思考と権力
第6章　公的機関におけるデザインプロセスと連携

日本語版寄稿：中山郁英「日本における、行政組織へのデザイン導入の取り組み」■目次
第1章　公的機関と「厄介な問題」
第2章　デザイン思考とチェンジマネジメント
第3章　デザイン思考と連携の役割
第4章　デザイン思考とステークホルダーマネジメント
第5章　デザイン思考と権力
第6章　公的機関におけるデザインプロセスと連携

日本語版寄稿：中山郁英「日本における、行政組織へのデザイン導入の取り組み」","芸術総記","jpn","207","B5"
"4787712810","9784787712813","ロラン島のエコ・チャレンジ","ニールセン北村朋子 著","野草社","2012-07","13年","1760","","","","","","","","","北欧の国、デンマークで４番目に大きな島、ロラン島の未来へのチャレンジについて綴った本。エネルギー問題だけでなく、家庭や教育、社会のあり方まで多くのことを考えさせてくれる１冊。","社会","jpn","159","A5"
"4272411675","9784272411672","デンマークの子育て・人育ち","ナツヨ・サワド・ブラント 著","大月書店","2005-11","20年","1870","","","","","","","","","「国民が幸福感を感じている国」として世界一の座を占めたデンマーク。この国の福祉・保育・教育の充実した制度と暮らし・子育てを紹介し、日本に欠けているものは何かを考える。「幸福度世界一」の国から学ぶ１冊。","教育","jpn","237","B6"
"4041033896","9784041033890","限りなく完璧に近い人々","マイケル・ブ－ス 著,黒田眞知 訳","KADOKAWA","2016-09-29","9年","2420","","","","","","","","","デンマークが世界一幸福？　世界一税金が高いのに？　高齢化、社会保障、移民、格差、地方衰退。北欧諸国も私たちと同じ問題を抱えている。なのになぜ？　『英国一家、日本を食べる』の著者が幸福度の秘密に迫る！人生がつらいと感じている人はわずか１％！　「北欧の奇跡」の真実に迫る。","外国文学その他","jpn","520","B6"
"4065130689","9784065130681","行正り香の家作り","行正り香 著","講談社","2018-12-14","7年","1760","","","","","679","1","","","デンマーク親善大使でもある行正り香さん。日本人は「衣食住」と言いますが、デンマーク人にとっては「住・食・衣」。デンマーク人にとっていちばん大事なのはどんな家でどう暮らすかということなのです。居心地のいい空間や時間、という意味の”ヒュッゲ”という言葉をキーワードに、行正さんならではの家作りを紹介します。インテリアを決めるのは「色」／家具はスピリット／会話が生まれる照明／家を飾ろうほか


デンマーク親善大使に選ばれた行正り香さん。
（2017年日本・デンマーク国交樹立150周年記念）
日本人は「衣食住」と言いますが、デンマーク人にとっては「住・食・衣」。
デンマーク人にとっていちばん大事なのは、どんな家でどう過ごすかということなのです。

デンマークならではの”ヒュッゲ”という言葉は「人と人とを結ぶ、心地よく温かい空間や時間」を意味します。この言葉をキーワードに、行正さんならではの家作りを紹介します。

ヒュッゲに生きる、暮らす

CHAPTER１　心地よい空間を作る
CHAPTER２　インテリアを決めるのは「色」
CHAPTER３　家具はスピリット
CHAPTER４　照明がインテリアを決める
CHAPTER５　家を飾ろう
CHAPTER６　心地よい空間の選び方
キッチンのリフォーム、家具の買い替え、愛着あるもので家を飾る―――本当に居心地のいい暮らしを求めたら家はどう変わった？　","家事","jpn","127","B5"
"4894912813","9784894912816","デンマークのヒュッゲな生活空間","著:中島 明子","萌文社","2014-10","11年","2640","","","","","","","","","「ヒュッゲ」とは「心地よさ」といった意味合いをもつデンマーク語。小国ながら世界でもっとも住みよい国として注目されるデンマークについて、「ヒュッゲ」と「生活空間」をキーワードに、各執筆陣が考察。","社会","jpn","279","A5"
"4837957943","9784837957942","リュッケ 人生を豊かにする「6つの宝物」","原著:Wiking,Meik,著:ヴァイキング,マイク,翻訳:香苗, アーヴィン","三笠書房","2018-11-28","7年","1760","","","450","1","611","1","","","★シリーズ全世界100万部突破
★31カ国で出版
★メディアで、SNSで話題

今、日本でも大ブームを巻き起こしている
北欧デンマークの、ほっこり心あたたまる暮らし方「ヒュッゲ」。
その原点「リュッケ（幸せ）」を探して――。

「リュッケ（LYKKE）」とは「幸せ」のこと。

「ヒュッゲな国＝デンマーク」から「毎日がポジティブで満たされるヒント」を探してみました。

人生を目いっぱい楽しんでいる人たちにはどんな共通点があるのでしょうか？
前向きに心穏やかに生きるために、どんなことをすればいいのでしょうか？
さあ、地球上でもっとも幸せな人たちの秘密を見つけていきましょう！


原題：THE LITTLE BOOK OF LYKKEデンマーク語で「リュッケ＝幸せ」。デンマーク流心地いい暮らし方＝ヒュッゲのブームをつくった著者が、世界中の幸せの形を探る「宝探し」に出かけよう
幸せをつくるレシピ
ＴＯＧＥＴＨＥＲＮＥＳＳ――人と共にあること
ＭＯＮＥＹ――バランスの取れたおつき合い
ＨＥＡＬＴＨ――心も体も満たされる方法
ＦＲＥＥＤＯＭ――「本当に大切なもの」を見つけよう
ＴＲＵＳＴ――心地いい「サポートの輪」のつくり方
ＫＩＮＤＮＥＳＳ――だれかを笑顔にするために
「パズルのピース」をはめていく","社会科学総記","jpn","288","B6"
"4761528389","9784761528386","北欧のスマートシティ","安岡美佳 著,ユリアン森江原ニールセン 著","学芸出版社（京都）","2022-12-21","3年","2970","","","1765","4","","","","","北欧の人々は理想の生活を追求し、知恵を持ち寄り、テクノロジーを活用して新しいしくみを次々に実験する。オープンデータ、電子政府、リビングラボ、グリーンモビリティ、クリーンテック、ヘルステック等を実装し、多様なプレイヤーが共創する、サステイナブルな経済と環境をいかに実現するか、世界が羨む辺境の実践に学ぶ。オープンデータ、電子政府、リビングラボ、グリーンモビリティ、クリーンテック等、新しい社会のしくみを豊富な事例で紹介はじめに
1章　北欧のスマートシティの特徴
1　北欧でスマートシティが進展する背景
　社会的背景：人口増加や気候変動に伴う都市課題の解決
技術的背景：テクノロジー活用が進んだ社会
　経済的背景：イノベーションのニーズと戦略的な支援のしくみ
2　ウェルビーイングな都市づくり
ウォーカブルな街
サステイナブルな再開発
自然と近接したライフスタイルの創出
最新技術で快適な室内環境を実現
実験を重ねて製品・サービスを開発
強みである産業・技術から生まれるイノベーション
多様な市民が参加しやすいプラットフォームの設計
2章　デジタル化が暮らしを変える
1　電子政府の進展
電子政府政策の始まり
電子政府サービスの概要
市民のための電子政府
デジタル化政策を浸透させる工夫
2　生活のデジタル化
行政手続きのデジタル化
ヘルスケアのデジタル化
キャッシュレス社会
教育のデジタル化
3　オープンデータとコロナ禍の効用
オープンデータの活用
データ・マーケットプレイスの試み
デジタル化がコロナ禍に果たした役割
4　デジタル・デバイドへの対応
5　プライバシーとセキュリティ
北欧の個人情報の考え方
サイバーセキュリティ対策
利便性とセキュリティを両立させるしくみ
北欧人のマインドセット
個人情報保護が拓く新市場 ?
6　人を幸せにするテクノロジーの追求

3章　スマートシティが新しい産業を生みだす
1　グリーンモビリティ
スタートアップが牽引するMaaS
街に広がるサイクルロード
電気自動車の推進：ガチャ
2　クリーンテック
再生可能エネルギーの推進
大気環境の保全
3　ヘルステック
オープンデータ化されるヘルスケア・データ
ヘルスケア・テクノロジー
ヘルスケア・エコシステム
4　フード・イノベーション
新北欧料理を牽引するレストラン
街に食物を栽培する食栽の広がり

4章　スタートアップのエコシステム
1　北欧のスタートアップ・エコシステム
北欧のスタートアップ・エコシステムの特徴
北欧はユニコーン創出工場
ベンチャーキャピタルが支えるスタートアップ
2　北欧のイノベーション支援スキーム
　EUの支援プログラム
　北欧諸国の支援プログラム
　初期段階を支える公的ファンドとエンジェル投資
3　スマートシティ・スタートアップの資金調達
4　日本企業の北欧スタートアップへの投資

5章　ステークホルダーをつなぐハブ
1　産官学民連携のプラットフォーム
北欧の都市をつなぐ
特定の産業の企業をつなぐ
スマートシティのプレイヤーをつなぐ公的機関
2　交流や参画を促す新","建築","jpn","288","46"
"4260036009","9784260036009","ケアするまちのデザイン","山崎亮 著","医学書院","2019-03-28","6年","2200","","","","","","","541","1","医療・介護・福祉が連携し、支援が必要な人々を地域で支える「地域包括ケア」。そこに住民の主体的な支え合いを加えた「地域共生社会」が提唱されている。しかしその実現は各地域に委ねられているのが現状だ。
本書では、地域課題を住民たちが解決する手助けをする「コミュニティデザイン」の第一人者が地域包括ケアの先進地域を訪ね、「地域共生社会をつくるもの」を探る。答えは、ケアとデザインを組み込んだまちづくりにあった！コミュニティデザインの第一人者が、地域包括ケアの先進地域を訪ね、地域共生社会の実現に必要なものを探る。答えはケアとデザインの融合にあった！","医学・歯学・薬学","jpn","210","A5"
"4306046001","9784306046009","人間の街","著:ヤン ゲール,原著:Gehl,Jan,翻訳:理雄, 北原","鹿島出版会","2014-03","11年","3520","","","2829","1","","","","","街の主役は人。私たちが街をつくり、街が私たちをつくる…。人間的スケールの「生き生きした、安全で、持続可能で、健康的な街」を取り戻すには。実践に裏づけられた公共空間デザイン論。","建築","jpn","273","B5"
"4761529369","9784761529369","アムステルダム ボトムアップの実験都市","根津幸子 著","学芸出版社（京都）","2025-07-30","6ヶ月","2970","","","","","","","","","低湿地に暮らすオランダ人は環境意識が高く、フレキシブルな思考力とスピーディな実行力に長けている。2000年代以降、建築家やクリエイター、市民らが始めたサーキュラー・エコノミー、リジェネラティブ・デザインの先進地では、個人のアイデアがどのように人を動かし街を変えているのか。現地建築家が紹介するプロジェクト集。サーキュラー・エコノミー、リジェネラティブ・デザインの先進地。個人のアイデアがどのように街を変えているのか現地建築家が紹介。はじめに

1章　コンパクトで寛容な都市
1 都市の成長をコントロールする
アムステルダムの街の構成
開発が盛んな注目のエリア
都市の骨格をつくる要素
サステナブルな経済を実現する都市
平らでコンパクトな自転車都市

2 低湿な土壌が生んだボトムアップ気質
干拓地単位で支えあうコミュニティ
干拓の歴史が生んだ高い環境意識
住宅不足が起こしたスクウォッタリング（不法占拠）
経済危機で生まれたコレクティブなイニシアティブ

3 多国籍な人種と文化が交錯する街
移民に寛容な街
移民の増加とソーシャルハウスの供給

4 イノベーションが生まれる風土
グレーゾーンを容認する政策デザイン
教育で目指すゴール
議論好きな人々の合意形成の手法
オランダ人の働き方
クリエイティブ産業を積極的に支援
デザインのプロトタイプを重視する見本市

2章　サステナブルなアプローチで注目される開発エリア
1 デ・クーベルとスホーンスヒップ：北部の再開発の起点
未開発で安価なエリアだったアムステルダム・ノールド
デ・クーベル：造船所跡を再開発した循環型社会の実験地区
スホーンスヒップ：ヨーロッパで最もサステナブルな水上居住区
Space&amp;Matterが実践するリビングラボ
〈INTERVIEW〉サシャ・グラデス（Space&amp;Matter共同創設者）

2 NDSM：元造船所をクリエイティブエリアに再生
北部の工業地帯の荒廃から大型都市開発へ
NDSM-Loods：コンテナを積み重ねたアートビレッジ

3 ベルマミーア：若者を呼び込む集合住宅地の再開発
近代建築の理想を体現した巨大な集合住宅群の改善
クライブルク：入居者がDIYでリノベーションする格安の集合住宅
ヘーステルフェルド：コンテナハウスをクリエイティブコミュニティの拠点に

4 マリーナテライン：元海軍基地に展開するリビングラボ
市街地の海軍基地跡をリビングラボとして活用
アムステルダム・シティ・スイム：運河を泳いで行う募金活動

5 街をサステナブルにするスモールプロジェクト
ミミズが廃棄物を分解して堆肥にするオブジェ
住宅街のガーデニング
雑草の使い方を伝える雑草の番人
こうもりの巣を建材に
ゲーム感覚でプラごみを清掃

3章　サーキュラー・エコノミーの実践
1 2050年に向けたサーキュラー・エコノミー戦略
サーキュラー・エコノミーとは
個人、企業、自治体、国、マルチステークホルダーで取り組む
経済成長につながる産業として輸出を視野に
アムステルダム・インスティチュート：行政と大学共創のプラットフォーム

2 サーキュラーな場のデザイン
スタジ","建築","jpn","272","46"
"4761527285","9784761527280","デンマークのスマートシティ","中島健祐 著","学芸出版社（京都）","2019-12-06","6年","2750","","","749","3","701","1","512","2","スマートシティの最前線をデンマーク大使館職員が解説！！

税金が高くても幸福だと実感できる暮らしと持続可能な経済成長を実現するデンマーク。人々の活動が生みだすビッグデータは、デジタル技術と多様な主体のガバナンスにより活用され、社会を最適化し、暮らしをアップデートする。交通、エネルギー、金融、医療、
福祉、教育等のイノベーションを実装する都市づくりの最前線。交通、エネルギー、医療、福祉、教育、金融等のビッグデータの活用で社会はどう変わるのか？　世界一幸福な国デンマークに学ぶはじめに

1章　格差が少ない社会のデザイン
1　格差を生まない北欧型社会システム
2　税金が高くても満足度の高い社会を実現
3　共生と共創の精神
4　課題解決力を伸ばす教育
5　働きやすい環境
6　格差がないからこそ起きること

2章　サステイナブルな都市のデザイン
1　2050 年に再生可能エネルギー100 ％の社会を実現
2　サーキュラーエコノミー（循環型経済）の推進
3　世界有数の自転車都市
4　複合的な価値を生むパブリックデザイン

3章　市民がつくるオープンガバナンス
1　市民が積極的に政治に参加する北欧型民主主義
2　市民生活に溶け込む電子政府
3　高度なサービスを実現するオープンガバメント
4　サムソ島の住民によるガバナンス

4章　クリエイティブ産業のエコシステム
1　デンマーク企業の特徴
2　世界で活躍するクリエイティブなグローバル企業
3　デジタル成長戦略と連携して進展するIT産業
4　スタートアップ企業と支援体制
5　新北欧料理とノマノミクス

5章　デンマークのスマートシティ
1　デンマークのスマートシティの特徴
2　コペンハーゲンのスマートシティ
3　オーフスのスマートシティ
4　オーデンセのスマートシティ

6章　イノベーションを創出するフレームワーク
1　オープンイノベーションが進展する背景
2　トリプルヘリックス（次世代型産官学連携）
3　IPD（知的公共需要）
4　社会課題を解決するイノベーションラボ
5　イノベーションにおけるデザインの戦略的利用
6　社会システムを変えるデザイン

7章　デンマーク×日本でつくる新しい社会システム
1　日本から学んでいたデンマーク
2　デンマークと連携する日本の自治体
3　北欧型システムをローカライズする
4　新たな社会システムの構築

おわりに","建築","jpn","288","46"
"4306072398","9784306072398","ストック型社会への転換","岡本久人 著","鹿島出版会","2006-02-10","20年","2640","","","","","","","","","日本の社会構造をフロー型からストック型に転換するための提言書。新たな社会資本として次世代インフラの資産蓄積、今後の地方に求める資源自立圏、また地球環境と共生する各種の長寿命化技術は何かを詳しく解説。","建築","jpn","186","A5"
"4306052710","9784306052710","アーバニズムのいま (SD選書)","槇文彦 著","鹿島出版会","2020-06-08","5年","2640","","","","","","","","","建築家、アーバンデザイナーである著者＝槇文彦が待望するニューアーバニズムとは何か！ニューアーバニズムの興隆に向け若い世代へ投げかける、自身が実際に見、聞き、討論してきたアーバニズムの過去そして現在。著者の建築家、アーバンデザイナーとしての自己史的な経験を踏まえながら、アーバニズムの過去、現在を振り返る。序章
第1章：アーバニズムの季節
　　　　モダニズム建築との出会い／創生の頃―アーバニズムの季節／アーバニズムの季節を総括する
第2章：アーバニズムのいま
　　　　アーバンデザイン会議‘56、その意味するもの／現在の都市2019／パワーアーキテクトの生態
第3章：私の都市、東京
　　　　私の都市―獲得する心象風景／細粒都市東京とその将来像／《ヒルサイドテラス》とソーシャル・サスティナビリティ／《新国立競技場》その後
第4章：ヒューマニズムの建築
　　　　New Humanismとは何か／アーバニティを豊かにするいくつかの試み／人間の愛情と建築
あとがき","建築","jpn","236","46"
"4041031869","9784041031865","魔女の宅急便 新装版 2 キキと新しい魔法 (角川文庫)","角野栄子 〔著〕","KADOKAWA","2015-06-25","10年","858","","","394","4","","","270","1","宅急便屋も２年目となり、キキの仕事は順調です。
奇妙な病気にかかったカバ、木の歌声、なんと散歩という目に見えないものまで運び、町の人にも温かく迎えられます。
そんなとき、１通の黒い手紙を届けるように頼まれ、もしかしたら運んでいるのは優しい気持ちだけではないかもしれないと悩むキキ。
魔女としての自覚や自信喪失を経て、人の気持ちを思いやり、人生の大切なものに気づいていく、少女の成長を描きます。新装版にて登場！　魔女をやめようか……キキに大問題が立ちはだかって！？１　 キキ、コリコの町に帰る
２　 キキ、カバを運ぶ
３　 キキ、空色のかばんを運ぶ
４　 キキ、森の窓を運ぶ
５　 キキ、シャツを運ぶ
６　 キキ、赤ちゃんの写真を運ぶ
７　 キキ、おしゃれの自分を運ぶ
８　 キキ、黒い手紙を運ぶ
９　 キキ、りんごを運ぶ
10　キキ、さんぽを運ぶ
11　キキ、赤い靴を運ぶ
12　キキ、町の女の子を運ぶ
13　キキ、おいもを運ぶ
14　キキ、運動靴を運ぶ
15　キキ、湯たんぽを運ぶ
16　キキ、種を運ぶ","日本文学小説・物語","jpn","352","A6/文庫"
"4911226196","9784911226193","建築と利他","堀部安嗣 著,中島岳志 著","ミシマ社","2025-05-20","8ヶ月","1980","","","","","","","","","＊＊＊　5/15(木)リアル書店先行発売！　＊＊＊



「いのち」と響き合う「住まい」へ

土、光、風、生き物たち、歴史、記憶…

その土地に「あるもの」が活きる設計は、いかにして可能か。

近代の「建築」を未来に向け更新する、画期的対話。



――本文より――

堀部：

アーキテクチャーを正確に訳せば、「何とか道」ではないか、という話なんです。茶道、華道、柔道、武士道のような。そうなると建築の見え方が変わってくると思うんですね。



中島：

人間の「自力」を自然に押しつける産物になっていってしまっているのが、現在の建築かもしれません。おそらく堀部さんは、その真逆の方向を向いて建築を進めていこうとされる。第１章　土木に宿る救済思想

第２章　パッシブデザインと利他

第３章　住まいの重心を下げる

第４章　建築という「道」

第５章　未来のために建築ができること","日本文学・評論・随筆・その他","jpn","168","46"
"490939494X","9784909394941","味つけはせんでええんです","土井善晴 著","ミシマ社","2023-10-20","2年","1760","","","517","2","589","3","","","「なにもしない」料理が、

地球と私とあなたを救う。



AIの発達、環境危機、経済至上主義…

基準なき時代をどう生きるか？

人間とは、自由とは、幸せとは。

「料理」を入り口に考察した壮大な著！



土井節炸裂、一生ものの雑文集。

『ちゃぶ台』の名物連載、ついに書籍化。



レシピとは人の物語から生まれたお料理のメモ。他人のレシピは他人の人生から生まれたもの。でも本来、料理は自分の人生から生まれてくるものです。それがあなたの料理です。つたなくっても、自信がなくっても、私はいいと思います。「味つけせんでええ」というのは、それを大切にすることだと思っているのです。

一生懸命お料理すればそこにあなたがいるのです。お料理するあなたが、あなたを守ってくれるのです。――「まえがき」より



※扉のカラー写真は初版限定です。増刷以降は写真を変更する予定です。１ 料理という人間らしさ

２ 料理がひとを守ってくれる

３ 偶然を味方にする――「地球と料理」考

４ 味つけはせんでええんです

５ 料理する動物

６ パンドラの箱を開けるな！","日本文学・評論・随筆・その他","jpn","208","B6変"
"4909394575","9784909394576","くらしのアナキズム","松村圭一郎 著","ミシマ社","2021-09-24","4年","1980","","","","","","","919","1","国家は何のためにあるのか？

ほんとうに必要なのか？



「国家なき社会」は絶望ではない。

希望と可能性を孕んでいる。

よりよく生きるきっかけとなる、

〈問い〉と〈技法〉を

人類学の視点からさぐる。



本書でとりあげる「人類学者によるアナキズム論」とは…

・国家がなくても無秩序にならない方法をとる

・常識だと思い込んでいることを、本当にそうなのか？　と問い直す

・身の回りの問題を自分たちで解決するには何が必要かを考える



アナキズム＝無政府主義という捉え方を覆す、画期的論考！



＊＊＊

この本で考える「アナキズム」は達成すべき目標(・・)ではない。むしろ、この無力で無能な国家のもとで、どのように自分たちの手で生活を立てなおし、下から「公共」をつくりなおしていくか。「くらし」と「アナキズム」を結びつけることは、その知恵を手にするための出発点(・・・)だ。（「はじめに」より）



＊＊＊



ミシマ社創業15周年記念企画はじめに　国家と出会う

第一章　人類学とアナキズム

第二章　生活者のアナキズム

第三章　「国家なき社会」の政治リーダー

第四章　市場（いちば）のアナキズム

第五章　アナキストの民主主義論

第六章　自立と共生のメソッド――暮らしに政治と経済をとりもどす

おわりに","日本文学・評論・随筆・その他","jpn","237","46"
"4480430431","9784480430434","ぼくは散歩と雑学がすき (ちくま文庫)","植草甚一 著","筑摩書房","2013-03-06","12年","1320","","","822","1","","","","","","日本文学・評論・随筆・その他","jpn","586","A6/文庫"
"4837930832","9784837930839","散歩が楽しくなる身近な草花のふしぎ (王様文庫)","稲垣栄洋 著","三笠書房","2024-04-26","1年9ヶ月","847","","","551","1","","","","","普段、歩いている道ばたに、こんなにもふしぎで面白い世界が広がっている――
みちくさ研究家として人気の植物学者が贈る、
散歩の途上で出会う草花、街路樹をめぐるエッセイ。

足元の雑草や花の香りから季節の移ろいを感じたり、赤く色づく葉っぱを見て切ない気持ちになったり。
少しだけ目線をそらしてみると、見慣れた景色の中にもさまざまな発見がある。
毎日の散歩が楽しくなる、生命の躍動にあふれたドラマが満載の１冊。

◇「パイオニア（開拓者）」と呼ばれる雑草
◇なぜ雑草は「強そうに見える」のか
◇太宰治、竹久夢二を魅了した外来植物
◇なぜ、夏の花は朝に咲くのか
◇ヒガンバナがぴったりお彼岸に咲くワケ
◇キンモクセイの芳醇な香りは「オスの香り」？
◇ツバキが花びらを散らさず「花ごと落ちる」ワケ
◇葉っぱが赤く色づく「哀切のメカニズム」
◇なぜ、すべての命に限りがあるのか人気植物学者が贈る、散歩の途上で出会う道ばたや土手の雑草、街路樹をめぐるエッセイ。草花の生き方は、こんなにもふしぎで面白い！","生物学","jpn","240","A6/文庫"
"4767817048","9784767817040","世界で一番美しい森への旅","","エクスナレッジ","2013-12","12年","1980","","","1126","1","","","","","父なる神木が静かに見守る濃緑の森、屹立する巨木がつくりだす太古の風景、多様な生物でにぎわう原生の熱帯雨林…。それぞれに豊かな表情を見せる世界中の美しい森たちを、豊富な写真で紹介する。","写真・工芸","jpn","118","B5"
"4806715816","9784806715818","木々は歌う","デヴィッド・ジョージ・ハスケル 著,屋代通子 訳","築地書館","2019-05-16","6年","2970","","","","","","","1404","1","ジョン・バロウズ賞受賞

アマゾンの先住民の森林への深い智慧と森の構成員としての関係性、
イスラエルとパレスチナのオリーブ農家の伝統と改革、
大都市ニューヨークの１本の街路樹から見えてくるコミュニティの姿、
400年前から命をつなぐ日本の盆栽に見る人と自然―――

１本の樹から微生物、鳥、ケモノ、森、人の暮らしへ、
歴史・政治・経済・環境・生態学・進化すべてが相互に関連している。
失われつつある自然界の複雑で創造的な生命のネットワークを、
時空を超えて、緻密で科学的な観察で描き出す。１2本の樹をめぐる微生物、鳥、獣、森、人の暮らし。自然界の複雑で創造的な生命ネットワークを緻密で科学的な観察で描き出す。日本語版への序文―弁当箱の木の葉が象徴するもの
まえがき

Part1

セイボ  Ceibo  地上50メートルの生態系
エクアドル、ティプティニ川周辺
南緯0度38分10・2 西経76度8分39・5

葉の言葉
天空の湖
森の頂の多様性
小さな強者たち
集団に生かされる
森に溶けこむ精霊たち
石油の眠る土地
アマゾンの声

バルサムモミ  Balsam Fir  森は思考する
オンタリオ州北西、カカベカフォールズ
北緯48度23分45・7 西経89度37分17・2

おしゃべりなアメリカコガラたち
鳥の記憶と木が未来にかける夢
世代を超えるバルサムモミの記憶
対話する植物とバクテリア
土のたてる密やかな音
個と集団のあいまいな境界
ネットワーク―生命の根源的な性質
交易―毛皮・金属・木材
ランドサット―北の森の土を知る
針葉と根と微生物と菌、そして人間

サバルヤシ  Sabal Palm  砂浜で生きる
ジョージア州、セント・キャサリンズ島
北緯31度35分40・4 西経81度09分02・2

バリア島のコミュニティ
たゆみなく変わりつづける地
砂という波に乗るサバルヤシ
幹に水を貯めて、数カ月生きる
アカウミガメの古い海岸の記憶
波の泡の筏（いかだ）―海の微生物のコミュニティ
プラスチックを分解する微生物
海面上昇が難民を生む
海辺に生きる賢者となるすべ

トネリコ  Green Ash  倒木をめぐる生物たちの世界
テネシー州、カンバーランド高原、シェイクラグ・ホロー
北緯35度12分52 ・1 西経85度54分29・3

３月―キクイムシ
４月―トチノキ
５月―ミソサザイ
６月―ガラガラヘビ
８月―木の洞
10月―動物たちの通り道
11月―顕微鏡下の生き物たち
12月―ヤスデ
１月―種子のゆりかご
２月―倒木から糧を得る
最初の誕生日
二度目の誕生日

幕間  ミツマタ  Mitsumata  紙と神の記憶
越前市、日本
北緯35度54分24・5 東経136度15分12・0

Part2

ハシバミ  Hazel  中石器時代の人々を養う
スコットランド、サウス・クイーンズフェリー
北緯55度59分27・4 西経3度25分09・3

橋の工事が呼び覚ましたもの
ハシバミが支えた命
木の叫びが鉱夫の命を救う
ハシバミと石炭にかわる炎
関係性を再生する

セコイアとポンデロサマツ  Redwood and Ponderosa Pine  木々をわたる風が太古と現代をつなぐ&lt;b","自然科学総記","jpn","360","B6"
"4777940764","9784777940769","豆皿の本 (エイムック)","","枻出版社","2016-06-28","9年","1078","","","","","269","1","","","小さな中にひとつの世界を表現した豆皿が、近年、急速に人気を集めている。そんな豆皿の魅力や焼物としての知識はもちろんのこと、日常に取り入れられる美しい盛り付け術や、豆皿の使い方、豆皿カタログまで用意。","家事","","128","B5変"
"4416516851","9784416516850","使いやすい台所道具には理由がある","野口英世 著","誠文堂新光社","2016-06-07","9年","1760","","","","","","","335","1","老舗メーカーのロングセラー商品や、今注目の人気の台所道具には、長く支持される理由や人気の理由が必ずある。
手になじむように細部に工夫が凝らされていたり、無駄のないシンプルなデザインだったり、使うことが楽しくなるような遊びごころがあったり、収納しやすさが追求されていたり……。

いろんな道具があれど、使いやすくて手になじむ道具は、なぜか必ず美しいもの。
台所道具こそ、道具の機能美をもっとも実感できるものなのだ。

台所仕事はとても細かい手作業なので、道具のささいな違いが使いやすさを左右する。
素人にはそのささいな違いわからず、買ってみたものの、使いづらくてお蔵入りするという失敗が多い。

この本では、人一倍多くの台所道具を試してきたフードスタイリストが、台所道具の逸品を厳選紹介。
憧れのあの道具がなぜ使いやすいのか、人気のあの商品はどんあ工夫がされているのか、写真と文章でわかりやすく伝える。

その道具の特性を生かした料理を写真とレシピで併せて掲載しているので、道具の使い方が具体的にイメージでき、道具の使い方・生かし方が手にとるようにわかるのも本書の特長。
台所道具好きな人、長く使い続けられる優れた道具を探している人のための本。
数多くの台所道具を試してきたスペシャリストが、使いやすくて手になじむ逸品を厳選紹介。なぜ使いやすいのかをわかりやすく伝える。台所道具;調理道具;調理器具;キッチンツール;台所雑貨;調理家電;道具好き;鍋;包丁;ほうろうバットフライパン・鍋・圧力鍋・蒸し器、ホーローバット・保存容器・ボウルなど、数多くの台所道具を試してきたスペシャリストが、使いやすくて手になじむ逸品を厳選紹介。なぜ使いやすいのかをわかりやすく伝える。","家事","jpn","157","A5"
"4635450627","9784635450621","ベイク！休日が楽しみになる焼き菓子レシピ (料理とお菓子)","Yutaokashi 著","山と渓谷社","2023-02-03","3年","1650","","","","","701","1","","","","家事","jpn","95","B5"
"4062189186","9784062189187","ムーミンマグ物語","講談社 企画・構成,萩原まみ 文","講談社","2014-04-10","11年","2970","","","","","","","","","トーベ・ヤンソンの「ムーミン」と、カイ・フランクの「ティーマ」。どちらも人々の暮らしに深くかかわり、フィンランドを代表する作品として愛されてきました。シンプルなティーマのマグに描かれたムーミンの絵を原作から読み解くことで、原作の面白さや奥深さを知り、マグを使うことがもっと楽しくなります。
マグを手に取り、ぐるりとまわして眺めると広がるムーミンの世界は、片手で持ったときとはまた違う様子を見せてくれるはず。正面向きと後ろ向きのキャラクターたちや、一枚絵の風景など、そこには絵巻物のような世界が広がっています。さあ、あなたのお気に入りのマグを見つけてください！
1990年に発表された初代から、2014年春に発売の最新作まで、もう手に入りにくい貴重なものも含め、65個のムーミンマグを全点ご紹介します。マグに描かれたムーミンを画集のように楽しむ１冊。原作物語と関連する絵の背景もわかる、ファン必携の書！●《キャラクターマグ》　キャラクター別のマグは、ひと目でわかる個性派揃い。好きなキャラクターを選ぶマイマグとしての使い勝手も抜群です。
●《クラシックマグ》　今はもう手に入りにくい初期のマグ。渋めの色みやコミックスそのものの味わいなどが年代を感じさせます。
●《スペシャルマグ》　記念すべき限定マグとシーズンマグ。特別なシーンに、また、季節や気分に応じて、食卓に登場させる楽しさがあります。
●《デザイナー、トーベ・スロッテ》　トーベ・ヤンソンとの思い出からマグ誕生の秘話までを、フィンランドのアトリエで語りおろしていただきました。
●《ムーミンマグの生まれたところ》　ヘルシンキにあるアラビアファクトリーは1873年に創業された由緒ある窯元です。マグ以外のムーミンのテーブルウェアもご紹介します。
●《マグのイラスト出典一覧》　マグに描かれた絵の原作出典をすべて掲載","写真・工芸","jpn","80","A4"
"4767827868","9784767827865","うつわ使いがもっと楽しくなる本。","安野久美子 著","エクスナレッジ","2020-07-18","5年","1540","","","681","1","","","","","より食卓が映える! より料理がおいしく見える!
ファッションのようなすてきなうつわコーディネートがひと目でわかる!
うつわの基礎知識に始まり、どのようなうつわがあるのか、
どのようなうつわを選べばいいのか、どのように組み合わせればいいのか、
どのような料理に使えばいいのか、
そのコツやアイデアを100以上の実例写真を通して紹介します。

●「うつわ選びはもう悩まない。」
豊富な実例写真で、和洋料理を問わないうつわコーデのセオリーをふんだんにお教えします。

●「美しくてスタリッシュ、そしてかわいい。」
伝統的な要素を取り入れた現代的なデザインの「和モダン」のうつわをたくさん紹介。

●「入門者も安心。」
うつわの素材や形、釉薬や装飾の種類、部位の呼び名など基礎知識をていねいに解説。

●「お気に入りの作家を見つけたい。」
大人気作家から、これから「来る」新進気鋭の作家まで。あなた好みの作品がきっと見つかるはず。

【CONTENTS】
◎Chapter 1 うつわのきほん
素材/サイズ/部位の名前/かたち/釉薬/装飾/メンテナンス

◎Chapter 2 うつわ使いのセオリー20
・まずはこれをそろえる。「和食使い」「洋食使い」7つの神器
・ビギナーも安心。「おそろコーデ」なら間違いない。
・はじめの一枚は「オーバルプレート」。
・「高さ」を取り入れ空間を意識する。
・「大きさ」の対比が膳の景色を左右する。
・「白」は表情のあるものを選ぶ。
・「青」には鮮やかな料理や食材を。
・「装飾」は大胆なくらいがちょうどいい。
・「木」や「竹」がぬくもりと品を与える。
・淡い色合いで「春」の訪れを慶ぶ。
・「夏」は涼を呼ぶ素材がうれしい。
などなど…

◎Chapter 3 作家で楽しむうつわ使い
高島大樹/平岡 仁/うつわ うたたね/谷井直人/高田志保/ 藤原 純/安福由美子
はしもとさちえ/額賀円也/松本郁美/su-nao home/原 稔+原 依子

◎Chapter 4 人気インスタグラマーに学ぶ うつわコーデのアイデア","家事","jpn","128","A5"
"4870511983","9784870511989","森の工作図鑑 vol．1 どんぐり・まつぼっくり","岩藤シオイ 著","いかだ社","2006-10","19年","1650","","","","","651","3","","","雑木林や公園などに落ちているいろんな形のどんぐり、まつぼっくりや木の実、小枝を使って、楽しい工作を提案。人形、アクセサリー、コマやマラカスなどのおもちゃ、ツリーやのれんといった飾り物まで多数紹介。","教育","jpn","77","B5"
"4391635690","9784391635690","手しごと、家しごと","内田彩仍 〔著〕","主婦と生活社","2014-04-17","11年","1540","","","","","476","1","","","おしゃれの手しごとや紙の手しごと、ごはん作りの家しごと、きれいにする家しごとなどを紹介。旅のおみやげをかわいく包んだり、季節のお便りにひと手間かけたり、手を動かすことで素敵になるアイデア満載。","家事","jpn","135","B5変"
"447978540X","9784479785408","すっきり暮らすためのもの選びのコツ","柳沢小実 著","大和書房","2021-09-18","4年","1540","","","344","1","","","","","何を選ぶか・選ばないかで暮らしは変わる。もの選びの眼に定評のある著者がすっきり暮らすための日用品を大紹介。はじめに

Part1　ごはんの準備がはかどるもの
Part2　めんどくさくない掃除・洗濯
Part3　くつろぎ時間をつくるもの
Part4　ご機嫌でいられる服たち
Part5　おうちの時間をつくるもの
Part6　毎日のケアを助けるもの

おわりに

","家事","jpn","128","A5"
"4767823145","9784767823140","昔ながらの知恵で暮らしを楽しむ家しごと","山田奈美（薬膳料理家） 著","エクスナレッジ","2017-04-28","8年","1540","","","","","","","","","日本人が古くから受け継いできた漬け物や発酵食品など、季節ごとに仕込んでいく暮らし。また、身近なもの（炭や野草、野菜くずなど）を使った暮らしの?夫…など。自然と切り離された環境で暮らすことの多くなった現代人が、季節や自然を感じながら暮らすための方法として、季節の食べものや、からだをととのえる方法、自然を取り込む暮らしの?夫などが盛り込まれた１冊です。","家事","","144","B5"
"4295201502","9784295201502","私を動かす暮らしの道具","経塚加奈子 著","エムディエヌコーポレーション","2021-06-25","4年","1501","","","","","","","","","","家事","jpn","143","A5"
"4800285879","9784800285874","民藝のある暮らし (TJ MOOK 大人のおしゃれ手帖特別編集)","","宝島社","2018-08-25","7年","1320","","","","","706","2","","","『大人のおしゃれ手帖』世代で素敵な暮らしをしている方々は、漆器や南部鉄瓶、松本のほうきやかごなど、日常にかわいくて使える民芸品を取り入れています。本誌では、丁寧な暮らしに欠かせない日本の伝統工芸品や、実際の暮らしを拝見させてもらいました。巻末にはひと目でわかる! 全国民芸MAPや、いま注目の作り手さん探訪など、民芸の最新情報もいっぱい。","家事","","95","AB変"
"4798159808","9784798159805","暮らしの図鑑 うつわ","監修:コハルアン,監修:misto,監修:うつわ ももふく,監修:暮らしのうつわ 花田,編集:暮らしの図鑑編集部,翻訳:　","翔泳社","2019-05-29","6年","1980","","","1082","2","","","","","お仕着せではない、私らしいモノ・コトの選び方。



「ほんとうに良いものだけを暮らしに取り入れたい」

「日々をより豊かなものにしたい」。

そんな思いを持つ大人の女性に向けた新シリーズ。



第一弾のテーマは毎日の食卓を彩る「うつわ」。



Part1では、うつわをもっと楽しむ方法を、

うつわ屋さんの店主にお聞きしました。

うつわの選び方や盛り付けのコツはもちろん、

小さなものを集める楽しみ、季節ごとのうつわ選び、

インテリアとして楽しむ方法、

日本各地で開催されている手づくり市を巡る「うつわを探す旅」…などなど、

暮らしの中での楽しみ方を、楽しいビジュアルとともに解説。


Part2では、今手に入れたい人気作家さんを

魅力的なうつわとともに55名紹介。

あなたのお気に入りが見つかります。



さらに巻末のPart3では、知っておくと

うつわ選びやギャラリーめぐりがもっと楽しくなる、

覚えておきたい基礎知識をかわいらしいイラストとともに解説。



うつわを通して、もっと自分らしい暮らしを楽しみたいすべての人に送る、

見て楽しくて役に立つ1冊です。



■本書の内容例

●楽しいうつわの選び方

●衣替えをするように素材を楽しむ

●金継をして長く大切に使う

●春夏秋冬うつわの楽しみ方

●小さなものを集めて

●うつわの産地を巡る旅

●楽しもう クラフトマーケット



■本書の構成

Part01 うつわをもっと楽しむ暮らし

　＜選＞うつわを選ぶ

　＜盛＞盛りつける

　＜住＞住まいの中のうつわ

　＜季＞季節を取り入れる

　＜揃＞揃える・集める楽しみ

　＜旅＞うつわを探す旅


Part02 ギャラリーが今、おすすめする作家55名

　陶器・磁器・木工・ガラス・漆器


Part03 うつわ選びが楽しくなる基礎知識

　うつわの大きさ・形・素材・釉薬・景色

　絵付け・装飾技法・歴史・産地

「日々をより豊かなものにしたい」そんな想いを持つ大人の女性に向けた新シリーズ。第一弾のテーマは食卓を彩る「うつわ」です。■うつわをもっと楽しむ暮らし

　うつわを選ぶ

　うつわに盛り付ける

　住まいの中のうつわ

　誰かのためにうつわを選んで贈る

　季節を取り入れる心

　揃えて集める楽しみ

　うつわを探す旅



■ギャラリーが今、おすすめする注目作家55人（その一）

岳中爽果｜高坂千春｜久保田健司｜やのさちこ｜

落合芝地｜奥絢子｜山本領作｜高須健太郎｜

松塚裕子｜伊藤丈浩｜寺村光輔｜阿部慎太朗｜

武曽健一｜土本訓寛・久美子｜冨本大輔｜池本惣一｜

小林裕之・希｜坂田裕昭｜渡邊葵｜矢萩誉大｜

コウノストモヤ｜村上修一｜廣川温｜山下秀樹

横田翔太郎｜宮田竜司｜矢口桂司｜池田大介



■うつわ選びが楽しくなる基礎知識（その一）

　うつわの大きさ

　部位の呼び方

　うつわの形と名前

　うつわの素材

　釉薬とは

　景色とは

　絵付とは

　さまざまな技法

　文様の種類



■ギャラリーが今、おすすめする注目作家55人（その二）

中町いずみ｜松本郁美｜藤崎均｜矢島操｜

余宮隆｜伊藤聡信｜杉本太郎｜日高直子｜

安齋新・厚子｜崔在皓｜山田隆太郎｜岸野寛｜

吉岡将弐｜岩舘隆・巧｜富山孝一｜中山孝志｜

阿部春弥｜稲村真耶｜岡田直人｜増渕篤宥｜

西山芳浩｜生島明水｜宮岡麻衣子｜古賀雄二郎｜

Kazu Oba｜清水なお子｜古川桜



■うつわ選びが楽しくなる基礎知識（その二）

　日本のうつわの歴史

　うつわ豆知識アレコレ



ご協力いただいたギャラリー

お取扱店インデックス

","家事","jpn","230","A5"
"4838754914","9784838754915","心地よく暮らすための、日々の習慣。 (MAGAZINE HOUSE MOOK ＆ Premium特別編集 合本「習慣」BOOK)","","マガジンハウス","2021-07-08","4年","1650","","","","","1002","2","","","本書は『&amp;Premium』2019年6月号「心地よく暮らす人が、習慣にしていること」、
2020年12月号「日常を心地よくする習慣」を再編・増補改訂したものです。  

心地よく暮らすための、日々の習慣。  

アンリ・マティスの習慣。  

大切にしている習慣、教えてください。
 Kazumi、小林夕里子、Kanoco、川上 薫、高山 都、瀬戸かほ、よしいちひろ、Chizu　ほか 

あの人の心地よい生活、一日の決めごと。
山本祐布子、草場妙子、佐藤オオキ 

習慣がつくる、あの人の心地よい一日。 
木原佐知子、minokamo、山井梨沙 

習慣から始まる心地よい仕事術。
草場妙子、阿部由希奈、水野学 

心地よく暮らすために、 
京都の人が守ってきたしきたり。  

心を整える習慣。  

私が、新しく始めた習慣。  

これを手に入れてから、いい習慣が続いています。
原田知世、はな、佐野遊穂、黒木 華、金子夏子、 
光石 研、小池花恵、上白石萌音　ほか  

あの人が、大事にしていた習慣。
ジョージア・オキーフ、沢村貞子、向田邦子、白洲正子、
ダイアナ・ロス、森 茉莉、佐藤初女  

最高の仕事をするために、 
あの人が大切にしていた習慣。
ジャック・マイヨール、伊達公子、山口小夜子、伊丹十三、安西水丸、緒方貞子  

うちのコの不思議な習慣について聞いてみた。  

大自然を生きている、あの動物の習性。  

生活を整える、家事の習慣。 
","諸芸･娯楽","jpn","140","A4変"
"4087466345","9784087466348","日々が大切 (集英社文庫)","大橋歩 著","集英社","2010-11-25","15年","880","","","338","2","313","1","","","家族に仕事に、日々のすべてに愛をこめて
手さげにルームシューズ、お気に入りは長く使う。ベッドシーツの手作りに挑戦。相手に歓迎される贈り物を考える…家事も仕事も犬の散歩も、手間と工夫を惜しまない日常をイラストとエッセイで綴る。


","日本文学・評論・随筆・その他","jpn","224","A6/文庫"
"4062923017","9784062923019","手仕事の日本 (講談社学術文庫)","柳宗悦 〔著〕","講談社","2015-06-10","10年","1320","","","","","","","","","名もなき工人が作る民衆の日用品の美、「民藝」。大正時代半ばから二十年近い歳月をかけて日本各地で手仕事の「用の美」を調査・収集した柳宗悦は、自然と歴史、そして伝統によって生み出される美を探求し続けた。著者がみずからの目で見、選び取った正しい美しさとはなにか。日本文化が世界的に注目される現代、今なお多くの示唆に富む日本民藝案内。民衆の日用品の素朴な美を求めて全国各地を調査・蒐集、自らの目で見、選び取った正しい美しさを持つ手仕事を紹介した日本民藝案内記序
前　書　手仕事の国
第一章　品物の背景
第二章　日本の品物
第三章　品物の性質
後　記","写真・工芸","jpn","256","A6/文庫"
"4596756635","9784596756633","手づくり二十四節気","平野恵理子 著","ハーパーコリンズ・ジャパン","2022-11-30","3年","1760","","","","","","","","","","日本文学・評論・随筆・その他","jpn","160","A5"
"4062133997","9784062133999","ぬりものとゴハン","赤木智子 著","講談社","2006-04-12","19年","1650","","","","","753","1","","","東京モンの夫婦が能登に移住して１８年、日々楽しくて面白いの連続。畑の野菜、手作りの干物、土鍋で炊いた白いゴハン…。漆職人・赤木氏夫人が、ありそうでどこにもない優しい暮らしを綴る。","日本文学・評論・随筆・その他","jpn","189","B6"
"4635580490","9784635580496","ブッシュクラフターズ","見城了 写真・文","山と渓谷社","2023-04-03","2年","2090","","","","","","","","","","諸芸･娯楽","jpn","176","A5"
"4584139946","9784584139943","静かに生きて考える","森博嗣 著","ベストセラーズ","2024-01-17","2年","1870","","","803","3","759","1","556","1","世の中は騒々しく、人々が浮き足立つ時代になってきた。そんなやかましい時代を、静かに生きるにはどうすればいいのか？　人生を幸せに生きるとはどういうことか？ 
作家森博嗣が自身の日常を観察し、思考した極上のエッセィ。「書くこと・作ること・生きること」の本質を綴り、不可解な時代を生き抜くための智恵を指南する。
〈無駄だ、贅沢だ、というのなら、生きていること自体が無駄で贅沢な状況といえるだろう。人間は何故生きているのか、と問われれば、僕は「生きるのが趣味です」と答えるのが適切だと考えている。趣味は無駄で贅沢なものなのだから、辻褄が合っている。〉（第5回「五月が一番夏らしい季節」より）。
他者と競わず戦わず、孤独と自由を楽しむ生き方のヒントに満ちた書です。自分の人生を幸せに生きるとはどういうことか？孤独と自由が人生を変える。作家森博嗣が自身の日常を観察し、思考した極上のエッセィ第1回　やかましい世の中でも静かに生きたい
静かな日常の具体例
いつの間にかやかましい世の中になった 
矛盾を抱えて生きる

第2回　一人で楽しんでいることいろいろ 
ドライブが好き
読書は趣味というよりは日常
ゲームはしなくなった
仕事をきかれたら「無職です」と答える

第3回　もう充分に生きただろう  
今はロスタイムだと認識している
欲しいものはもうほとんどない
ガラクタに囲まれて暮らしている
犬が家族

第4回　のどかさにかまけて 
忙しさの本質について
仕事って、本当に忙しいのか？
自由というのは、本質的に忙しいものだ

第5回　五月が一番夏らしい季節 
常夏の国というのは何が良い？
生きていることが無駄である
誰とも戦わない贅沢

第６回　思いどおりになる楽しさ 
毎日、楽しいことばかりで大変
予測が当たる楽しさ
小さな喜びを感じるためには？
無邪気ではないから美しい？

第7回　単なる移動による幻想 
スキャナとプリンタを買った
部屋の整理をする理由
整理をしても価値の増減はない

第8回　インプット過多の社会 
漫画だって読みますよ
アウトプットをさせない現代
なにもかもがキットやパックになった

第9回　こんなふうに生きようと考えたことはない
影響を受けたものを語りたがる人たち
現在抱えている問題を語る人は少ない
この人の生き方に感銘を受けた、という経験はない

第10回　ジェネラルからスペシャルへのシフト 
ジェネラルなものが衰退する？
みんなと同じが良いという価値観
これからのコミュニケーション
蛇足

第11回　どうでも良い話をしなくては 
何色が好きか問題
綺麗とか美しいとか意識とかも
どうでも良い人間だから

第12回　とにかく頭を下げる文化について 
あなたを責めているのではない
謝ることが問題解決だという勘違い
機嫌を取ることだけに神経をすり減らす人たち

第13回　マスクとワクチンはどちらでも良い 
マスク問題はどちらでも良い
ワクチン問題もどちらでも良い
大勢に訴えようとする理由は？
人に会わない、人と直接話をしない

第14回　中古品と仕掛け品の人生 
材料と部品を工面し工夫する
ジャンクに目を輝かせる少年
ネットオークションでジャンクを買う
仕掛け品の魅力

第15回　完成したとき味わえるものとは 
作ったものが「完成」するのはいつ？
考え抜けば、作らなくても完成？ 
完成とは幻滅を伴うもの
みんな、何を作っているのだろう？ 

第","日本文学・評論・随筆・その他","jpn","312","46"
"4847097963","9784847097966","アートと暮らす日々","奥村くみ 著","ワニブックス","2019-06-17","6年","2750","","","","","","","","","アートのない暮らしには、もう戻れない！　初の著書『日々、センスを磨く暮らし方』も好評な、大人気アートアドバイザー奥村くみの最新刊。今回はより「アート」にフォーカスした1冊です。具体的にアートを取り入れた著者の春夏秋冬、四季の暮らしや、アートと暮らす日々を実際に始められたお客様の暮らしを紹介。アートの飾り方なども丁寧に解説します。
アートを見に行く場合のおすすめの場所や、注目しているアーティストの作品などを、エッセイと写真をからめながら紹介していきます。眺めて、読んで、飾って。アート写真集として、エッセイとして、いく通りにも楽しめる永久保存版の1冊！CONTENTS
Chapter 1　アートと暮らす
春／夏／秋／クリスマス／お正月／冬／部屋別／アートと花／アートとインテリア　ほか
Chapter2　アートを訪ねる
ホテルでアート／旅先で／おすすめ美術館／ギャラリーでアート
Chapter3　アートと出会う
奥村くみがおすすめする10人のアーティスト／アーティストのアトリエ訪問／BOOK &amp; MOVIE","日本文学・評論・随筆・その他","","167","B5"
"4418095020","9784418095025","ベニシアの京都里山暮らし","ベニシア・スタンリ－・スミス 著,梶山正 写真・訳","世界文化社","2009-04","16年","1210","","","","","","","150","4","ハーブを愛するイギリス人女性・ベニシアが綴る、京都大原での手づくりの暮らし。ハーブ、庭、そして大原の人々との温かい交流が満載な、３４のエッセイと２４のメッセージを掲載。","日本文学・評論・随筆・その他","jpn","167","A5"
"4799104721","9784799104729","魔女入門","石田紀佳 著","すばる舎","2016-02","10年","1430","","","","","","","","","季節感のある暮らし、自然のある暮らしを望む人に向けて、七十二候にそった実用的な手仕事のレシピを紹介。梅漬け、野菜の保存…他","民俗・風習","jpn","143","B6"
"479816979X","9784798169798","暮らしの図鑑 木のもの","暮らしの図鑑編集部 編","翔泳社","2021-11-17","4年","1980","","","","","","","","","あなたの暮らしに寄り添う
「木のもの」の選び方・楽しみ方



古くから私たちの暮らしに欠かせない存在である「木」。

木のうつわやカトラリーをはじめ、

無垢材のフローリングや椅子などの家具

木の玩具にアクセサリーなど、

暮らしにぬくもりや楽しみを与えてくれる存在です。



本書では、そんな「木のもの」をテーマに、

暮らしへの取り入れかたや使い方・選び方のコツはもちろん

現代の暮らしにフィットする作品を生み出している木工作家さんや

ブランドの紹介、さらには木材への理解を深める基礎知識を

1冊にまとめました。



■PART01 木とともに暮らす楽しみ

木のものを暮らしに取り入れるコツやアイデアを

フードコーディネーターのタカハシユキさん、

神楽坂のショップ jokogumo店主 小池梨江さん、

木に関する著書を多数お持ちの西川 栄明さん

にお聞きしました。



また、木とともに魅力的な暮らしをされている

方々の暮らしぶりもご紹介しています。

あなたらしい木のある暮らしを探すための

ノウハウが見つかるはず。



■PART02 木工作家・ブランド27

木で作品やアイテムを作られている作家さんや

メーカーさんを厳選してご紹介します。

わたしたちの現代の暮らしにフィットしてくれる

お気に入りが見つかるはずです。



■PART03 木を深く知るための基礎知識

あなたが暮らす空間には木のものはありますか？

それはいったい何の木でしょう？樹木だったときは

どんな姿で、どうやって今の形になったのでしょう？



「木のカトラリーってなんだか好きだな」から一歩進んで

もっと木のことを知りたい方に向けて、木育活動も行う

西川栄明さんに木のことをお聞きしてまとめました。



前半では木材や加工方法の基礎知識を、

後半では国産材・輸入材ごとに、代表的な樹種の解説を盛り込みました。

知ることで、身の回りの木のものが、もっともっと

身近に感じられて愛着がわくはずです。



イラストレーションには、人気イラストレーター

西淑さんをむかえ、かわいく楽しい紙面ができあがりました。

SD私たちの暮らしに欠かせな「木」。本書では暮らしに木のものを取り入れる工夫やアイデア、基礎知識や作家紹介を1冊にまとめた。","写真・工芸","jpn","224","A5"
"462032650X","9784620326504","炉辺の風おと","梨木香歩 著","毎日新聞出版","2020-09-19","5年","1760","1760","1","","","810","1","597","1","八ケ岳の山小屋に籠もり思い巡らす、自然との共生、日常の偉大さ、コロナ後の世界…心身の真芯に響く美しい文章で思索を誘う希有なエッセー。八ケ岳に籠もり思い巡らす、自然との共生、日常の偉大さ、コロナ後の世界…心身の真芯に響く美しい文章で思索を誘う希有なエッセー。","日本文学・評論・随筆・その他","jpn","287","46"
"4903908917","9784903908915","木のみかた (コーヒーと一冊)","三浦豊 著","ミシマ社","2017-03-25","8年","1100","","","","","","","","","街のなかにも「森」がいっぱい！

全国3000箇所以上もの森を歩き続ける「森の案内人」の目を通せば、

街なかの道路、路地に自然があふれているのがわかります。

いまの日本の森の現状や、榎や神樹などこれだけは知っておきたい「木」の見つけ方をお届け。

この本を持って、思わず外へ飛び出したくなる！

街のなかで森を見つける方法、教えます。



○森の案内人がおすすめする　日本全国の「この木、あの森」付き「森の案内人」の目を通せば、街なかの道路、路地に自然が溢れているのがわかる。日本の森の現状や、榎や神樹などこれだけは知っておきたい「木」の見つけ方を紹介。街の中で森を見つける方法を教える１冊。","日本文学・評論・随筆・その他","jpn","92","B6"
"4838730349","9784838730346","くらしのきほん100の実践","松浦弥太郎 著","マガジンハウス","2019-02-14","7年","1650","","","","","356","1","244","1","松浦弥太郎の人気シリーズ最新刊。今回は、あなたのくらしがもっと豊かになる「くらしのきほん100」の実践編。丁寧につづったエッセイと自ら撮った写真でお届け。料理のアイデアを中心に、現代の「生活の知恵」を紹介します。累計18万部のベストセラー
松浦弥太郎のきほんシリーズ最新刊。

どのページを開いても、試してみたくなることばかり。
日常のマナーから、家事のきほん、我が家の定番の味まで、
100の知恵やレシピがずらり。
知らなかったこと、知りたかったことが満載です！

松浦弥太郎による、美しい写真とエッセイでお届けします。


毎日あたらしい、気づきと学びがある。

001　筆まめは福を呼ぶ。
002　迷ったときには自分に質問してみる。
004　旅先で聞いた、目玉焼きの極意。
012　料理とは、ふたつの手を使うこと。
017　好きな花をまず１本、活けてみましょう。
034　スープがなくてもできる、チーズリゾットの作り方。
036　台所道具の手入れには、なんといっても重曹です。
043　食器洗いは、おいしさへの感謝。
044　塩と砂糖としょう油はきちんと選ぶ。　
046　まろやかでやさしい味、秘伝のごま塩。
063　テーブルの拭き方はご存じですか？
068　お盆は大切な行事。おめかしして出かけましょう。
069　箸の作法をきちんとする。食べ方が美しい人に。
070　玄米は100回とぐ。
080　白和え衣は、日本の大切な味。
083　ポーチドエッグを上手に作るコツ。
086　ブロッコリーは小房に分けてから洗う。
097　風邪退治にガーリックスープを。
099　どこの国に行っても、まずはおいしい朝食を探す。

10のジャンル、100のアイデア

＜学び＞
＜家事＞
＜料理の知恵＞
＜料理のテクニック＞
＜きほんの味＞
＜我が家の定番＞
＜あの国のおいしい味＞
＜ドリンク＞
＜スイーツ＞
＜旅＞","日本文学・評論・随筆・その他","jpn","429","B6"
"4990139712","9784990139711","八ケ岳の食卓 (カメブックス)","萩尾エリ子 著","西海出版","2003-08-08","22年","1650","","","935","1","878","1","","","ニンジンと長ネギと麦のスープ、おひさまの作るパン、アンズのドレッシング、秋の魔法のスープなど、八ヶ岳山麓に移り住み２７年になる著者が、２２０編のレシピをイラストとエッセイで楽しく紹介する。","家事","jpn","668","A6/文庫"
"4479308377","9784479308379","おうち時間のつくり方 (だいわ文庫)","柳沢小実 著","大和書房","2020-10-10","5年","814","","","150","1","","","","","おうちでの時間が豊かになれば、日々はもっと心地よくなる。
いまに合わせて、暮らしをもう一度見つめ直してみませんか？
著者の暮らしや愛用品を紹介する１６ページの口絵つき。家での時間が増えている時期だからこそ、おうちをより気持ちよく、 快適に。暮らしのプロである著者が毎日を豊かにする工夫を伝授。はじめに

Part1　変わる暮らしの中で
料理のテコ入れ　家で仕事をするコツ　部屋着こそ、好きなものを
やりくり上手になりたくて　また会いたくなる人　おうち時間のために買ったもの
お昼は麺　買い物と貯金簿　家事スイッチをオフに

Part2　暮らしを支えてくれるもの
買い置き食材　抽出も楽しむガラスポット　シルバーのカトラリー
丸いまな板とベトナムの染付　旅グッズを日常使いする　ダンスコの靴
集めているもの　タオルをバスマットに　オートソープディスペンサー
台湾の調理家電、電鍋　オーダーメイドの本棚　間接照明とLEDキャンドル
手帳ジプシー　ルーズリーフはじめました　とにかく軽いタブレット端末
日常を豊かにしてくれるもの

Part3　おうち時間を豊かに
新・お茶の三種の神器　ガーデニング　お取り寄せとテイクアウト
ウェグナーのソファ　専門店に頼る　お花を生けたい　
ひとり睡眠向上委員会　日本の急須　料理の新規開拓
おうちで運動　お風呂時間　カゴを編む　洗濯機、縦型かドラム式か
旅に出られないときは　アートを飾る

Part4　季節の楽しみ
二十四節気と七十二候　らっきょう漬け　衣替え　梅酒づくり
ノンアルコール派の梅しごと　雨の日の支度　台湾の枝豆料理
暑さとつき合う　ゆるキャンプ　防災の日にやることは　秋の手仕事
シルクに包まれる　秋の休日　冬のクローゼット　大掃除の前準備
年末年始のすごし方　帰省の荷づくり　ひとり忘年会

Part5　毎日の小さな気づき
オーガニックファームの新鮮野菜　ボタンを替えてみる　大人のファッション
街を変えるお店　カルシウム不足　ゴミ出しのこと　白髪とつき合う
お肌をいたわる　登山のご褒美　大人の聴講生生活　関西・お笑いの旅
いちごムース　ドイツからの贈りもの　祖母との思い出　誕生日
コミュニケーション上手

Part6　暮らしの新陳代謝
パーソナルカラー診断　ピンチをチャンスに　健康管理は食事から
ものを適量持つ　家庭経済学を学ぶ　リスクを分散する
書店で本を選ぶということ　これからの自分について考える

おわりに","家事","jpn","189","A6/文庫"
"4594082750","9784594082758","育てて、紡ぐ。暮らしの根っこ","小川糸 著","扶桑社","2019-09-03","6年","1540","","","","","","","","","人気作家・小川 糸さんの
軽やかに心地よく暮らすための
習慣や愛用品を紹介

『食堂かたつむり』や『ツバキ文具店』など数々の著書をもつ、作家の小川糸さん。
その暮らしぶりは、時間に追われたり、ものに支配されたりすることなく、心地よく軽やか。
そこには、小川さんが試行錯誤してたどりついた、ものの選び方や時間の過ごし方、
家事や仕事のルールがあります。
本書では、小川さんの暮らしに対する考え方や日々の習慣、
愛用品を写真入りでたっぷり紹介。
また、拠点を移したドイツでの暮らしや「小川糸」という名前のルーツ、
作品との向き合い方にも迫ります。
毎日を自分らしく、楽しく過ごすヒントがつまった1冊です。

【CONTENTS】
＜心＞　　何事も前倒しでゆとりをもつ／欲望に従順になる／つらいときこそ朗らかに笑
　　　　　う／習い事で心を潤す etc.

＜身体＞　年齢に抗わない／屋内でもブーツを履いて冷え予防／夕方は銭湯で疲れをほぐ
　　　　　す／お茶時間をつくってひと息 etc.

＜住＞　　時間にリズムをつける／家事は無理しない／インテリアは鳥モチーフを選ぶ／
何も買わない日をつくる etc.

＜食＞　　だしや調味料にこだわる／頼りになる常備品を持つ／おいしさは上手に貯金／
十八番のレシピをもつ etc.

＜衣＞　　服の素材や色を決めておく／平日は制服化／アクセサリーは丸モチーフを選ぶetc.

＜人＞　　家族とのつながり／しなかやで強い祖母の生き方／人づき合いはせまく、深く　／返事は曖昧でもいい etc.

＜小川糸さんのルーツ＞　小川糸の名前の由来／作品との向き合い方 etc.



【著者紹介】
小川 糸
1973年生まれ。2008年『食堂かたつむり』（ポプラ社刊）で小説家デビュー。
『喋々喃々』『リボン』(ともにポプラ社刊)、『これだけで、幸せ』（講談社刊）、
『ツバキ文具店』 (幻冬舎刊)など著書多数。
","家事","jpn","159","46"
"4103552514","9784103552512","自由の丘に、小屋をつくる","川内有緒 著","新潮社","2023-10-18","2年","2420","","","","","","","","","「生きる力ってなんだろう？」セルフビルドしながら問い続けた6年間の軌跡。40代で母親になって考えた。「この子に残せるのは、“何かを自分で作り出せる実感”だけかも」。そこから不器用ナンバーワンの著者による小屋作りが始まる。コスパ・タイパはフル度外視。規格外の仲間たちと手を動かすほどに「世界」はみるみるその姿を変えていき……。暮らしと思索が響き合う、軽快ものづくりエッセイ。不器用ナンバーワンの著者が一人娘のためにゼロから小屋をつくる！　あなたの価値観をやさしく揺さぶる、軽快ものづくりエッセイ。","日本文学・評論・随筆・その他","jpn","352","46"
"4916110269","9784916110268","ききがたりときをためる暮らし","津端英子 著,津端修一 著,水野恵美子 聞き手","自然食通信社","2012-09","13年","1980","","","596","1","557","1","400","2","山を削ってできた造成地に丸太小屋を建て、木を植え、土を耕し、自給生活めざして四半世紀。

自分流に、手間暇を楽しみ、ていねいに生きて、ふたり合わせて171歳を迎えた夫婦の懐に飛び込んできた若い取材者との出会い。「平凡なことを、平凡な気持ちで実行しているだけの私たちの暮らしに添って、そっと見守るように（『あとがき』より）」続けられた膨大な録音は、緩やかに流れる大河の一雫にも似た人生の軌跡を照らし出す「ききがたり」へと実を結んだ。

歳月をかけ、春夏秋冬、ふたりに寄り添い撮影した美しい写真を多数掲載。丁寧な取材から掬いとられた言葉は、なつかしい未来との対話のようです。

英子さん語録①とにかく「見守る」「…みんな同じじゃないですもの。一人ひとり、みんな違う。マニュアルなんかないの。畑に育つ野菜も、同じようでも決して同じものはないのね」、②味覚の記憶「孫のはなこさんには、20年以上『食べもの」を送り続けて、このごろやっと、この味が伝えられたかなあって思いますよ」、③ときをためる「35年かけて、食器棚やチェスト、ワードローブ…と、ひとつずつ買いそろえてきたんですよ。…娘たちが嫁ぐときは、これを持たせようと、いつの頃からか二人で決めて」

しゅういちさん語録①自分の家は自分で維持する「庭の木は、小さな苗木から植えました。表土をはぎ取って造成された土地に、もう一度、里山の緑が回復できるのかと実験の意味も込めて」、②気に入ったものはとことんまで「セーターも、50年近く着ているものもあってね。アイルランドの羊毛で編まれたもので、ヨットに乗るときはこれを。海水をかぶったりして酷使していますが、いまだに現役。あたたかいですよ」

1年かけて通い伺ったお二人の話には、小さなキッチンガーデンから次世代に届ける、やさしいメッセージがたっぷり詰まっています。「だんだん美しくなる人生」は決して夢ではありませんプロローグ
土を耕やす
シンプル・イズ・ベスト
すべての暮らしは台所から
大切なこと
あとがき","家事","jpn","217","A5"
"4104163058","9784104163052","ひらがな暦","お－なり由子 絵と文","新潮社","2006-11-15","19年","3300","","","","","652","1","719","1","１日１ページ、３６６日分。季節や日々にふさわしい話題や物語、試したくなる旬のレシピ、行ってみたくなる各地のお祭りや行事、生活が豊かになる知恵。温かいイラスト満載で贈る、日常を慈しむ人の暦の本。","日本文学・評論・随筆・その他","jpn","448","A5"
"4847098560","9784847098567","おたのしみ歳時記","杉浦さやか 著","ワニブックス","2019-11-25","6年","1430","","","562","1","","","375","1","季節ごとの小さな幸せ、家族と楽しむ年中行事。人気イラストレーター・杉浦さやかさんがスケッチする折々の暮らし。野の花でカジュアル生け花、梅シロップ作り、雨の日のおしゃれ、おうちビアガーデン、まんまるお月見会、小さなもようがえ、簡単クリスマスリース作り……凝ったことはできないけれど、ちょっとの工夫で頑張りすぎずに四季を楽しみたい。なんでもない日がちょっと“とくべつ”になる12か月を楽しむ暮らしのアイデア。【COMTENTS】1月　ようこそ、神様／お正月がやってきた2月　節分ナイト／甘く楽しいおくりもの／手前味噌に挑戦3月　たのしい雛まつり／花と誕生日4月　桜のころ／小さな庭5月　こどもの日は銭湯へ／緑のへや／ピクニック日和6月　梅しごとのごほうび／雨の日のおしゃれ7月　旅に出よう／おとなの浴衣8月　ダイエットの季節／暑気払いパーティー9月　気持ちよく眠るには／まんまるお月見会10月　小さなもようがえ／秋を見つけに11月　りんごづくし／ひきはじめが勝負12月　リースを作ろう／クリスマスのおくりものColumn春の手みやげ／秋の手みやげ／飾ること 春夏秋冬／お花レッスン 春夏秋冬　etc.","日本文学・評論・随筆・その他","","127","A5"
"4072969117","9784072969113","安曇野便りの心地いい家しごと (主婦の友生活シリ－ズ)","徳田民子 〔著〕","主婦の友社","2014-07-29","11年","1320","","","","","","","","","安曇野で「おしゃれゆる家事」を実践中の著者。家事が苦手な人でもマネしやすい、頑張り過ぎない＆スタイリッシュな家仕事の極意を、安曇野の豊かな自然とともに紹介。「みせる収納」テクも必見。","家事","jpn","82","B5変"
"434443241X","9784344432413","つぶやき養生 春夏秋冬、12か月の「体にいいこと」 (幻冬舎文庫)","櫻井大典 著","幻冬舎","2022-11-10","3年","781","","","","","240","1","150","2","","日本文学・評論・随筆・その他","jpn","296","A6/文庫"
"4579211286","9784579211289","松本十二か月","伊藤まさこ 著","文化出版局","2011-04","14年","1650","","","412","1","402","1","279","1","アルプスの山々に囲まれた城下町、長野県松本市。著者が松本に住んで５回目の春。旅をしただけではわからない、暮らしてみて初めてわかった、松本の町の魅力を紹介。著者の感性に響くおいしいお店と松本土産を掲載。","家事","jpn","166","A5"
"4877586741","9784877586744","種まきノート","早川ユミ 著","アノニマ・スタジオ","2008-11","17年","1980","","","","","","","","","暮らしに寄り添うものづくり、家族をつなぐごはんづくり。高知の山のてっぺんで地球とつながって生きる布作家・早川ユミが、ものづくりの日々や自給自足を志す生活について綴った、はじめてのエッセイ集。","日本文学・評論・随筆・その他","jpn","265","A5"
"4163916407","9784163916408","軽井沢はじまりの森暮らし。","morinoie 著","文藝春秋","2023-01-30","3年","4400","","","","","","","","","森の住人になるための、55のストーリー。
ーーーーーーーーーーーーーーーー
都会暮らし森暮らし、多拠点居住、テレワーク移住…

感性豊かな人々が実践する「軽井沢の森に暮らす」という、新しい生活スタイルの入門書。

■軽井沢で「森暮らし」をかなえた人たちの住処はこんなところです

三角屋根の小屋、ヘの字型の家、紫の壁の家、谷にせり出す山小屋、
片流れの趣味小屋、鉛筆の小屋、白樺を抱える山荘、斜面に沿う家、
コーナー窓の家、夕陽を浴びる家、大樹に根差す家、走り回れる横長の家、
大きな玄関の小さな家、
オンとオフのある家、プレーリーな平屋、ふた家族の平屋、
浅間の裾野に立つ家、離れとテントのある家、陽だまりの家、
苔庭のある家、モダニズムの家…

軽井沢で「森暮らし」を叶えた人たちの家と人生についての物語を、軽井沢の四季と共に美しい写真と文章で紹介した森暮らしの入門書。","写真・工芸","jpn","398","B5"
"4267023670","9784267023675","荒野の胃袋 (潮文庫)","井上荒野 著","潮出版社","2022-10-20","3年","1210","","","","","","","","","映画『あちらにいる鬼』（2022年11月全国ロードショー）の原作者が紡ぐ、
「おいしいもの」にまつわる50の風景。食卓のおかげで、私たちは「家族」だった──。

2014年９月に刊行された、単行本『荒野の胃袋』の文庫化。
直木賞をはじめ、数多くの文学賞を受賞し、随筆やエッセイ、絵本の翻訳でも高い評価を受ける井上荒野さんは、食べることが大好きで、料理上手でも有名。そんな著者が軽妙な筆致で描き出す、「おいしいもの」にまつわる50のショート・エッセイ。食べ物の記憶にはいつも味や匂いとともに、ステキな情景や思い出もついてくる――。本文に紹介された一品をおいしく作れるレシピを、色鮮やかなカラーイラストとともに収録。巻末には文庫化のための豪華特別対談　角田光代 × 井上荒野「生きること 食べること」を収録?

【本書内容】全５０のテーマ項目を「春」「夏」「秋」「冬」に分けて構成。

?井上家の家訓

春　にぎやかな筍
?今年もお弁当　?にぎやかな筍　?キングオブエビフライ　?フランスうどんの音　?うどん問題、あるいはルーツ　?ステーキバトル　?コンビーフ自分史　?塗りものと二日酔い　?煮干しはえらい　?混ぜごはんの領土問題
?クレッソンとサラドと鰐梨と　?ササミ礼賛

夏　切ない梅酒
?外食考　?大人な茄子　?昔のとうもろこし　?切ない梅酒　?香ばしき魂　?裏通りの冷やし中華　
?ひみつのカニカマ　?「しぼりたて」と「てかてか」　?王女様のチーズサンド　?麦茶、あるいは敬意の問題　
?青春のインスタントラーメン

秋　夜とロシアとコロッケと
?ろくちゃんの茄子　?煮込みの明日　?キングオブ干物　?ケーキを焼く理由　?幻のミートパイ　?ひとり羊　
?夜とロシアとコロッケと　?なんちゃってポルチーニの幸福　?パーフェクトな秋刀魚　?絶滅危惧種の卵　
?男らしさと油揚げ　?じゃがいもをする話  ?母と食べる

冬　おせちを作る理由
?「ごろっとしたごはん」考　?レディとトランプのスパゲッティ　?主婦の昼ごはん ?葱の青いところ　
?孤高の牡蠣ごはん　?干鱈と闘う　?大晦日の鰤かぶら ?悩ましきお雑煮　?黒豆の心　?おせちを作る理由　
?元旦と甘酒　?がり餅と火鉢  ?納豆と想像力　?最後の晩餐食べ物の記憶には味や匂いとともにステキな風景もついてくる。軽妙な筆致で描かれたおいしいものにまつわる50のショートエッセイ。","日本文学・評論・随筆・その他","jpn","171","A6/文庫"
"4635063283","9784635063289","自然をこんなふうに見てごらん 宮澤賢治のことば","澤口たまみ 著","山と渓谷社","2023-02-14","3年","2090","","","2496","1","","","","","","生物学","jpn","203","B6"
"4759820124","9784759820126","「森の演出家」がつなぐ森と人","土屋一昭 著","化学同人","2019-11-13","6年","1760","","","","","","","","","東京・奥多摩の森を中心に活動する「森の演出家」，土屋一昭．自然の中での体験・体感を重視し，参加者に元気を与えるその活動は，ビジネスパーソン，企業経営者，医療関係者，教育関係者など，幅広い人たちの熱い注目を集めている．「森」「人」「食」をキーワードに確立した「五感メソッド」は，森林ガイドとして自然とのふれあいの機会を提供するだけでなく，地方創生アドバイザー，婚活プロデュースなど，多面的な活動へとつながっている．森の良さも怖さも知り尽くしているからこそ実現できる，リアルな自然体験．リピーター続出の舞台裏を大公開．さあ，森へでかけよう！第1章　「東京最後の野生児」と呼ばれて
遊び場は森の中（豊かな恵み／鳥のさえずり／親父の話／黒めだか救出作戦／卵が刻む時間／東京しゃも誕生秘話／いじめっこを撃退／毛鉤づくり／ニワトリとキジの話／恩師とテレビ初出演）
天職に出合うまで（野生児，衰弱する／就職と転職，そして天職）
3.11を経て使命に気付く（古民家を拠点に／テレビと野生児／生き物の飼育と野菜栽培）
野生児，飛行機に乗る（初海外はサンマリノ／ドギマギ中国体験／失敗は無駄にはならない）

第2章　癒やしの森へ，ようこそ
「森の演出家」という仕事（森の演出家の三本柱／地域創生サポート／多摩以外での地域創生事業／企業研修プロデュース／日本の伝統食の継承／古民家での活動／第二の拠点，古民家FURUSATO／赤ちゃん向け「木育」／子ども向け出前授業／テレビ制作協力／挙式プロデュース／鳥になる／プロの釣り師）
「五感メソッド」とは（「五感メソッド」誕生／五感メソッドによる森林ガイド実録〜春の場合〜／「森」はどこにでもある）
都会育ちの子どもたちと森（子どもの五感を育む／保護者の反応／アレルギーと森林）
お疲れの大人たちと森（都会人の休憩地／軽いうつ／ガイド育成事業）
森が人を癒やす理由（癒やしのエビデンス／【コラム】心地よさの科学的証明／医師との連携）
野生児として伝えたいこと（「だれでもの」／希少種の保全／命と触れ合えない時代／危ないものを撤廃しない）

第3章　五感を磨いて日本を元気に
五感メソッドの婚活プロデュース（野生の勘でマッチング／婚活プロデュース事例）
野生児スキルは求められている（自然体験がない人の増加／集まれ！全国の野生児たち）
「森の演出家」として実現したいこと（森の演出家協会５カ年計画／全国に「森プロ」の拠点を／野生児の力で日本を救う）
森 森林 森林ガイド ネイチャーガイド 自然体験 森林医学 森林浴 森林セラピー 五感メソッド 五感六育 東京最後の野生児 森の演出家 地方創生 婚活 鉄腕ダッシュ","日本文学・評論・随筆・その他","jpn","157","A5"
"4634150573","9784634150577","季節を知らせる花","白井明大 文,沙羅 絵","山川出版社（千代田区）","2014-05","11年","1980","","","","","","","","","花を感じ、花を楽しみ、花と親しみながら移ろう季節とともに日々を過ごせたら、なんて素敵なことだろう…。植物にまつわる歌や言いならわしを味わうことで、植物の知恵が愛おしくなる１冊。","諸芸･娯楽","jpn","287","A5"
"4046833610","9784046833617","mitosaya薬草園蒸留所で作る13のこと","江口宏志 著,山本祐布子 著","KADOKAWA","2024-03-18","1年10ヶ月","1870","1870","10","1227","1","1155","1","","","千葉県いすみ鉄道沿いの山ふところ。2017年、長く廃園になっていた「薬草園」に40代の夫婦が移住してきた。
夫は個性派書店「ユトレヒト」の元オーナー、妻はイラストレーターのカップル。
南ドイツで蒸留家の修行をしたとはいえ、まったく畑違いの仕事への転職だ。
二人は「mitosaya薬草園蒸留所」を設立。“自然からの小さな発見を形にする”をモットーに夢中で働く。
楽しいながらも無我夢中の日々のなか、振り返ると約160種の蒸留酒や、季節の恵みを閉じ込めた加工品などをリリースしていた。
本書では６年間にmitosayaで生まれた仕事、家族、居心地、庭、友達、動物、特別なものなどを温かみのある写真とともに紹介する。いつだって、私たちが興味を持って取り組むところに「種」があるのだ。はじめに
１　蒸留酒を造る
２　庭を作る
３　居心地を作る
４　住まいを作る
５　料理を作る
６　仕事、家族、人生を作る
７　お茶を作る
８　動物との暮らしを作る
９　ブーケを作る
10　特別なものを作る
11.　友達を/と作る
12　時間を作る
13　循環を作る","諸芸･娯楽","jpn","144","A5"
"4635330796","9784635330794","八ヶ岳南麓から","上野千鶴子（社会学） 著","山と渓谷社","2023-11-21","2年","1760","","","","","","","621","1","東京⇔山梨。二拠点生活のリアルを綴る
著者初の「山暮らしエッセイ集」待望の書籍化！

四季の景色や草花を楽しむこと、移住者のコミュニティに参加すること、地産の食べ物を存分に味わうこと、虫との闘いや浄化槽故障など想定外のトラブルに翻弄されること、オンラインで仕事をこなすこと、「終の住処」として医療・介護資源を考えること……。
山暮らしを勧める雑誌にはけっして出ていないことまでも語られる、うえのちづこ版「森の生活」24の物語。

わたしのいまのテーマは「大好きな北杜で最期まで」。
それにもちろん「おひとりさまでも」が加わる。
―――本文より■内容
1　コロナ疎開の山暮らしで
2　いつのまにか山梨愛に……冬の明るさを求めて
3　花の季節
4　ガーデニング派と家庭菜園派
5　蛍狩り
6　冷房と暖房
7　上水と下水
8　虫との闘い
9　八ヶ岳鹿事情
10　夏の超簡単クッキング
11　ゴミをどうするか？それが問題だ
12　本に囲まれて
13　移住者のコミュニティ
14　猫の手クラブの人々
15　銀髪のスキー仲間
16　大晦日家族
17　オンライン階級
18　多拠点居住
19　免許証返上はいつ？
20　クルマ道楽
21　中古別荘市場
22　おふたりさまからおひとりさまへ
23　大好きな北杜で最期まで
24　おひとりさまの最期

あとがき","日本文学・評論・随筆・その他","jpn","152","B6"
"4863852681","9784863852686","東京の森のカフェ","棚沢永子 著","書肆侃侃房","2017-07-07","8年","1430","","","270","3","","","","","東京には緑が少ないとよく言われるけれど、そんなことはない。ちょっと目をこらせば身近なところにも自然は意外とたくさんみつけられるに違いない。少し郊外に足をのばして鬱蒼とした森の中を歩き回ったり、またささやかでも緑を大事にしている人たちと話したり。そういう出会いがあったときには本当に嬉しくなる――豊かな自然に彩られた、新しい出会いの物語、36話。改定にあたり、情報を一新しました。目次



旅のはじまり



第１章 森へのいざない

茶房 糸屋／野外テラス 水の音

茶房 むべ

カフェ せせらぎ

よりみち茶屋とおまわり(8刷より)

絶景カフェ ぽっぽ

木古里 COFFEE＆ギャラリー

COFFEE HOUSE らびっと

Tea Room

コンブリオ

森のアトリエ

TAKAO 599 MUSEUM　599 CAFE

十一丁目茶屋

【コラム：森で遊ぶ1  高尾山、ケーブルカーとリフト】



第２章 公園へ行こう

武蔵野茶房 江戸東京たてもの園店

Cafｅ Laguras

茶かわせみ

Bistro un petit pont (8刷より)

曼珠苑

NICO

グリーンカフェ西郷山

Thrush Cafｅ

PARK SIDE CAFE

Cafｅ du li?vre うさぎ館

【コラム：森で遊ぶ2 グリーンアドベンチャーのこと】



第３章 森の隠れ家

NISHI ann cafe

蔦珈琲店

Les Grands Arbres

Cafｅ Felice

ケトルドラム

ENGLISH GARDEN ROSE CAFE

KURUMED COFFEE

【コラム：森で遊ぶ3 真夜中、森の時間】



第４章 文化の森、みんなの森

BUNDAN　COFFEE ＆ BEER

NEZUCAF?

Uni.Cafｅ 125

Musashino はけの森カフェ

史跡の駅 おたカフェ

Clare Home &amp; Garden

旧白洲邸　武相荘



おわりに

地図

索引","旅行","jpn","142","A5"
"4909532986","9784909532985","里山 生命の小宇宙","今森光彦 著","クレヴィス","2023-07-21","2年","3300","","","","","","","","","里山を見つめ続けて半世紀。
　田んぼを中心として、雑木林や小川などが点在し、人と自然が上手に共生している環境を「里山」と言います。滋賀県の琵琶湖湖畔には、古来より続く豊かな「里山」が今も残されています。
　写真家・今森光彦は、琵琶湖をのぞむアトリエを拠点に、琵琶湖湖畔の「里山」に生きる小さな生命たちと、そこに生きる人々の関わりを写真に収め続けてきました。1995年に写真集『里山物語』によって写真家として大きく注目され、木村伊兵衛写真賞を受賞。2000年に今森氏によるNHKスペシャル『映像詩 里山』は、大変な反響を呼びました。同年、初めて撮影監督を務めた記録映画『今森光彦の里山物語』が公開され、高い評価を得ています。その後もNHKと継続的な取材を続け、『映像詩 里山』シリーズとして放映されています。
　本書では、今森光彦氏が長年見つめ続ける地元・滋賀県の「里山での生命の循環」を、春夏秋冬の季節を追いながら、美しい写真と豊かな言葉によって構成します。
これまでの代表的な作品を網羅した里山の決定版写真集。里山を見つめ続けて半世紀。これまでの代表的な作品を網羅した、里山の決定版写真集です。","写真・工芸","jpn","228","B4"
"4829210370","9784829210376","住む、ということー里山のちいさな暮らしー","加賀江広宣 著","婦人之友社","2023-12-07","2年","1760","","","","","","","","","鹿児島県の里山に家族5人で暮らす加賀江広宣さん。
住まいにこめた思い、土地選びから資金計画、自ら設計した天然素材の家づくりのプロセス、
そして日々の暮らしで感じたことをインスタグラムで発信。
「ふだんを一番幸せに」との気持ちが溢れる言葉の数々に、フォロワーは10万人超。
住まいは「便利か不便かではなく、心穏やかでいられるか」が大切だと綴る加賀江さんの、初めての著書がいよいよ1冊に。","家事","jpn","128","A5"
"4651201512","9784651201511","Soil mag． 1 特集：”耕す暮らし”の創りかた。自分らしく紡ぐ、農的暮らしと自給自足のヒント。 (ONE PUBLISHING MOOK ドゥーパ！presents)","","キャンプ","2021-09-30","4年","1100","","","","","","","","","ｷｰﾜｰﾄﾞは「田舎暮らし」「移住」「ﾜｰｹｰｼｮﾝ」「多拠点居住」。日本各地にある「美しい暮らし」を探求し、その実践法を深く、濃く紹介。創刊号の特集は「農業と移住」。自然に囲まれた環境で自ら土地を耕し、作物を育て、収穫し、食べて、暮らす方法を多角的にﾅﾋﾞｹﾞｰﾄ。農業をﾗｲﾌｽﾀｲﾙに採り入れ、豊かな自然に恵まれた土地へ移住を果たした日本各地のﾓﾃﾞﾙｹｰｽや注目の移住ｽﾎﾟｯﾄを多数掲載した、完全保存版「田舎暮らし」のﾊﾞｲﾌﾞﾙ。","諸芸･娯楽","","128","A4変"
"4767827213","9784767827216","小さな平屋。","","エクスナレッジ","2020-02-22","5年","1980","","","1099","2","1034","2","","","近年、「平屋」が注目を浴びています。「自然の近くでゆったり暮らしをしたい」「老後は動線のいい平屋で暮らしたい」そんな思いから、それまで住んでいた利便性の良い都会のマンション暮らしから、あえて郊外や地方で平屋に住まう方が増えています。日常から離れゆっくり進む時間を静けさの中で味わう平屋と、そこに住まう人々の暮らしが感じられる一冊です。本書では、計13件の平屋の事例を掲載。平屋に住むことを決めた経緯や、平屋を建てるうえで大切にしたエピソードなどを紹介します。また、これから平屋を建てようとお考えの方に、快適に暮らせる平屋つくりのコツも紹介。夏涼しく冬暖かく住むための屋根の工夫や、コスト面も紹介します。","家事","","205","A5"
"4838751338","9784838751334","自然と暮らすスタイルブック (マガジンハウスムック)","","マガジンハウス","2016-08-01","9年","1320","","","","","","","","","「Ｃａｓａ　ＢＲＵＴＵＳ」９月号の「自然と暮らす」をベースに、過去の記事を加えて再編集し１冊にまとめます。新規取材も２０ページ程度予定。自然と暮らすスタイルブック

海や山の近くに住まいを持つ。ウィークエンドハウスで自然と戯れる。
最新のアウトドアファニチャーを取り入れて部屋の空気を変える。
自然との暮らし方はさまざまで、それぞれの個性とセンスが光ります。
田舎でも都会でも、自然を感じながら過ごすとびきりライフスタイル集が完成！

●Green’s Farm
SOLSOがプロデュースした新世代ファーム誕生！
●Lifestyles in Nature
自然と暮らすそれぞれのライフスタイル。
●Happy Treehouse
糸井重里／楽しいツリーハウス作り方！
●Interior Products with Nature
自然を感じるインテリアコーディネート。
●Surfer’s House
サーファーの家。
●Picnicooking
野外でわいわいピクニックッキング!
●Edible Garden Manual
食べられる庭を作ろう!
●Designing Outdoor
アウトドアをデザインする会社〈スノーピーク〉。
●Sea Ranch Condominium
&quot;自然と暮らす建築&quot;の原点 シーランチ・コンドミニアム物語。
●Bird Garden
小鳥が集まる庭
●Permaculture
パーマカルチャー入門。
●Itoshima Community
糸島に移住するということ。
and more…「Ｃａｓａ  ＢＲＵＴＵＳ」９月号の「自然と暮らす」をベースに、過去の記事を加えて再編集しまとめた。田舎でも都会でも、自然を感じながら過ごすとびきりライフスタイル集。","諸芸･娯楽","jpn","130","A4変"
"4870356287","9784870356283","The world of neoclassical interiors Artーhouse21","吉村稔男 著","梓書院","2018-06-30","7年","1320","","","","","","","","","ページをめくれば、モデルルームのような素敵なお宅が次から次へと飛び出してくる。そんな、魅力あふれる施工事例集。それぞれ、思い思いのこだわりが詰まっており、紹介されているお宅はどれも個性的。一見、がらくたのように見えるアンティーク家具も、その活かし方次第で、とても魅力的な空間を創造できることがわかる。ありそうでなかった、アンティーク家具専門店ならではの事例集は、まさに業界のバイブルともいえる一冊。Introduction

　ごあいさつ

　アートハウス21のこだわり

　ヨーロッパ直輸入家具専門店・工房

Theory

　アートハウスが考えるインテリアのセオリー

Customer's house&amp;Excellent

　お客様のお宅紹介・エクセレントなアイデア

Renovation

　リフォーム・リノベーション

Information

　ショップのごあんない","建築","jpn","124","B5変"
"4104350036","9784104350032","住宅読本","中村好文 著","新潮社","2004-06-20","21年","4400","","","","","1814","1","","","手ざわり、台所、家具、明かり…。「住宅名人」の建築家が考え抜いた「居心地のいい住まい」のための１２の条件を、約７０点の写真やイラストで解説。住宅を「暮らしの内側から」考えた待望の書。","建築","jpn","128","B5"
"4887062605","9784887062603","デザインの輪郭","深澤直人 著","TOTO出版","2005-12-01","20年","1980","","","842","2","1084","1","810","2","数々のヒット商品を生んだトップデザイナー・深澤直人の初の書き下ろしエッセイ集。デザイナーとしての自身の歩み、学んだことなど、様々な視点を通して「デザインとは」という根本的な問いに答えようとする意欲作。","写真・工芸","jpn","295","B6"
"4894445778","9784894445772","旅のコラージュ","les deux 著","ピエ・ブックス","2007-02","19年","1848","","","","","","","","","北欧や東欧、ロシア文化の影響を受けているエストニア・ラトヴィア・リトアニア。この国々の魅力を、現地で買いつけたかわいい雑貨とともに紹介。素朴で温かな雑貨と暮らしが詰まった１冊。","芸術総記","jpn","112","A5"
"4309761542","9784309761541","図説北欧の建築遺産 (ふくろうの本)","伊藤大介 著","河出書房新社","2010-12","15年","1980","","","","","","","","","ヴァイキング住居、中世の木造教会、ナショナル・ロマンティシズム建築、北欧モダニズムの建築家、アスプルンド、アールト、ヤコブセン…。都市や建築に宿る魅力的な個性。北欧精神の真髄に迫る書。","建築","jpn","151","A5"
"4573601317","9784573601314","日々、機微。 積み重ねた時間がつむぐ“あなたらしい”暮らし","SEKISUI HOUSE life knit design project 著","ハースト婦人画報社","2023-07-31","2年","1760","","","511","1","476","2","336","1","日々、機微。積み重ねた時間がつむぐ ”あなたらしい” 暮らし

自分らしい暮らしってなんだろう。そんな問いから生まれた、
愛着をつむぐ暮らしの手がかりを集めた
書籍「日々、機微。」
他の誰ともちがう、あなたらしい暮らしのヒントを
この本で探してみませんか。


Chapter1 暮らし方は、人の数だけあっていい。

一歩足を踏み込むと感じるその人の、その家族の暮らしぶり。
ひとつとして、同じものはない。そのどれもが、らしさに満ちている。
人の数だけ、いろいろな暮らしがある。


Chapter2 かたちのない暮らしを、かたちづくるもの。

あたりまえに続いていく日常のなかで、自分の暮らしについて考える機会って、
どのくらいあっただろう。ちょっとだけ立ち止まって、
そんな時間をつくってみる。自分がしたい暮らしのかたちは、
どんなだろう。

・「min? perhonen（ミナ ペルホネン）」デザイナー
皆川 明さんによる「生きるを活かす」コラム収録

・「北欧、暮らしの道具店」店長 佐藤 友子さんインタビュー掲載


Chapter３ 自分らしい暮らしの手がかり -日々の中にある、46のヒント-

どんなことでもいい。何に心が動くか。何がうれしいか。
何にこだわりたいか。自分が大切にしていきたいもの、
心地よいと感じるものを、想像してみる。それが、自分らしい暮らしを
始めるきっかけをくれるはず。日々、機微。     積み重ねた時間がつむぐ?あなたらしい“暮らし","建築","jpn","112","B5"
"4344970209","9784344970205","自然素材でつくる50年後も価値ある家","考建研究所 著","幻冬舎メディアコンサルティング","2013-10-31","12年","1320","","","532","1","","","","","木、漆喰、石…。自然素材でつくる家の魅力や、素材特性を美しいビジュアルとイラストで解説。取材を通して、本物志向のライフスタイルについても紹介する。５０年後も価値のある家づくりのノウハウをまとめた１冊。","建築","jpn","119","B5"
"4274224619","9784274224614","ELEMENTS","石川素樹 著","オーム社","2019-11-18","6年","2420","","","","","","","","","5つの建築の断片を通して、設計する前に考えるべきことを凝縮し問いかける。
5つの建築の断片を通して、建築を設計する前に考えるべき大事なことを凝縮し問いかける、エッセイ仕立ての読み物である。
一般の人にとっては、建築が作られる過程で設計者が何を考えているかを知ることができる本であり、学生や設計者にとっては、建築が時間が経てもなお色褪せずに建ち続けることができる方法を考え続けるための入門書である。


世界三大デザイン賞の一つ「iF DESIGN AWARD 2019」（Architecture部門）にてGOLD AWARD受賞、「A’Design Award &amp; Competition 2019（Architecture部門）」にて最優秀のGOLD受賞など、国内外から注目を集める建築家・石川素樹による、初の著書。5つの建築の断片を通して、建築を設計する前に考えるべき大事なことを凝縮し問いかける、エッセイ。","建築","jpn","160","46"
"4391132249","9784391132243","サンクの本","保里享子 著","主婦と生活社","2006-06","19年","2200","","","694","2","650","2","","","北欧の雑貨を中心としたセレクトショップのサンク。そのオーナーの選ぶ、生活雑貨・道具のカタログ。カゴから陶器、作家ものまで、どれも使い勝手がよく、デザイン性の高いものばかり。写真集としても楽しめる１冊。","家事","jpn","111","A4"
"4887063806","9784887063808","藤本壮介建築への思索","藤本壮介 著,瀧口範子 著","TOTO出版","2019-05","6年","1100","","","","","","","","","建築作品集とは異なる藤本壮介の思考をテキストとして、ジャーナリストの瀧口氏のインタビューで藤本壮介氏の素顔に迫る。","建築","","75","B6"
"4761528613","9784761528614","本のある空間採集","政木哲也 著","学芸出版社（京都）","2023-08-07","2年","2750","","","1876","1","","","","","---
書店観察の新しいかたちがここに。
---
永江朗さん推薦！

全国の新刊書店、古書店、私設図書館、ブックカフェ、移動書店など44件を訪ね歩き、空間を実測・図解した一冊。オルタナティブな小拠点に凝縮された、店主の創意工夫、地方や都市の空き家・空きビルなどを利活用した拠点づくりに着目し、本と人とまちが織りなす空間の居心地とスケールに迫る。全国の新刊書店、古書店、私設図書館、ブックカフェ、移動書店など44件を訪ね歩く実測集。オルタナティブな小拠点の居心地に迫るはじめに

○東北・関東甲信越
青森県 まわりみち文庫｜飲み屋小路にひっそりと積まれた木箱書架
新潟県 今時書店｜現役高校生がデザインした書籍との対話空間
宮城県 book cafe 火星の庭｜ひとりでいる人に寄り添う、都市のシェルター的本棚
栃木県 BOOK FOREST 森百貨店｜地元の子どもと世界をつなぐ絵本のブックツリー
群馬県 REBEL BOOKS｜デザイナー店主がつくりあげたブルーグレーのローカル基地
東京都 気流舎｜2間角のシュタイナー建築はカウンターカルチャーの聖地
東京都 Readin’ Writin’ BOOKSTORE｜40㎡の巨大壁面書架を見下ろすまちの奥座敷
東京都 Title｜本が主となった民家の9m書架＆隠れ家カフェ
東京都 COW BOOKS｜ステンレスの内装の中で熟成された古書のある居場所
長野県 栞日｜書物が発するメッセージを拡声させるアップサイクル書架
長野県 遊歴書房｜門前町の一角で時空を超える、世界地図を体現したギャラリー型書架
＊Column1　2時間1本勝負の「実測」

○北陸・東海・近畿
富山県 ひらすま書房｜旧郵便局のタイムレスな空間が引き寄せる古書と人の縁
石川県 オヨヨ書林 新竪町店｜ぼんやりのんびり本を探せる大うなぎの寝床
石川県 石引パブリック｜美大生たちの目を奪う巨大書架のビジュアルブック
静岡県 ひみつの本屋｜私的に本と出会う、元映画館のチケットブース
静岡県 みんなの図書館さんかく｜一箱本棚でつくる駅前商店街の溜まり場
静岡県 フェイヴァリットブックスL｜友だちの家に擬態した本好きの楽園
愛知県 TOUTEN BOOKSTORE｜カフェバーカウンターは奥に伸びる書架への入口
三重県 トンガ坂文庫｜漁村でつくりあげた本のある暮らしとポップな異世界
三重県 USED BOOK BOX｜内法80㎝四方の極小図書館
大阪府 toi books｜都会の5坪空間に光る54のインデックス棚
大阪府 居留守文庫｜増殖しつづける木箱で埋め尽くされた本の迷宮
大阪府 LVDB BOOKS｜長屋を貫く鋼管足場書架と静けさをまとう書物たち
京都府 誠光社｜6枚の袖壁がつくるほどよい没入感
京都府 ba hutte.｜極薄敷地から通りに滲み出す超私的選書空間
奈良県 とほん｜商店街に新風を吹き込む軽やかな角材ストラクチャー
奈良県 人文系私設図書館ルチャ・リブロ｜辺境でこそ出会える1冊が待つ、山中の開架閲覧室
和歌山県 本屋プラグ｜椅子も机も書架になる、自由奔放な居心地
＊Column2　「作図」は孤独な作業

○中国・四国
岡山県 蟲文庫｜美観地区の古民家で交錯する店主の世界と本の世界
岡山県 451BOOKS｜シンボリックな螺旋階段で巡る書架のキューブ
広島県 弐拾dB｜深夜の元医","建築","jpn","192","A5"
"4834003175","9784834003178","あなたのいえわたしのいえ (かがくのとも傑作集 わくわくにんげん)","加古里子 ぶん・え","福音館書店","1972-03","53年","1320","","","","","","","","","「いえって、なあーに？」子どもの質問にうまく答えられますか？　この絵本では、いろいろな要素からなる家の機能を、順を追ってわかりやすく説明していきます。","建築","jpn","24","B5"
"4908406405","9784908406409","沖縄島建築 (味なたてもの探訪)","普久原朝充 監修","トゥーヴァージンズ","2019-12-01","6年","2420","2090","1","","","1751","1","","","第6回沖縄書店大賞〈沖縄部門〉準大賞 受賞！

《味なたてもの探訪》シリーズ第2弾は「沖縄の建築」。

木造建築、コンクリート建築、赤瓦、セメント瓦、琉球、日本、アメリカ－－
多様な文化が混ざり合う沖縄のまちと建築を通して、時代の流れのなかを生きた人びとの暮らしの「記録と記憶」をまとめた一冊。

現存する数少ない戦前の建築から戦後アメリカ文化の影響を受けた建築まで、沖縄の歴史をたどる10軒を取材。
沖縄独特の建築意匠やアイデア、地域の商店などを紹介したコラム、沖縄本島4エリアの見るべき建築を、写真と専門的な解説で紹介したマップなど。普通のガイドブックでは物足りない方にもおすすめです。","建築","jpn","192","A5"
"430607255X","9784306072558","トラヴァース","南泰裕 著","鹿島出版会","2006-12-25","19年","2420","","","","","","","2349","1","都市を把握し、記すことの可能性を求め、動き続けてきた建築家が紡ぐ思考の織物。単位、距離、速度、モデル、東京、湾岸…。臨界点に達した現代都市に絡み合う問題系を、精緻な言葉の連なりで解く横断的論考集。","建築","jpn","218","A5"
"4306041891","9784306041899","数寄屋の思考","石井和紘 著","鹿島出版会","1985-11","40年","3850","","","","","","","","","","建築","jpn","298","B6"
"4306073181","9784306073180","メイキング・ベター・プレイス","著:パッツィ ヒーリー,原名:Healey,Patsy,翻訳:春彦, 後藤,翻訳:佳代, 村上","鹿島出版会","2015-09-16","10年","4180","","","","","","","","","世界各地でこころみられてきた都市計画・まちづくりの軌跡。よい良い場所をより善くつくるための場所の質を問うガバナンスとは……。主要目次
1章　計画プロジェクト
暮らしの中の場所／場所をめぐる政治／進化する計画プロジェクト／計画プロジェクトの視座
2章　場所を理解する
場所を経験する／「よい暮らし」を求めて--場所に生きる人々／場所の地理、場所の質／場所を想像する／より広い世界の中での場所／意志を持った行為としての場所づくり
3章　ガバナンスを理解する
計画的志向を持った場所のガバナンス／政府、市民、場所のガバナンス／ガバナンスのダイナミクスを理解する／市民、政府、ガバナンスの関係／権力の力学とガバナンスのかたち／ガバナンスが生じる「場所」--アリーナ、階層、境界／場所の開発とマネジメント手法／計画プロジェクトを遂行する
4章　近隣住区の変化をかたちづくる
近隣住区の変化に対応する／近隣住区の開発ガイドラインをつくる（バンクーバー、カナダ）／市民社会から始まるまちづくり（神戸、日本）／「街区レベル」における場所のガバナンスに求められる資質
5章　近隣住区の変化をマネジメントする
ミクロレベルのマネジメント／質の高い計画行政サービスの提供（サウス・タインサイド、英国）／非正規居住区の環境改善と革新的な新しいガバナンスの実践（ベスターズ・キャンプ、南アフリカ）／街区レベルにおける日々のガバナンス
6章　巨大開発事業を通じて場所を改変する
都市の場所性を創造する／ファニエル・ホール・マーケットプレイス（ボストン、米国）／バルセロナの水辺空間（バルセロナ、スペイン）／バーミンガム市中心街とブリンドレイプレイス（バーミンガム、英国）／地区を改変する／巨大開発事業の中で公共圏を守る
7章　場所の開発戦略を描く
開発マネジメント、巨大開発事業、場所の開発戦略／一世紀にわたる計画による開発（アムステルダム、オランダ）／計画文化を進化させる政治形態（ポートランド、米国）／場所の開発戦略を描く
8章　計画という仕事
誰が「計画」という仕事を担うのか？／計画の専門性／組織や制度、役割、立場／計画という仕事における実践上の倫理／計画の仕事とガバナンス文化
9章　場所の質を問う
より暮らしやすい、持続可能な場所を求めて／場所を通じた経験から学ぶ／計画プロジェクトの真意を問う／文脈の重要性／意志ある人々の行為が変化を起こす／計画プロジェクトとその使命世界各地でこころみられてきた都市計画・まちづくりの軌跡。よい良い場所をより善くつくるための場所の質を問うガバナンスとは。「場所を理解する」「場所の質を問う」など９章で構成。1章　計画プロジェクト
暮らしの中の場所／場所をめぐる政治／進化する計画プロジェクト／計画プロジェクトの視座
2章　場所を理解する
場所を経験する／「よい暮らし」を求めて--場所に生きる人々／場所の地理、場所の質／場所を想像する／より広い世界の中での場所／意志を持った行為としての場所づくり
3章　ガバナンスを理解する
計画的志向を持った場所のガバナンス／政府、市民、場所のガバナンス／ガバナンスのダイナミクスを理解する／市民、政府、ガバナンスの関係／権力の力学とガバナンスのかたち／ガバナンスが生じる「場所」--アリーナ、階層、境界／場所の開発とマネジメント手法／計画プロジェクトを遂行する
4章　近隣住区の変化をかたちづくる
近隣住区の変化に対応する／近隣住区の開発ガイドラインをつくる（バンクーバー、カナダ）／市民社会から始まるまちづくり（神戸、日本）／「街区レベル」における場所のガバナンスに求められる資質
5章　近隣住区の変化をマネジメントする
ミクロレベルのマネジメント／質の高い計画行政サービスの提供（サウス・タインサイド、英国）／非正規居住区の環境改善と革新的な新しいガバナンスの実践（ベスターズ・キャンプ、南アフリカ）／街区レベルにおける日々のガバナンス
6章　巨大開発事業を通じて場所を改変する
都市の場所性を創造する／ファニエル・ホール・マーケットプレイス（ボストン、米国）／バルセロナの水辺空間（バルセロナ、スペイン）／バーミンガム市中心街とブリンドレイプレイス（バーミンガム、英国）／地区を改変する／巨大開発事業の中で公共圏を守る
7章　場所の開発戦略を描く
開発マネジメント、巨大開発事業、場所の開発戦略／一世紀にわたる計画による開発（アムステルダム、オランダ）／計画文化を進化させる政治形態（ポートランド、米国）／場所の開発戦略を描く
8章　計画という仕事
誰が「計画」という仕事を担うのか？／計画の専門性／組織や制度、役割、立場／計画という仕事における実践上の倫理／計画の仕事とガバナンス文化
9章　場所の質を問う
より暮らしやすい、持続可能な場所を求めて／場所を通じた経験から学ぶ／計画プロジェクトの真意を問う／文脈の重要性／意志ある人々の行為が変化を起こす／計画プロジェクトとその使命","建築","jpn","368","B6"
"4306042960","9784306042964","知られざるフランク・ロイド・ライト","著:エドガー ターフエル,原著:Tafel,Edgar,翻訳:正己, 谷川,翻訳:睦子, 谷川","鹿島出版会","1992-07-01","33年","6270","","","","","","","","","","建築","jpn","225","B5"
"4480874127","9784480874122","建築家は住まいの何を設計しているのか","藤山和久 著","筑摩書房","2022-12-19","3年","1980","","","","","","","","","理想を叶えながら、素人には思いもよらないアイデアを提供することで、暮らしのアベレージをグッとあげる建築家たちを取材した。彼らがつくる快適な住まいとは。理想を叶えながら、思いもよらないアイデアを提供して暮らしのアベレージをあげる建築家たちを取材。彼らがつくる快適な住まいとは。","建築","jpn","240","46"
"4582767273","9784582767278","柳宗理エッセイ (平凡社ライブラリー)","柳宗理 著","平凡社","2011-02","15年","1760","","","","","","","","","プロダクト・デザインの世界的巨匠が88歳で刊行した初の著作選集。自作から民藝にいたる代表的な文章を100点の写真とともに収録。著者のデザイン哲学を凝縮した定番の一冊。プロダクト・デザインの世界的巨匠が８８歳で刊行した初の著作選集。自作から民藝にいたる代表的な文章を１００点の写真とともに収録。著者のデザイン哲学を凝縮した定番の１冊。","日本文学・評論・随筆・その他","jpn","352","A6/文庫"
"4887062281","9784887062283","ルイス・カーンの全住宅","齋藤裕（建築家） 写真・著","TOTO出版","2003-10-20","22年","5170","","","","","","","","","没後３０年を迎える建築のカリスマ、ルイス・カーンの全住宅作品を写真と図面によって紹介。戦後のアメリカを代表する建築家の原点である住宅作品を集成した、世界初、待望の１冊。","建築","jpn","313","B5"
"4334032699","9784334032692","フランク・ロイド・ライトの日本 (光文社新書)","谷川正己 著","光文社","2004-09-20","21年","792","","","","","","","559","1","２０世紀を代表する建築家フランク・ロイド・ライトの設計業績は、母国アメリカ以外では日本が一番多いという。彼は日本に何を求め、何を得たのか。今まで論じられることのなかったライトの素顔に迫る。","建築","jpn","236","B40/新書"
"4808708345","9784808708344","もっと知りたいルネ・ラリック (アート・ビギナーズ・コレクション)","鈴木潔 著","東京美術","2009-05","16年","1980","","","","","","","","","アール・ヌーヴォーからアール・デコへ宝飾とガラス2つのジャンルで両時代に君臨した鬼才の、幻想的美の小宇宙。
日本ではガラス作家としてよく知られているルネ・ラリックは、モダン・ジュエリーの創始者として他の追随を許さない天才ジュエラーでもあった。19世紀末から20世紀初頭にかけてアール・ヌーヴォーの宝飾デザイナーとして一世を風靡したのち、ガラス工芸に転じ、さまざまな技法を駆使した洗練されたフォルムでアール・デコの巨匠にのぼりつめた。
本書は、アール・ヌーヴォーとアール・デコ2つの時代において装飾芸術の第一人者であり続けた希有の作家を三期に分けて紹介。奇抜な発想と精緻な技法が融合した独創的ジュエリーと、小は香水瓶から大は噴水塔のような巨大オブジェまで透過する光の特性をさまざまに生かしたガラスデザイン、両分野の傑作が楽しめる。従来の宝石細工に予想もできなかった変革をもたらしたモダン・ジュエリーの創始者といえるべき芸術家ルネ・ラリック。年代順にその生涯や変遷をたどりながら、作品の魅力と本質に迫る。","写真・工芸","jpn","80","B5"
"4635047482","9784635047487","山の仕事、山の暮らし (ヤマケイ文庫)","高桑信一 著","山と渓谷社","2013-03","12年","1045","","","272","1","","","","","","体育・スポーツ","jpn","381","A6/文庫"
"486385210X","9784863852105","More Better Life","眞木健一 著","書肆侃侃房","2016-02-12","10年","1650","","","328","1","","","","","消費が美徳だった時代では気づかなかった、
使い捨て社会では味わえなかった豊かさを
生活のなかで実感したい。

人々はそろそろ使い捨て社会に飽きてきたかもしれません。早く気づいた人は、めまぐるしく生まれては消える新製品には惑わされなくなってきました。新しいものを追うことをやめ、自分らしく永く使えるモノを選ぶようになってきました。消費＝経済ということは分かっていても、消費＝幸せとはならないことにも気づきはじめました。安価な消費と使い捨てをよしとした時代が長く続いたことで、人々は幸せの価値を見失っていることがあるのではないでしょうか。
消費が美徳だった時代や使い捨て社会では味わえなかった豊かさを、生活のなかで実感したい…。モノづくりの職人たちの心意気が活かされた住まいや、生活の道具、自然食品、四季の情緒などを改めて見直した１冊。","日本文学・評論・随筆・その他","jpn","172","B6"
"406219595X","9784062195959","たのしいムーミン一家 復刻版","ト－ベ・ヤンソン 作・絵,山室静 訳","講談社","2015-07-30","10年","2530","","","","","","","","","漫画家羽海野チカ氏、おすすめの1冊！
　「あなたに良く似た誰かが暮らしている　遠い海と森と谷のお話し」

　長きにわたり、多くの国で愛され続けている、ムーミンの世界。
　ムーミン童話を日本で1964年から出版し続けてきた講談社が、ムーミン出版70周年に復刻する、『たのしいムーミン一家』1965（昭和40）年版！
　1965年に日本で初めて単独の本として出版されたのが、この『たのしいムーミン一家』です。
　一目で世界観が分かる美しい装幀、昔ながらの函入り。
　スナフキンが持っていたのは「よこぶえ」など、当時の表記も再現！
　復刻版ならではのふろくとして、表紙ポストカード、かつて出版されたムーミン童話が一覧となっている「ムーミン童話日本出版50年のあゆみ」も封入。
　少し小型化したので、本棚にも収まりがよくなり、ギフトにも最適です。１９６５年に出版された箱入り『たのしいムーミン一家』が、小さなサイズで復刻！ポストカード、ムーミン童話５０年別冊ふろくつき！","外国文学小説","jpn","282","B6"
"4798701653","9784798701653","空想旅行 ブルーノ・ムナーリのデザイン教本","ブルーノ・ムナーリ 著,阿部雅世 訳","トランスビュー","2018-07-13","7年","1980","","","","","","","","","内なる子どもの目をひらき

手を動かして考えるデザインの本





紙にちらばった21個の点を線で結ぶとしたら？　多様なバリエーションによって物事のさまざまなつなげ方、グループ分け、関連づけの方法を無限に発想する力を鍛える。ムナーリの詩的空想に満ちた、美しい見立ての数々に導かれ、視覚表現によるコミュニケーションの基礎を学ぶ演習帳。



これは、ものごとの様々なつなげ方、まとめ方、関係づけの方法を次から次へと発見する遊びです。――ブルーノ・ムナーリ





*伝説のデザイン教本 「ブロック・ノート・シリーズ」　

ムナーリは、誰にもわかるやさしい言葉と絵を使って、デザインを学ぶための本をたくさん作りました。本書は晩年のムナーリがイタリアのコッライーニ出版の編集室で、新しいデザインの教科書の夢を語りながら、その場で装丁まで仕上げてしまったという伝説の教本BLOCKNOTESseriesの一冊です。内なる子どもの好奇心を全開にしてたくさんの不思議を観察し、空想の力を借りて誰にも見えていなかった真実を発見する。驚きと歓びに満ちたムナーリ流デザインの学び。心ゆくまでご堪能ください。　――　訳者　阿部雅世ムナーリの詩的空想に満ちた美しい見立ての数々に導かれ、視覚表現によるコミュニケーションの基礎を学ぶ。","絵画・彫刻","jpn","126","B6変"
"4845921049","9784845921041","トーベ・ヤンソン人生、芸術、言葉","ボエル・ヴェスティン 著,畑中麻紀 訳,森下圭子 訳","フィルムアート社","2021-10-22","4年","4180","","","2931","1","","","","","大切なことは、いつも同じ。

仕事、愛、そして遊び──



“ムーミン”の原作者であり、画家、イラストレーター、小説家…と多才に活躍した芸術家、トーベ・ヤンソンの決定版評伝が新訳で刊行。

本人とも親交のあった研究者が日記や手紙、草稿など膨大な資料から、その生涯を鮮やかに描き出す。





「私たちのトーベは、きっと偉大な芸術家になると思うんだ。とてつもなく偉大な！」

フィンランドで内戦が勃発していた頃、若き兵士ヴィクトル・ヤンソンは、前線から愛する妻シグネに宛てた手紙にこう記した。



父ヴィクトルの言葉どおり、トーベ・ヤンソンはやがて画家、イラストレーター、漫画家、小説家、そして「ムーミン」を生み出した偉大な芸術家として世界中にその名を知られることになっていく。



10代でイラストレーター、画家としてアーティストのキャリアをスタートさせたトーベは、戦禍の中で青春時代を過ごしている。最初はスノークという名だったムーミンは、そんな状況下で理不尽に対する怒りや自由への希望、表現への夢など、さまざまな想いの中から生まれてきた生きものだった。



「ムーミン」が世界的な人気を獲得したのち、トーベは「ムーミン」とその他の芸術活動のバランスに悩まされるようになる。

義務や責任、人々の期待と自身の想いとのあいだの駆け引きは、次第に苦痛を伴うようになり、その割り切れない気持ちは、生涯トーベを悩ますことになった。



「仕事と愛」はトーベの人生を表す最も重要な言葉だった。

トーベは人生の始まりから終わりまで働き続けた。

そして、最初に描いた絵から最後の本まで、トーベは生涯にわたって新しい芸術表現を追求したのだ。



トーベ・ヤンソン本人から私的な記録を自由に閲覧することを許された唯一の研究者である著者が、その膨大な資料（家族や友人への手紙をはじめ、覚書、草稿、物語、プレゼンテーション用の資料、分類表、キャラクター設定、スケッチ、ドローイング、さまざまなプロジェクトの計画、写真、日記、切り抜き、記事、パンフレット、カタログなど）を丹念に読み解き、トーベ・ヤンソンの豊かでダイナミックな人生を色鮮やかに描く。



家族や自然を愛し、自由を求め続けた芸術家トーベ・ヤンソンの生き様に迫った評伝の決定版。1章　私は働く

2章　家族

3章　芸術家の卵

4章　旅する画家

5章　男たちの戦い

6章　ムーミンの物語と記念碑的絵画

7章　黙示録の時代

8章　ムーミンへの情熱

9章　トロールと人間と

10章　果敢な1950年代

11章　トロール、凍てつく世界に踏み出す

12章　表現への渇望

13章　島と恋に落ちた女

14章　石と物語

15章　谷を夢見て

16章　トーベとの旅

17章　言葉の時代

謝辞

訳者あとがき

トーベ・ヤンソン　略年譜

図版クレジット","外国文学その他","jpn","637","46"
"4582834485","9784582834482","ムナーリのことば","ブル－ノ・ムナ－リ 著,阿部雅世 訳","平凡社","2009-08","16年","1650","","","","","","","","","「本当の意味でのデザイナーはムナーリだけ」といわれる著者が、８５歳の時に膨大な著作の中から後世に残したい言葉を編んだ珠玉の短文集。芸術とデザインの心を子供に伝える１冊。","芸術総記","jpn","111","B6"
"4877587225","9784877587222","モミの木","著:ハンス・クリスチャン アンデルセン,イラスト:アンヌッカ,サンナ,原著:Anderson,Hans Christian,原著:Annukka,Sanna,翻訳:由, 小宮","アノニマ・スタジオ","2013-11","12年","2420","","","","","3995","1","","","童話の王様・アンデルセンの名作『モミの木』に、マリメッコのデザイナーとしても活躍するサンナ・アンヌッカがイラストレーションを描きおろした絵本。クリスマスにぴったりの１冊。","絵画・彫刻","jpn","","B5"
"4908356025","9784908356025","シンプルの正体","ディック・ブルーナ 作","ブルーシープ","2017-04-14","8年","1980","","","","","","","1947","1","2017年2月16日に89年の生涯を閉じたディック・ブルーナ。ベストセラー絵本シリーズ「ミッフィー（うさこちゃん）」の作者としてだけでなく、グラフィックデザイナーとして「ブラック・ベア」シリーズのブックデザインやポスターなど、温かみのある作品を数多く残しました。明快な色や形が魅力の作品は、よく「究極のシンプル」と評されます。本書は、ブルーナが60年にわたって手がけた絵本やブックデザイン約200点を厳選し、従来とは異なる視点で再構成します。美しい図版とともに、色、線、形などの特徴から新たな分類を試み、ブルーナが生み出した「シンプルの正体」を明らかにします。2017年4月から全国巡回する「シンプルの正体　ディック・ブルーナのデザイン」展の公式図録です。「ミッフィー（うさこちゃん）」の作者で、2017年2月に生涯を閉じたディック・ブルーナは、グラフィックデザイナーとしても数多くの名作を残したことでも知られる。かわいらしく温かみのあるグラフィックや絵本のデザイ…はじめに

シンプルな生き方　文・森本俊司

ブルーナのデザイン、ひとつのはじまり



第1章　心をとらえるシンプル　ペーパーバックとポスター

おしゃべりな色

大胆な省略

ユーモラスな線

リズミカルな反復　

第2章　想像力をひきだすシンプル　絵本　

知らせる色

空間をつくる線

空想をうみだす形

動きだす絵

ささやかな幸せをつたえる言葉



インタビュー：シンプルってなんだろう

groovisions

KIGI

中村至男

ミントデザインズ

菊地敦己



ディック・ブルーナ年譜

参考・引用文献","写真・工芸","jpn","351","B6"
"4924938076","9784924938076","ちっちゃなほわほわかぞく","著:マーガレット・ワイズ ブラウン,イラスト:ガース ウィリアムズ,原著:Margaret Wise Brown,原著:Garth Williams,翻訳:谷川 俊太郎","童話館出版","1994-06-10","31年","1320","","","","","","","","","","外国文学小説","jpn","","A5"
"4582838723","9784582838725","ゴフスタイン","M．B．ゴフスタイン 著,柴田こずえ 編","平凡社","2021-05-25","4年","2860","","","","","","","","","多くのクリエーターたちに愛されているアメリカの絵本作家M・B・ゴフスタイン（1940－2017）。インタビューや作品の数々、幼少期の思い出など、素顔を伝える貴重な一冊。クリエーターたちに愛されている絵本作家の魅力を、インタビューや写真、幼少期の記録や絵画等の未発表作品で伝える貴重な一冊。","絵画・彫刻","jpn","127","A5"
"4756246923","9784756246929","北欧の挿絵とおとぎ話の世界","海野弘 解説・監修","パイインターナショナル","2015-09-11","10年","3190","","","","","","","","","アンデルセンもニルスもムーミンもここから生まれた！

金髪のお姫さま、妖精トロール、バイキング…深い森やみずうみ、フィヨルドなど美しい自然に囲まれた北欧で生まれた伝説やおとぎ話と挿絵画家たちを大特集。美しい自然に囲まれて、独自の文化を築き、ゲルマンの伝統が今も根付く北欧の伝説やおとぎ話、挿絵画家を大公開！","絵画・彫刻","jpn","271","B5"
"4052051726","9784052051722","Mou","Naffy 作・絵","Gakken","2020-02-20","5年","2200","","","","","","","","","森の家で病気のおじいさんと暮らす女の子トット。ある冬の夜、突然訪れた不思議な生き物ムー。寒そうに震えるムーをトットは一晩泊めてあげることに。次の日、森の奥へ向かうムーを追いかけて行ったトットは不思議な光景を目にしますが…ある冬の夜、トットの家に突然訪れた不思議な生き物ムー。ムーとともに森の奥へ向かったトットは不思議な光景を目にして…","教育","jpn","56","A4"
"4062209683","9784062209687","ディック・ブルーナのすべて 改訂版","","講談社","2018-02-28","7年","3080","","","","","","","","","時代を超え、世界中で愛され続ける絵本作家ディック・ブルーナの作品づくりの秘密がわかる一冊！
ミッフィー、ボリス、スナッフィー……、ブルーナ絵本の人気者たちが勢揃い。性格、特長、誕生秘話などを分析。秘蔵写真とともにたどる誕生から現在までの足跡。ブルーナ氏の素顔に迫る、本人、夫人、3人の子どもたちの貴重なインタビュー集。母国オランダのブルーナ氏ゆかりの地を紹介。装幀、ポスター、切手、ロゴ……、幅広いブルーナさんの業績をまとめた永久保存版！

〇ディック・ブルーナ〇
1927年、オランダ・ユトレヒト生まれ。 絵本作家・グラフィックデザイナーとして世界的に活躍。 2017年2月にその生涯を閉じるまで、120タイトルを超える絵本を生み出しました。シンプルで親しみやすいブルーナの作品は、世界中の子どもから大人まで幅広く愛されています。時代を超え、世界中で愛され続ける絵本作家ディック・ブルーナの作品づくりの秘密がわかる一冊！約２０年ぶりの大改訂版。","絵画・彫刻","jpn","128","B5変"
"4309290701","9784309290706","ディック・ブルーナ","ブルース・イングマン 著,ラモーナ・レイヒル 著,北川玲 訳","河出書房新社","2020-04-28","5年","1980","","","","","","","","","世界的人気キャラクター“ミッフィー”を生んだディック・ブルーナ。彼の仕事と生涯をイギリスの絵本研究者が丹念にたどる決定版伝記","絵画・彫刻","jpn","112","B5"
"4106021595","9784106021596","ディック・ブルーナのデザイン (とんぼの本)","芸術新潮編集部 編","新潮社","2007-07-25","18年","1540","","","651","2","609","1","","","","絵画・彫刻","jpn","111","A5"
"4062769344","9784062769341","ムーミンパパの思い出 新装版 (講談社文庫)","ト－ベ・ヤンソン 〔著〕,小野寺百合子 訳","講談社","2011-05-13","14年","693","","","","","","","","","みなし子だったムーミンパパが、ムーミンママと出会うまでの大冒険をみずからつづった『思い出の記』。ユーモラスな竜と戦ったり、あらしでたどりついた島でゆかいな王さまと出会ったり、おばけと同居したり、深海にもぐったり……。ムーミンパパの親友である、スニフとスナフキンの父親、ロッドユールとヨクサルも登場。みんなが集うすばらしいラストシーンは、何度も読み直したくなってしまいます！　シリーズ第4作。


みなし子だったムーミンパパが、自由と冒険を求めて海にのりだし、ムーミンママと出会うまでの大冒険の物語。
ユーモラスな竜と戦ったり、あらしでたどりついた島でゆかいな王さまと出会ったり、おばけと同居したり、深海にもぐったり……。
風邪ぎみで、することもなかったムーミンパパが、ママにはげまされて書きつづり、ムーミン一家に話して聞かせた、大傑作の『思い出の記』。
パパの親友であるスニフとスナフキンの父親、ロッドユールとヨクサルも登場。そして、みんなが集うすばらしいラストシーンは、何度も読み直したくなってしまうでしょう。みなし子だったムーミンパパが、ムーミンママと劇的に出会うまで。ムーミンパパ自身が書いて、一家に読んで聞かせた大冒険記！プロローグ
序章
第一章　
いままでは想像もつかないような、わたしの子ども時代と、わたしの一生のうちのさいしょのできごとと、家出をしたあのおそろしい夜のことと、フレドリクソンとの歴史的な出会いについてのべます。
第二章
思い出の記の中に、ロッドユールとヨクサルを登場させ、竜のエドワードを紹介し、海のオーケストラ号とそのユニークな進水式のようすをのべます。
第三章
わたしのさいしょの英雄的行為と、それからそのあと、ニブリングとのショッキングなおそろしい出会いと、わたしの考えをすこしのべます。
第四章
わたしたちの海の旅が、大あらしのために最高潮にたっしたこと。そしてそれば、おどろくようなことでおわったことをのべます。
第五章
わたしの頭のよさをちょっと証明したあとで、ミムラ一家のこと、それから、びっくり大会で、王さまからすばらしい名誉賞をさずけられたことをのべます。
第六章
わたしが、あたらしい村をつくることと、危機をうまくきりぬけることと、恐怖の島のおばけを、おびきだすことをのべます。
第七章
改造された海のオーケストラ号のはなばなしい除幕式と、試験的に深海にもぐったときのことをのべます。
第八章
ロッドユールの結婚式のようすをのべ、劇的なムーミンママとの出会いにもふれて、さいごに、わたしの思い出の記の意味深長なむすびのことばをかきます。
エピローグ
解説……小野寺百合子
ムーミン谷の魅力　３　……冨原眞弓","外国文学小説","jpn","304","A6/文庫"
"4062769409","9784062769402","小さなトロールと大きな洪水 (講談社文庫)","ト－ベ・ヤンソン 〔著〕,冨原眞弓 訳","講談社","2011-09-15","14年","572","","","150","1","","","100","1","本作は、第二次世界大戦直後に小冊子として出版され、長らく絶版だったもの。ムーミンシリーズ８作が完結した21年めに、ようやく本として出版されました。書かれた時期でいえば、シリーズ第１作になります。ムーミンママと、家をさがす旅へ出る、おさないムーミントロールも、ほかの本とは、どことなくちがった印象の挿し絵。スニフがまだ名前をもたず、「小さな生きもの」だったころのお話です。


ムーミンパパはいないけど、もう待っていられない！　冬がくる前に家を建てようと、おさないムーミントロールとママは、おそろしい森や沼をぬけ、荒れ狂う海をわたり、お日さまの光あふれるあたたかい場所をめざします。
仲のよいムーミン一家にこんな過去があったなんて。スニフがまだ、名前をもたず、「小さな生きもの」だったころのお話。

本作『小さなトロールと大きな洪水』は、第二次世界大戦直後の混乱期に小冊子として出版され、長らく絶版となっていたものです。ムーミンシリーズとしてよく知られている８作が完結した21年めの1991年に、ようやく本として出版されました。つまり、書かれた時期でいえば、ムーミン童話シリーズの記念すべき第１作なのです。
そう思ってみれば、画家であったトーベ自身の手になるムーミンの挿し絵もどこか、ほかの本とはちがったものになっています。そんなことも楽しみながら、手にとってみてください。長らく幻だった「ムーミン」シリーズの第１作。序文
おもな登場人物
・ムーミントロール
・ムーミントロールのママ
・チューリッパ
・スニフ
・ニョロニョロ
・赤い髪の少年
・コウノトリ
小さなトロールと大きな洪水
訳者あとがき……冨原眞弓（1999年2月15日　青い鳥文庫版への「訳者あとがき」より）
ムーミン谷の魅力　９　『小さなトロールと大きな洪水』始まりの予感……冨原眞弓","外国文学小説","jpn","128","A6/文庫"
"4065283078","9784065283073","ムーミン谷のしあわせレシピ","トーベ・ヤンソン 絵と引用文,末延弘子 訳","講談社","2022-08-03","3年","2860","","","","","","","","","「気持ちのいいものは、なんだっておなかにもいいのよ」（ムーミンママ）
ムーミン谷のやさしさに包まれた、キャラクターたちにちなんだ楽しいメニューが満載。
名言と美しいさし絵入りで、85の北欧料理レシピをどうぞ！

●著者紹介
トーベ・ヤンソン　絵と引用文
画家・作家。1914年8月9日フィンランドの首都ヘルシンキに生まれる。父は彫刻家、母は画家という芸術一家に育ち、15歳のころには、挿絵画家としての仕事をはじめた。ストックホルムとパリで絵を学び、1948年に出版した『たのしいムーミン一家』が世界中で評判に。国際アンデルセン大賞、フィンランド国家文学賞受賞。おもな作品に「ムーミン童話」シリーズ（全9巻）のほか、『少女ソフィアの夏』『彫刻家の娘』などがある。2001年6月逝去。

末延弘子　訳
東海大学文学部北欧文学科卒業。フィンランド国立タンペレ大学フィンランド文学専攻修士課程修了。白百合女子大学非常勤講師。『清少納言を求めて、フィンランドから京都へ』など、フィンランド現代文学、児童書の訳書多数。2007年度フィンランド政府外国人翻訳家賞受賞。

●主な内容
ムーミンママのロールキャベツ
スナフキンのさすらい煮こみ
ミムラのむすめのびっくりスープ
ムーミンパパ流ヤンソンさんの誘惑
ちびのミイのさかさまこけももケーキ
ムーミン谷の地下室のベリージャム

など。ムーミンママの愛情あふれる北欧料理の数々。あのシーン、このシーンの、すてきで楽しいごちそうがいっぱい！美しい挿絵入り。","家事","jpn","112","A4変"
"4065169003","9784065169001","ムーミン谷の冬 新版 (ムーミン全集)","トーベ・ヤンソン 著,山室静 訳","講談社","2020-02-27","5年","1650","","","","","","","","","見えるものだけが、すべてじゃない。
ムーミントロールは、冬眠中に、たった一人で起きてしまいました。まったく知らない世界が広がっていて、しかもだれひとり心を開いてくれないことに落ち込みますが……？
うつくしい冬の情景、おしゃまさんの含蓄ある言葉、ムーミントロールの心の変化など、名作と評される1冊です。

1964年に翻訳出版されてから、55年もの間愛され続けてきた「ムーミン」の物語。大人気のキャラクター「ムーミン」は、この全集が原典となっており、今なおその魅力は増すばかりです。
この度、今の時代により読みやすくするべく、改訂を行いました。
初めての方も、ムーミンのことなら何でもご存じの方も、楽しんでいただける［新版］として、順次刊行して参ります。
１現代的な表現、言い回しに整え、読みやすく
２クリアなさし絵に全点さしかえ
３原語最終版に基づき、より細部にこだわった表現に
４フィンランド最新刊と共通のカバーデザイン
５四六判ソフトカバーでコンパクトに
こどもから大人も楽しめる、大注目のシリーズです！５０年以上愛されてきた「ムーミン」の原典、待望の改訂版！クリアになったさしえ、読みやすくなった翻訳、おしゃれなカバーが目印！","外国文学小説","jpn","210","46"
"4065148553","9784065148556","ムーミン谷の彗星 新版 (ムーミン全集)","トーベ・ヤンソン 著,下村隆一 訳","講談社","2019-03-29","6年","1650","","","1066","1","1002","2","","","あと4日で、地球滅亡……！?　衝突の危機がせまった彗星を調べるため、ムーミントロールはスニフと共に、天文台へ大冒険。スナフキン、スノークのおじょうさんとの出会いも！

1964年に翻訳出版されてから、55年もの間愛され続けてきた「ムーミン」の物語。大人気のキャラクター「ムーミン」は、この全集が原典となっており、今なおその魅力は増すばかりです。
この度、今の時代により読みやすくするべく、改訂を行いました。
初めての方も、ムーミンのことなら何でもご存じの方も、楽しんでいただける［新版］として、順次刊行して参ります。
１現代的な表現、言い回しに整え、読みやすく
２クリアなさし絵に全点さしかえ
３原語最終版に基づき、より細部にこだわった表現に
４フィンランド最新刊と共通のカバーデザイン
５四六判ソフトカバーでコンパクトに
こどもから大人も楽しめる、大注目のシリーズです！５０年以上愛されてきた「ムーミン」の原典、待望の改訂版！クリアになったさしえ、読みやすくなった翻訳、おしゃれなカバーが目印！　","外国文学小説","jpn","226","B6"
"4309206581","9784309206585","ムーミンの生みの親、トーベ・ヤンソン","トゥ－ラ・カルヤライネン 著,タカコ・セルボ 訳,五十嵐淳 訳","河出書房新社","2014-09","11年","4180","","","","","","","","","「働け、そして愛せ」がモットーだった、世界一美しい線を描く稀代の芸術家、トーベ・ヤンソン。知られざる側面を描く初の評伝。","外国文学その他","jpn","372","A5"
"4065178649","9784065178645","スナフキンのことば (ムーミン谷の名言シリーズ)","著:トーベ・ヤンソン","講談社","2020-10-14","5年","1650","","","","","","","","","「なんでも自分のものにして、

　持って帰ろうとすると、

　むずかしくなっちゃうんだよ。

　ぼくは見るだけにしてるんだ。

　そして立ち去るときには、

　頭の中へしまっておく。

　ぼくはそれで、

　かばんを持ち歩くよりも、

　ずっとたのしいね」

　（『ムーミン谷の彗星』より）


1964年に日本に紹介されてから、ずっと愛され続けてきた、ムーミンたちの物語。

人気のひみつは、個性豊かなキャラクターたちが、自由に、自分らしく生きる姿にあります。

なかでも、スナフキンは、その生き方や行動が大人気！

ムーミン小説９冊のうち、８冊から、スナフキンの数々の名言を抜き出して、美しいヤンソンの絵と共に、ぎゅっとまとめました。

スナフキンが大好きなあなたはもちろん、毎日の生活にもっと自由になるヒントが読みたいあなたにもおすすめします。

プレゼントにもぴったりな、ちょっと特別な１冊です。

そして、気に入った名言が見つかったら、ぜひその場面が出てくる小説を読んでみてください。もっともっと、ムーミン谷が身近になります。


＊オールカラー
＊ハードカバー　58ページ
＊左右173ミリ×天地195ミリ


ムーミン谷の知恵がいっぱいつまった名言集シリーズ。スナフキンから学ぶ、人生の大切なこと。プレゼントにもぴったりな美しい本","外国文学その他","jpn","60","B5"
"4798173150","9784798173153","暮らしの図鑑 庭の楽しみ","","翔泳社","2022-03-09","3年","1980","","","","","","","","","&lt;p&gt;お家で自然と触れ合える
庭という楽しみ&lt;/p&gt;&lt;p&gt;自宅にこもりがちな日々で、グリーンや花など、
自然とともに暮らしたいと考える人が増えています。
観葉植物を新しく買ったり、キャンプやグランピングを
新しい趣味にしたという方もいるでしょう。&lt;/p&gt;&lt;p&gt;本書は、自宅の庭やちょっとしたスペース、ベランダやバルコニーを使って、
自然を感じるための工夫やアイデアを集めた1冊です。&lt;/p&gt;&lt;p&gt;PART01では、庭作りの工夫やアイデアについて、
植物屋さんであるAYANAS境野さん、お花の苗を多数扱う
園芸店チップ・マリーさんに伺いました。
またすでに素敵な庭を持っている方の事例も多数掲載。&lt;/p&gt;&lt;p&gt;登場するのは…
●くつろげるガーデンリビング、アウトドアリビングとしての庭
●アウトドアギアを並べて楽しむ庭キャン
●たくさんのグリーンや花々に囲まれた庭
●田舎へ移住して作った理想の庭
●BBQも楽しめる庭付き賃貸
●近隣の人に開かれたみんなが集う庭
●収穫したもので料理や保存食作りを楽しめる庭やベランダガーデニング
●すてきにしつらえたベランダやバルコニー
●寒冷地や海沿いの庭
…などなど。&lt;/p&gt;&lt;p&gt;きっとあなたにピッタリの「庭の楽しみ方」が見つかるはずです。&lt;/p&gt;&lt;p&gt;PART02では、AYANASさんとチップ・マリーさんが
今オススメする庭木や草花に加え、アウトドアチェアやタープといった
庭用のアイテムをアラタ・クールハンドさんの素敵なイラストでご紹介。
モノ選びの参考にしてみてください。

PART03では、土作りや剪定など、最低限知っておきたい園芸の基礎知識を
わかりやすくまとめました。&lt;/p&gt;&lt;p&gt;庭作りをすでに楽しんでいる人も、春夏に向けてこれからという人も。
自然とともにある暮らしを求めるすべての人に楽しんでもらえる1冊です。&lt;/p&gt;コロナ禍で自然とともに暮らしたいと考える人が増えています。本書は庭作りの工夫やアイデア、事例、基礎知識を1冊にまとめました。","家事","jpn","240","A5"
"4391151898","9784391151893","農家の台所から","Farmer’s KEIKO 著","主婦と生活社","2018-10-05","7年","1540","","","416","2","386","1","","","大人気料理ブロガーの著者による料理エッセイ。農家だから知っている野菜の選び方、調理法、保存法ｅｔｃ…。野菜の美味しさに目覚めて、夫婦で脱サラ、専業農家に転身――。
大人気料理ブロガーが綴る農家暮らしのエッセイと野菜のレシピ。

畑と台所は私の実験室。
どうしたら甘くみずみずしく育つんだろう？　どうしたらおいしく食べられるんだろう？
とことん野菜をおいしく食べたくて、畑と台所で日々試行錯誤。
親が子どものことをよく見ているように、誰よりも野菜のことを知っている農家だからわかる野菜の食べ方、調理法。
おいしく、手早く、簡単に！　
農作業でクタクタに疲れた時でもすぐ作れて、疲労回復に役立つおかず、
驚きのかんたん調理で野菜のうまみを最大に引き出すシンプルレシピetc.
農家になって知った知識、農家になって編み出した知恵、農家になって得た幸せを1冊にまとめて、農家の台所からお届けします。

農業と野菜、自然とともに暮らす楽しみ
農家の1日　毎日ごはん
春・夏の野菜おかず
秋・冬の野菜おかず
切り方ゆで方でおいしさが変わる調理法
野菜ダメにせず使い切るための保存法
おいしい野菜の見分け方
農家のひとりごと
愛しのごんぼさんFarmer's KEIKO;農家の台所;レシピ;クックパッド;レシピブログ;ブログランキング;野菜;簡単レシピ;時短;料理;農家;ブロガー","諸芸･娯楽","jpn","159","A5"
"491611048X","9784916110480","みらいのからだのーと 増補改訂版","早川ユミ 著","自然食通信社","2022-09-22","3年","1980","","","","","","","","","からだは自然からのおくりもの

土を耕し、種をまき、その土地で採れたものを活かしきる。畑の野菜を育てるように、草木染めした布を一針一針ちくちくするように、身体をいたわり手当てする。そんな暮らしを実践してきた著者が、様々なからだの不調に悩む現代人に伝える、自助のちからを信頼し“からだを取り戻す”ためのレッスン。著者自身が描いた、ページからはみ出しそうなおおらかで大胆なイラストも魅力。

好評ロングセラー「からだのーと」を増補改訂。２１項目追加、２４ページ増。“土を耕す”生き方を実践する著者が、からだの不調に悩む現代人に贈る“からだを取り戻す”ためのレッスン。ロングセラーを増補改訂■からだがいちばんと おしえてくれた（今回増補した章）

種まきしようと言う アシリレラ / ちいさな自給自足―コロナ禍で / 山岳少数民族のように生きる / 旅と健康―旅をするから、歩く / マスクを外して鼻呼吸する / 新しい家族を生きる / テルミー温熱療法とお灸のお手当 / からだをいきいきと生きるためのフェミニズム / 国って何？ アナキズムのくらし / からだもたべもの オーガニックなくらし / 「わたし」から「わたしたち」へ

■呼吸レッスン 　

呼吸のレッスン丹田呼吸レッスンてなに？ / まいにちの丹田呼吸レッスン / からだのポンプ-横隔膜 / おなかのなかの太陽…

■気のレッスン 

気をあつめるレッスン / 気をぐるぐるまわすレッスン / まいあさの老子法レッスン / 仙道の教え…

■からだのイメージレッスン 

からだのうちがわをみつめるレッスン / 太陽とつながるレッスン / 月とつながるレッスン / 土とつながるレッスン…

■こころのレッスン 

ティク・ナット・ハンの呼吸レッスンとほほえむ瞑想 / 九つのあなのみがきかた こんろん法レッスン / 白隠禅師のナンソの法…

■冷えとりレッスン 

おふろのしあわせ、半身浴のしかた / 冷えとり衣服生活 / ごはんであたためる…

■イトオテルミー療法のレッスン 　

子育てとテルミー / からだの症状とテルミー / ひふはだいじ…

■からだのお手当て 

生理のお手当て / からだのお手当て、よもぎ、しょうが、里いも / わたしのごはんつくり…

■からだを巡る旅 

バオバブの木に会いにゆく 旅という元気、転地療法 / 日本みつばちを飼う、みつばち療法 / スリランカのアーユルヴェーダ治療 / 宮沢賢治のあんぷく / うまれること看とること","家事","jpn","168","B5変"
"4794200129","9784794200129","地球の上に生きる","アリシア・ベイ・ロ－レル 著,深町真理子 訳","草思社","1991-02","35年","2750","","","","","","","1043","1","工業製品に頼らず、自分の手でものを作り、大地のリズムに従った生活をするための手引き。
農作業、料理、１人でするお産など、全頁イラスト入り、書き文字の本。

この本は、生活費をかせぐために　せっせと机で事務をとったりするより、
森で木を切っていたいというひとのために書きました。
工場で生産される消費物資になるべく頼らないようにすれば、
わたしたちは静かな暮らしができるはずです。
体には活力がみなぎってくるでしょう。
大地のリズムにしたがって生活することののびやかさもわかってくるでしょう。
おたがいに傷つけあうこともなくなります。
アリシア・ベイ＝ローレル","芸術総記","jpn","216","B5"
"4418155074","9784418155071","今森光彦の心地いい里山暮らし12か月","今森光彦 著","世界文化社","2015-04","10年","2200","","","","","","","","","里山を再現したい…。著者が２０数年かけて自らの手で作り上げた里山とそこでの暮らしぶりを初公開。自然と共存する心地いいライフスタイルを紹介する。里山の生き物１３４種についても独自に解説する。","日本文学・評論・随筆・その他","jpn","160","B5"
"4763807404","9784763807403","季節を家につれてくる","森下美津子 著","京都新聞出版センター","2021-01-29","5年","1980","","","","","","","","","","家事","","168","46"
"4620327891","9784620327891","歌わないキビタキ","梨木香歩 著","毎日新聞出版","2023-09-26","2年","1980","","","","","1283","1","","","山小屋暮らしや動植物との出会い、壮大な生命の連なりと営みに、心ふるえるエッセイ集。サンデー毎日連載を中心に収録。","日本文学・評論・随筆・その他","jpn","296","46"
"4766132149","9784766132144","ワイルドサイド","編集:GESTALTEN,翻訳:樋田 まほ","グラフィック社","2019-12-09","6年","3190","","","","","","","","","キノコ狩りの達人や野生食材の採集者、野生の植物から香りを抽出する名人など、自然のリズムに寄り添い、環境と調和しながら自由に生きる人々の物語。
街を出て喧騒から逃れ、大自然の中で自分を取り戻したくなる一冊。街を出て、森の中へ。大自然の中で生き方を再発見！","諸芸･娯楽","jpn","256","B5変"
"4883807959","9784883807956","自然派のんびりライフ","佐光紀子 著","晋遊舎","2008-07","17年","1320","","","","","","","","","緑のカーテン、お手製乾物、手作りダスター、ポンポンたわし、せっけんシャンプーなど、人にもやさしく、お財布にもやさしく、地球にもやさしい暮らしの知恵４５を収録。家庭で始められる温暖化対策がここに。","家事","jpn","111","A5"
"4877588272","9784877588274","サステイナブルに暮らしたい","服部雄一郎 著,服部麻子 著","アノニマ・スタジオ","2021-12-02","4年","1760","","","496","2","","","460","1","『ゼロ・ウェイスト・ホーム』訳者による、持続可能な暮らしのノウハウや生き方を綴ったエッセイ＆生活実用書。ゴミ、プラスチック問題に精通しているからこその、無理なく楽しく取り組む方法やアイデアが満載。それぞれの暮らしに合ったヒントが見つかります。『ゼロ・ウェイスト・ホーム』訳者による、持続可能な暮らしのノウハウや生き方を綴ったエッセイ＆生活実用書。はじめに
サステイナブルにまつわるキーワード
家族年表
1章　食のこと
2章　台所まわりの工夫
3章　家事もなるべく循環
4章　持つ・買う・もらう
5章　お菓子とお茶とギフト
6章　なりわいについて（仕事とお金）
7章　体と心と身だしなみ
8章　子育てをたのしむ方法
9章　生き方・暮らしのポリシー
＊各章に「暮らし方のチェックリスト」を掲載
おわりに","日本文学・評論・随筆・その他","jpn","232","46"
"4763807714","9784763807717","草木の聲","志村ふくみ 詞,志村昌司 文,田口葉子 写真","京都新聞出版センター","2022-11-10","3年","2970","","","1765","1","","","","","","写真・工芸","","189","B5"
"4865461531","9784865461534","無肥料栽培を実現する本","岡本よりたか 著","マガジンランド","2017-04-24","8年","1528","","","2538","1","","","1129","1","2011年3月11日の原発事故以来、食の安全に気づく人たちがとても増えています。他人任せの食材では、本当の安全は手にできないと考え、自ら野菜を栽培するという意識に目覚めています。岡本よりたか氏が無肥料栽培セミナーを開始してから3年の間に、栽培法を知りたいと全国からひっきりなしにオファーが届き、北は北海道、南は沖縄まで飛んで、年間100回近くのセミナーを開催しています。受講者の数は、延べで年間3000人。フェイスブックのフォロワーは2万人を超えるほど注目を集めています。無肥料栽培セミナーではテキストを配布していますが、そのテキストだけでも手に入れたいと多くの方がら連絡をいただいており、岡本よりたか氏独自の確立された無肥料栽培テクニックは、体系化し、多くの人に届けるべきという声があります。そこで、このセミナーの内容を書籍化が実現しました。","家事","","192","B6"
"4309293425","9784309293424","ハーモニック・ライフスタイル 今を生きやすくする、自然と調和した暮らし方","河名秀郎 著,河名結以 著","河出書房新社","2023-10-26","2年","1650","","","440","1","","","","","自然であること。そして自然に順応して生きていくこと。自然栽培の第一人者である父とその娘による、新しい生き方を提案する１冊。","家事","jpn","224","46"
"4809413454","9784809413452","自然栽培 vol．4（2015 Autumn） 生きるために、いま知っておきたいタネの秘密","『自然栽培』編集部 編,木村秋則 監修","順文社","2015-09-03","10年","1320","","","","","","","588","1","世界から注目を集めるニッポンの農業のなかでも、いま最も話題にのぼる「肥料、農薬を使わないで作物を育てる栽培＝自然栽培」を紹介するエンターテインメントBOOK。","日本文学・評論・随筆・その他","jpn","116","B5"
"4393741412","9784393741412","自然農法わら一本の革命 新版","福岡正信 著","春秋社（千代田区）","2004-08","21年","1320","","","822","1","771","1","","","田も耕さず、肥料もやらず、農薬も使わず、草もとらず、しかし驚異的に実る稲が実証する緑の哲学。自然の意志をくみ、永遠の生命が保証されるエデンの花園の復活を夢見る自然農法を紹介。ロングセラー、待望の復刊。","哲学","jpn","268","B6"
"4255004587","9784255004587","自然の野菜は腐らない (カルチャ－・スタディ－ズ)","河名秀郎 著","朝日出版社","2009-02","17年","1320","","","","","","","343","1","腐りにくく、醗酵しやすい。虫や病気にやられない。肥料を使わず体においしい、自然栽培の野菜とは。「食」への不安が増している今だからこそ知ってほしい、自然本来の野菜、本当の食の姿を伝える。","家事","jpn","190","B6"
"4809413683","9784809413681","自然栽培 vol．5（2015 Winter） おもしろくてたまらない「百姓」という生き方。","『自然栽培』編集部 編,木村秋則 監修","順文社","2015-12-03","10年","1320","","","","","","","","","世界から注目を集めるニッポンの農業のなかでも、いま最も話題にのぼる「肥料、農薬を使わないで作物を育てる栽培＝自然栽培」を紹介。今回の特集は新規就農。","日本文学・評論・随筆・その他","jpn","104","B5"
"4780421640","9784780421644","森のなかまたち","桐生自然観察の森 編著","メイツユニバーサルコンテンツ","2019-03-14","6年","1430","","","","","","","","","自然観察の森は環境省の補助金で全国に10カ所設置されています。
そのうちの一つ「桐生自然観察の森」は開園30周年を迎え、
それを記念して「桐生自然観察の森フィールドガイド 森のなかまたち」が出版されました。

桐生自然観察の森を舞台に自然観察のポイント、
季節ごとの見どころなどとともに各季節ごとに
その季節に見られる「いきもの」を図鑑としても紹介しています。
この出版により本書は桐生自然観察の森を訪れる際の心強い味方となり、
自然を楽しむよい手引書になることは間違いありません。

 桐生自然観察の森は特別な自然観察の場というわけではありません。
全国どこにでもある里山が
観察の場として整備されているのです。
ですから本書の内容は全国の里山観察の手引きとしても
十分活用できる内容ですから、
身近な里山観察にも是非利用していただきたい1冊です。


収録されている内容は次の通りです。
・ 早春
春の女神/森の不思議な住人/春を告げる使者/早春のいきもの図鑑
・ 春
春の美しい人気者/森のサクラごよみ/森の落とし物/世界でここだけの花/春の歌 い手たち/春のいきもの図鑑
・ 初夏
ゼフィルスってなあに/ナナフシの不思議/森の大切な仲間たち/イモムシ大変身/ 初夏のいきもの図鑑
・ 夏
樹液に集まる虫たち/セミの季節がやってきた/森の水辺めぐり/夏のいきもの図鑑
・ 秋
バッタが原の空・草・地/森の妖精たち/たねのたび/秋のみのり/秋のいきもの図 鑑
・ 晩秋
バードウォッチング入門/色とりどりな木の実たち/クモの女王/色づく葉っぱ/晩 秋のいきもの図鑑
・ 冬
森のカエルごよみ/今が出番! 冬になると主役になれるシダ/植物の冬越し/虫たち の冬越し/森のけものたち/コケ/冬のいきもの図鑑

なお、桐生自然観察の森はネイチャーセンターを中心に、
クワガタムシの森、サンコウチョウの森、
ゼフィルスの森、イトトンボの沼、
ハンミョウ広場、サワガニの沢、
オオムラサキの森、バッタが原、
カブトムシの森、カワセミの池、
シジュウカラの森、ノスリの丘、
キアゲハの丘、ニリンソウの道、
チゴユリの道、ヤマブキの道、
あじさいの道、シダの道などで構成されています。群馬県桐生市にある自然観察の森から花・虫・菌類（きのこ）など自然界でみられる動植物の生態や特徴などを学べる１冊。","生物学","jpn","135","B6"
"4872758463","9784872758467","考えるキノコ (INAX booklet INAXギャラリ－)","著:飯沢 耕太郎,著:大舘 一夫,著:佐久間 大輔,著:吹春 俊光,監修:佐久間 大輔,編集:石黒 知子,編集:杉原 正樹,編集:久田 浩司,監修:佐久間 大輔","LIXIL出版","2008-12","17年","1650","","","","","","","","","キノコは植物でも動物でもなく、菌類という微生物。地中にはその菌糸が張り巡らされ、地上に顔を出しているのは植物で言う花の部分のみ。学名があるものだけでも世界に２～３万種ある。そんなキノコの魅力を紹介。","自然科学総記","jpn","69","A5"
"4791704169","9784791704163","ユリイカ 5 2022（第54巻第6号） 特集：菌類の世界","","青土社","2022-04-27","3年","1870","","","","","2063","1","1571","1","きのこに魅せられ、惚れ込んだ南方熊楠やジョン・ケージを例に挙げるまでもなく、きのこはかくも文化的、文学的である。それでは菌類はどうか。きのこを包含したその領野はさらに広大無辺にこの世界を取り巻き、構成している。菌類が織りなす網目に分け入っていく特集。","文学総記","","341","菊"
"4635063240","9784635063241","見つけて楽しむきのこワンダーランド (森の休日)","大作晃一 写真,吹春俊光 文","山と渓谷社","2004-09","21年","1760","","","","","879","2","","","ようこそ、きのこワンダーランドへ。木が緑の葉を茂らせているのも、足元の腐葉土がふかふかなのも、みんなきのこのおかげ。そんなきのこの不思議な暮らしを、本書では全て「実物大」のオールカラーで紹介。","生物学","jpn","111","A4"
"4908155089","9784908155086","Letter","皆川明 著","つるとはな","2020-08-07","5年","3300","","","","","1908","2","","","","日本文学詩歌","","391","46変"
"406528936X","9784065289365","素敵な空が見えるよ、明日もきっと小さな優しい森の仲間たち (葉っぱ切り絵絵本)","リト＠葉っぱ切り絵 著","講談社","2022-08-08","3年","1760","","","467","2","","","","","★大人気の葉っぱ切り絵作品集・第３弾は絵本仕立て！
★優しい森に誘われるような一冊に、葉っぱ切り絵作品を78点収録。ほぼ実物大！
★ウサギ、カエル、ネズミ、リス、ゾウ……ファンにはおなじみのキャラクターたちが、葉っぱの上で繰り広げる温かいストーリーに、大人も子どもも心癒されるはずです。

【リト＠葉っぱ切り絵より】
ようこそ、小さな優しい森へ。
ここにあるのは７つの森。
どこでも好きな森から訪ねてみてください。
森では、木々の葉っぱ１枚１枚に、
小さな仲間たちの物語が繰り広げられています。
彼らは、泣いたり、笑ったり、
楽しんだり、悲しんだり、
困ったり、助け合ったり。
そう、みなさんと同じように毎日を過ごしています。
どこかの森で、
あなたに今、必要な物語が見つかりますように。
そして、その小さな物語があなたの中で、
大きく育ってどこまでも続いていきますように。

【内容】
あたたかい気持ちになれる森
ひとりじゃない、と思える森
忘れたくない思い出の森
傷ついた心もなぐさめられる森
それぞれのペースでいい、と思える森
大切なひとに優しくしたくなる森
勇気がわいて前向きになれる森
葉っぱ切り絵のひみつ国内外で大反響の葉っぱ切り絵作品集・第３弾は絵本仕立て！大人も子どもも心癒される、優しい森に誘われるような一冊。あたたかい気持ちになれる森
ひとりじゃない、と思える森
忘れたくない思い出の森
傷ついた心もなぐさめられる森
それぞれのペースでいい、と思える森
大切なひとに優しくしたくなる森
勇気がわいて前向きになれる森
葉っぱ切り絵のひみつ","日本文学・評論・随筆・その他","jpn","96","A5"
"4790254011","9784790254010","山はしっている","イラスト:ジョーンズ,リチャード,原著:Walden,Libby,原著:Jones,Richard,著:ウォルデン,リビー,翻訳:和江, 横山","鈴木出版","2020-03-06","5年","1650","","","","","","","","","日が昇り、日が沈み、ひとつの命が消えて、ひとつの命が生まれる。雄大な山々は生きるものたちのいとなみをずっと見守り続けてきた。静かな心に沁み通る文章と、息をのむほど美しいイラストで綴る至高のネイチャー絵本。","外国文学小説","jpn","32","B4"
"4062066912","9784062066914","少女ソフィアの夏","ト－ベ・ヤンソン 作,渡部翠 訳","講談社","1993-11-15","32年","1760","","","","","1354","2","1019","1","ムーミンの原作者ヤンソンの香り高い短編集。
 人生の扉を開けたばかりの少女ソフィアと、人生の出口にたたずむ祖母。70も年齢の違うふたりが思うままを対等に、率直にぶつけ合いながらも、互いにさりげなく思いやる──。北欧の魅力にあふれる書。","外国文学小説","jpn","302","B6"
"4822813908","9784822813901","ブナの息吹、森の記憶","根深誠 著","七つ森書館","2013-11","12年","1760","","","456","1","","","","","日本初の世界自然遺産２０周年。白神登山歴５０年の登山家・ナチュラリストが描く、美しい名文。四季折々の息づかいの感じられる文章を、これまで発表したものの中から選び集めた１冊。","日本文学・評論・随筆・その他","jpn","206","B6"
"4890139788","9784890139781","ちいさなあなたがねむる夜","著:ペンジウォル,ジーン・E.,イラスト:アルスノー,イザベル,原著:Arsenault,Isabelle,原著:Pendziwol,Jean E.,翻訳:万里子, 河野","西村書店（新潟）","2017-01-25","9年","1540","","","","","","","581","1","オーロラ輝く北の国、母と子の魔法のようなひとときを、ニューヨーク・タイムズ最優秀絵本賞、カナダ総督文学賞のアルスノーが描く。北の国のしずかな夜、子守歌のように神秘的な美しさを見せてくれる大自然。その鼓動を感じながらあたたかな室内でねむる子どもを見守る母…。魔法のようなすばらしいひとときをリズミカルに、みずみずしく描く。北の国のしずかな夜、子守歌のように神秘的な美しさを見せてくれる大自然。雪がそっと降りはじめ、動物たちが姿をあらわし、いつしか空には星が輝きだします。大自然の鼓動を感じながらあたたかな室内でねむる子どもを見守る母…魔法のようなすばらしいひとときをリズミカルに、みずみずしく描きます。ニューヨーク・タイムズ最優秀絵本賞、カナダ総督文学賞をダブル受賞。イザベル・アルスノーの絵本。","外国文学その他","jpn","","B4"
"4046803150","9784046803153","限りなく繊細でワイルドな森の生活","内藤里永子 著","KADOKAWA","2021-02-17","4年","1870","","","1107","5","1049","1","","","浅間山を遠くに望む、標高1000メートルの森の中に、夏仕様の古い別荘がある。周りには家も人影もない孤立した古家。大切な人たちが50代の若さで次々亡くなっていったショックと病を抱え、失意の底にあった著者は、ここを自分の柩にする覚悟で、60代半ばから10年間、古家に独り隠れ住んだ。友たちへレクイエムを送る静かな日々のはずだったが……、森には可笑しな事件がいっぱい起こるのだった！おびただしい数の猿が侵入してきたり、窓辺に置いたいちごがふと目を離したすきに消えていたり、影猫が現れて原稿を催促したり、やどりぎが大量に届いたり、そして大きい鳥の死。自然界のいのちと共にある喜びに満たされると、人々を恋しく思う気持ちが忽然と湧いてきたーー。80歳を超えた現在地から臨場感あふれるみずみずしい筆致で綴ったレジリエンスエッセイ。写真10点以上。撮影：白川青史。山中独居10年間の日々。これは失意のわたしが森の中で甦った物語。プロローグ
森の中へ
古家との出合い
ビンボウ草を摘む子ども
影猫たちと翻訳小屋
＊森の古家の変事
辛夷の花びら
魂が旅立つとき
イラクサと旧友と
木の実好みのねずみ
大自然のいのちと共に生きる　ターシャとポター
＊訪うもの
たんぽぽの花ワイン
冬ごもり
＊雪野原
風の贈りもの
熊と画家の山栗
影猫ふたたび
桜花降りしきる
大きい鳥の死
エピローグ","日本文学・評論・随筆・その他","jpn","176","B6"
"4895721531","9784895721530","しずかなおきゃくさま","ヌリア・フィゲラス 文,アンナ・フォン 絵,宇野和美 訳","光村教育図書","2024-09-30","1年4ヶ月","1650","","","","","","","","","こぎつねが留守番をしていると、「しずけさ」がやってきました。一緒におやつを食べ、踊り、楽しく過ごして…。「しずけさ」は、自己を見つめることの大切さ、孤独と静寂を楽しむ大切さを子ぎつねに教え、去っていきました。","外国文学小説","jpn","29","B4"
"4750516392","9784750516394","五十八歳、山の家で猫と暮らす","平野恵理子 著","亜紀書房","2020-03-26","5年","1760","","","635","1","","","","","母を亡くした後、山小屋で一人暮らしを始めて2年。人気イラストレーターがつづる、心地いい孤独と四季折々。","日本文学・評論・随筆・その他","jpn","224","B6"
"4652077939","9784652077931","この庭に","梨木香歩 文,須藤由希子 絵","理論社","2006-12","19年","1430","","","514","1","","","","","しんしんと、ただしんしんと、雪が降っていた。小屋にこもる主人公は、ある日、ひとりの少女と出会う。少女は「この庭に、ミンクがいる気がしてしょうがいないの」と言い…。もうひとつの「ミケルの庭」の物語。","日本文学小説・物語","jpn","91","B6"
"4902800705","9784902800708","冬を越えて","キャサリン・メイ 著,石崎比呂美 訳","K＆Bパブリッシャーズ","2021-09-22","4年","1870","","","","","","","150","1","だれの人生にも冬の時代がある。

ストレス、体調不良、鬱、離職、看病、育児…

答えを探す女性への、女性からのメッセージ！

全女性の心をやさしく包む「人生体験記」です！

『ニューヨーク・タイムズ』ベストセラー！

新しい季節へ！世界が変わる今、待望の話題作！

冬のなかで、状況の変化に戸惑い、悩み、模索する。

深刻になる必要なんてない。受け入れればいい。

先人の知恵や伝承、文学、自然の営みをみつめる。 

北欧への旅に出る。極北の人はどう冬を過ごすのか。

人生の岐路に立って、いまこそ古い皮を脱ぐ。

冬は、蓄えるとき。英気を養う絶好の季節なのだ。

春の光が見えるまでの日々を、心地よい語り口で。だれの人生にも冬の時代がある。ストレス、鬱、育児…答えを探す女性の「人生体験記」！『ニューヨーク・タイムズ』ベストセラー！・プロローグ



・九月

　インディアン・サマー



・十月

　冬じたく／温浴／ゴースト・ストーリー



・十一月

　変化／眠り



・十二月

　光／冬至／年越し



・一月

　闇／飢え



・二月

　雪／冷水浴



・三月

　サバイバル／歌



・エピローグ

　三月末

　雪どけ







・謝辞



・訳者あとがき","外国文学その他","jpn","256","46"
"459108356X","9784591083567","雪の林","やえがしなおこ 〔作〕,菅野由貴子 絵","ポプラ社","2004-12","21年","1320","","","","","","","260","2","坪田譲治の門下生によって創刊された「びわの実ノート」から、みずみずしい新人が誕生。人間が自然とともに生きることの喜びを、おおらかに生き生きと語る。読者を豊かな気持ちにさせる童話集。","日本文学小説・物語","jpn","110","A5"
"4309203817","9784309203812","夜の鳥","ト－ルモ－・ハウゲン 著,山口卓文 訳","河出書房新社","2003-06","22年","1650","","","","","","","","","北欧の美しい自然を背景として、心の病に悩む父親に、小さな胸を痛める少年の不安を、ファンタジーとリアリズムを見事に融合させた手法で描く。ノルウェー文学賞、ドイツ児童文学賞受賞作。","外国文学小説","jpn","177","B6"
"4105069810","9784105069810","冬の物語","著:イサク ディネセン,原著:Dinesen,Isak,翻訳:貞子, 横山","新潮社","2015-12-18","10年","2640","","","","","","","","","ナチス占領下のデンマークで書かれ、作家自身がもっとも愛した短篇小説集。北欧の春は華やかに押し寄せ、美しい夏が駆け抜けると、長く厳しい冬がひたすらつづく。ナチス・ドイツ占領下にあった冬の時代、デンマークの人びとの生の営みを、大自然のなかに灯された命の輝きとして描きだす。『アフリカの日々』の作家が物語る力を存分に発揮した作品集。〈イサク・ディネセン生誕一三〇周年〉北欧の華やかな春、美しい夏、長く厳しい冬のなかを生きるデンマークの人々。作家自身がもっとも愛した物語る力に満ち溢れた短篇集。","外国文学小説","jpn","363","B6"
"4344418514","9784344418516","週末、森で (幻冬舎文庫)","益田ミリ 〔著〕","幻冬舎","2012-04-15","13年","545","","","150","3","","","","","","日本文学・評論・随筆・その他","jpn","167","A6/文庫"
"406216339X","9784062163392","古き町にて 復刻普及版","東山魁夷 著,東山すみ 監修","講談社","2010-07-14","15年","3143","","","","","","","","","３カ月かけてデンマーク、スウェーデン、ノルウェー、フィンランドを巡った東山魁夷が、名人の手を借りて作り上げたリトグラフィ装画本、待望の復刻普及版。川端康成の序文「美しい地圖」も収録。","日本文学・評論・随筆・その他","jpn","173","B5"
"4309412416","9784309412412","アァルトの椅子と小さな家 (河出文庫)","堀井和子 著","河出書房新社","2013-09-20","12年","726","","","458","1","427","1","","","コルビュジェの家を訪ねてスイスへ。家庭的な雰囲気を求めてフランス田舎町へ――イラスト、写真も手がける人気著者の旅のスタイル！","日本文学・評論・随筆・その他","jpn","173","A6/文庫"
"488418288X","9784884182885","かぜがおうちをみつけるまで (Switch library＊Rainy day books)","ボブ・サム 話,谷川俊太郎 訳,下田昌克 絵","スイッチ・パブリッシング","2009-09","16年","1760","","","","","","","","","人が獣と話ができた大昔。風にだって心があった。北極は冷たくて寒い。こおりつく寒い風は南へととんでいき…。ボブ・サムがつくった物語を、詩人・谷川俊太郎が翻訳。みずみずしい言葉で綴られた自然への讃歌。","日本文学小説・物語","jpn","","B6"
"479422611X","9784794226112","森の来訪者たち","ニーナ・バートン 著,羽根由 訳","草思社","2022-10-31","3年","2530","","","","","","","","","アウグスト賞受賞のスウェーデンの巨匠がおくる、北欧版『森の生活』。

リス、ミツバチ、キツネ、ワタリドリ、アナグマ…
詩人のコテージには、さまざまな動物たちとの出会いがあふれています。
著者はその出会いに触発され、その生き物たちの「言葉」を、
詩人の感性で受け取り、自然と生命への思索を広げてゆきます。 
抒情豊かな文体で紡がれる、文学とサイエンスの新たな交差点。

「スウェーデン語で『アルファベット』を意味するbokstavは、
ブナ（bok）材に文字を刻んだことに由来する……
書くことの目的は、未来へ向けて生命の本質を伝えることではないだろうか」（本文より）","外国文学その他","jpn","371","46"
"4772695095","9784772695091","北欧のなつかしいモノ暮らし","道田聖子 著","インターシフト","2007-09","18年","1760","","","","","499","1","354","1","北欧が最も輝く白夜の季節。森のコテージで、愛しいモノたちとともに過ごす至福のひととき…。スウェーデン人と結婚し、北欧を心の故郷にしている北欧雑貨店主ならではの珠玉のモノ語り。","芸術総記","jpn","109","B6"
"4087814815","9784087814811","軽井沢週末だより","伊藤まさこ 著","集英社","2012-05-30","13年","1650","","","384","1","356","1","243","1","スタイリスト伊藤まさこが案内する軽井沢ガイド。古き良きクラシックホテル、昔ながらのおいしい味、バラ園巡りや別荘訪問。夏から秋、冬へと移り変わる季節の美しい写真と２４のエピソードで新しい軽井沢を綴る。","日本文学・評論・随筆・その他","jpn","174","A5"
"4622073935","9784622073932","イーハトーブ温泉学","岡村民夫 〔著〕","みすず書房","2008-07","17年","3520","","","","","","","","","心象スケッチから「装景」へ。郷土の当時文化に根づきつつ、先端スパーリゾート開発に関わった宮沢賢治の生涯と作品を、「温泉的想像力」の発露として解き明かす。図版多数収録。","日本文学・評論・随筆・その他","jpn","331","A5"
"4847099613","9784847099618","北欧で見つけた気持ちが軽くなる暮らし (正しく暮らすシリーズ)","桒原さやか 著","ワニブックス","2020-09-18","5年","1485","","","1048","1","","","","","スウェーデン人の夫と、北欧の人々から学んだ、今だからこそのおうち時間。

仕事も暮らしも恋愛も子育ても。なんでもマジメに頑張りすぎてしまうあなたへ…。
同じように、一生懸命頑張りながら、迷ったりつまずいたり。
そんなふうにふつうに日本で生きてきた30代の女性が北欧と出会って、気づいたこと、学んだこと。
日常をより心地よく、日々をよりハッピーに過ごすためのヒントが満載です。
等身大の気持ちが素直に書かれているからこそ、まるで友だちとおしゃべりしているかのような気持ちに。
きっと静かに心に響く言葉が見つかり、発見があるはずです。

北欧のお宅訪問！　北欧ごはんのレシピなど、今日からすぐ実践できるエッセンスも満載！

CONTENTS
1章　自然
北欧の長い冬が教えてくれたこと
最初に誘われたのは、お茶ではなくハイキングでした
２章　暮らし
子育てはどっちが正解か悩む。日本式？スウェーデン式？
これでいいんだ！　北欧流のお気楽なおもてなし
北欧の人たちがものが少なく、すっきり暮らしている理由
３章　時間と気持ち　
北欧の時短家事テクニック。そのコツは合理性にある？
楽しみは自分で作る。休日が充実する小さなアイディア
子どもには、退屈な時間が必要？","家事","jpn","184","46"
"4794965095","9784794965097","手仕事の生活道具たち","片柳草生 著","晶文社","2001-11","24年","2420","","","","","","","227","1","日本、アジア、インドなどの、手仕事の道具を紹介。自然素材で作られた道具は地球にやさしく人にも心地よい。いまの暮らしにも合うように工夫されている。実用的でシンプルで美しい大人の雑貨への招待。","家事","jpn","226","B6"
"4573022287","9784573022287","ジャパンクリエイティブ","著:構成/ジャパンクリエイティブ,編集:木田隆子(エル・デコ編集長),編集:土田貴宏,編集:上條桂子,編集:エル・デコ編集部,写真:大谷宗平,写真:中道 淳(ナカサアンドパートナーズ)","ハースト婦人画報社","2012-04","13年","4180","","","","","610","1","","","日本人がもつ優れた美意識や伝統に根ざした技術を、今という時代の文脈に沿って新たに発信するプロジェクト、ジャパンクリエイティブ。各界の識者が、日本のものづくりに備わる魅力やその精神性について紹介する。","絵画・彫刻","jpn","205","B5"
"4866470836","9784866470832","つくる理由","著:林央子,その他:青木陵子,その他:竹村京,その他:居相大輝,その他:山下陽光,その他:PUGMENT,その他:田村友一郎,その他:L PACK.,その他:金氏徹平,その他:志村信裕","DU BOOKS","2021-06-25","4年","2530","","","","","","","","","『拡張するファッション』から10年。

前に進めなくなったときに、

気づきをくれる言葉を投げてくれる人は、

ものをつくる人や、アーティストだった。



・「The Fashion Post」にて、著者インタヴューが掲載されました! 聞き手は 本書のメイキングを連載していました「She is」の元ディレクターで、 「me and you」 代表を務める竹中万季さんです。

・「FRaU」(2021.8 no.541)にて、著者インタヴューが掲載されました!

 

インディペンデントな創作によって独自の境地を切り開いていった1990~2000年代の作家たちを再検証し、刊行後の反響から美術展へと発展した『拡張するファッション』。本書はその著者・林央子による待望の書下ろし新作。

現在を生きる同時代の表現者たちの声を拾う。



&lt;目次&gt;

イントロダクション 日々生きる知恵を、アーティストの作法に学ぶ

第一章 生と死、そして家族を見つめて

・始まりの感覚をつかむため 青木陵子

・死をポジティブに変換するため 竹村京

第二章 着ることは、生きること

・内省からはじけるクリエーション/ 暮らしをつくり、服をつくる 居相大輝

・インターネットを駆使し、遊びながら生きる 山下陽光

第三章 形あるものをつくらない

・見えない敵と戦いながら、自分たちの居場所をつくるために PUGMENT

・世界を編集しながら生きる力 田村友一郎

・「おかしみ」を味わう場をつくるため L PACK.

第四章 価値を問う

・世界をコラージュする方法 金氏徹平

・暮らしに生きる芸術に光をあて、問いを放つ 志村信裕

エピローグ つくりながら生きる生活へインディペンデントな創作によって独自の境地を切り開いていった1990～2000年代の作家たちを再検証。林央子による待望の書…","芸術総記","jpn","309","B6"
"4484172127","9784484172125","きもの歳時記新装版","山下悦子 著","CEメディアハウス","2017-03-23","8年","1760","","","","","","","","","正しい知識を教えられる人が少なくなりつつある日本の伝統美、きもの。研究家として伝え残して行きたい四季折々のきものの味わいや、伝統の意匠、そこに込められた意味。きものへの愛情とその魅力。日本の四季や文化を再発見する、ＴＢＳブリタニカ「歳時記シリーズ」復刊第二弾！","日本文学・評論・随筆・その他","jpn","288","B6"
"4867930520","9784867930526","民藝のみかた","著:ヒューゴー・ムンスターバーグ,著:柳 宗悦,翻訳:田栗 美奈子,監修:朝倉 圭一,監修:古屋 真弓,編集:朝倉 圭一,編集:古屋 真弓,解説:鞍田 崇","作品社","2024-11-06","1年3ヶ月","2970","2970","3","","","","","","","日本に四年滞在した東洋美術史の碩学が、〈民藝〉のすべてを工芸分野ごとに詳説。



民藝の精神から説き起こし、陶器、籠、漆器、玩具、織物、絵画、農家の建物、そして1950年代の民藝運動の隆盛にいたるまで。

日本の民藝の歴史を知るための最良の一冊。図版100点超収録。

附：鞍田崇「解説　いまなぜ民藝か」



本書は、日本の主要な民藝のあらゆる側面、特にその現状を知るための、よき入口を示してくれる。その内容は、民藝とは何かという初歩的な考察から、現在、日本で盛んになっている民藝運動についての説明まで、多岐にわたっている。読みやすく、よくまとまっているので、いつも手近に置いてすぐに参照できるし、図版の豊富さも多くの読者の興味を引くことであろう。著者はすでに東洋の芸術を扱った著作をいくつも発表しており、本書で取りあげるテーマを論じる資質を十分に備えている。――柳宗悦（「序文」より）序文　柳宗悦



第一章　日本の民藝の精神

民衆的芸術に対する新たな関心／民衆のための芸術／世界の民藝の現状／民藝研究の歴史／美と実用性／日常品の美／実用性と芸術性／庶民の芸術／民藝の精神／今も生活に根ざす民藝



第二章　陶器

日本の民藝陶器／小鹿田（おんた）焼／小石原焼／苗代川焼／龍門司焼／二川焼／白石焼／島根県の窯業／布志名焼／牛ノ戸焼／瀬戸焼／立杭焼／益子焼／東北地方の窯業／楢岡焼／小久慈焼／堤焼／本郷焼



第三章　籠と関連製品

日本の籠製品の位置づけ／九州地方の竹細工／東北地方と各地の品々／手漉きの紙



第四章　漆器、木器、金属器

漆器の歴史と現状／秀衡塗／さまざまな漆器／木器／金属器



第五章　玩具

民藝玩具の産地／民藝玩具の起源／玩具の種類／こけし／三春駒／獅子頭／きじ馬と笹野彫／張り子／だるま／純信とお馬／三春人形／虎と牡牛の張り子／藁馬／流し雛／招き猫／犬宮と三猿／手まり



第六章　織物

民藝織物の現状／民藝織物の素材／織物のデザイン／織りと染め／沖縄の民藝織物／沖縄の紅型（びんがた）／沖縄の絣模様／沖縄の縞と格子模様／丹波布／被衣（かつぎ）とこぎん／絵絣／浴衣



第七章　絵画と彫刻

民藝と芸術の関係性／大津絵の歴史／大津絵の特色／大津絵の題材／絵馬／彫刻と拓本／仏教美術との関わり



第八章　農家の建物

農家の建物の伝統／泰山荘の屋根／泰山荘のデザイン／農家の間取り／岐阜・奈良・長野の農家／濱田庄司邸



第九章　現代の民藝運動

日本民藝協会の歩み／民藝作家の活躍／濱田庄司／河井寛次郎／芹沢銈介／棟方志功



謝辞

解説　いまなぜ民藝か　鞍田崇

訳者あとがき","写真・工芸","jpn","200","A5"
"4877586415","9784877586416","手しごとを結ぶ庭","稲垣早苗 著","アノニマ・スタジオ","2006-11","19年","1760","","","","","","","","","陶磁器・木工・染織・ガラスなどの工芸を扱うギャラリーや展覧会を手がけて２０年の著者が、その仕事や、様々な作家との出会いや交流を綴る。木工作家・三谷龍二氏の書き下ろしエッセイも収録。","日本文学・評論・随筆・その他","jpn","189","B6"
"4777021203","9784777021208","森からの伝言 (NEKO MOOK)","田渕義雄 著","ネコ・パブリッシング","2017-10-03","8年","1650","","","1646","1","","","1173","1","マルチに活躍する作家、田渕義雄さんの240ページフルカラー本。","諸芸･娯楽","jpn","215","A5"
"4916110196","9784916110190","野のごちそう帖","花房葉子 著","自然食通信社","2007-07","18年","1870","","","","","","","","","あふれ出る野生の香気、いのちの蜜。草木や鳥、虫、見えないものたちの気配と溶け合う、森の暮らしの至福…。好評の「カムイブロートの食卓」に続く、自然の魔法にうっとりさせられる最新エッセイ集。あふれでる野生の香気、いのちの蜜。草木や、鳥、虫、見えないものたちの気配と溶けあう森の暮らしの至福。１７年間の森の暮らしのなかから生まれた画文集は、幻想的な銅版画、五感を刺激するイラストとともに、自然のいとなみとの交感が、鮮烈に、官能的なことばに紡がれて、深い余韻を残します。『カムイブロートの食卓』につづく花房葉子の新著作。 たべものの話や本の話、植物や、動物たちとの話が語られながら、自然界の魔法のような魅力にふれる、稀有なエッセイ。春）懐かしい羽音、命つないだ蜜蜂／木々の新芽が発する春夜の妖気／黄金色に輝く蜜はタンポポの花粉入り／菜の花や春菊とゴルゴンゾーラのサラダ
夏）五年の沈黙から目覚めたオールドローズ／草ぼーぼーの妖しすぎる庭には魔女が住む？／犬たちの好物お化けキュウリ
秋）余韻も残さず姿を消す北の夏／青いトマトでつくるピクルス／永遠のあこがれ洋梨のワイン煮／拾ったスモモのジャム／豆コロッケ
冬）マイナス20度の暮らしとは／ゆっくりと豆を煮る楽しみ／長い夜に蜜蝋キャンドルづくり／初めて聞く雨音のやさしい音色･･･","家事","jpn","156","A5"
"483401942X","9784834019421","野あそびずかん (福音館のかがくのほん)","松岡達英 さく","福音館書店","2003-04-25","22年","1650","","","","","","","","","虫や魚をとって遊び、紅葉の山で木の実やキノコをとって料理を楽しむ。冬には「かまくら」を作り、お年寄りから伝承の技を教わり、昔話を語ってもらう…。そんな里山での豊かな自然の営みを紹介する絵本。","自然科学総記","jpn","71","A4"
"4635171604","9784635171601","自然の暮らしがわかる本","新田穂高 著,城ノ内まつ子 著","山と渓谷社","2002-03","23年","1760","","","","","","","287","3","エコロジー意識と自然の中での生活に憧れて、田舎暮らしを始めた街育ちの一家が教えてくれる、厳しくも楽しい自給自足の知恵と暮し方。場所選びから、家の建て方、四季の収穫、山村留学などの情報も満載。","家事","jpn","222","A5"
"4093874077","9784093874076","森の暮らしレシピ","ミヨシ・ホ－クス 著","小学館","2003-04-01","22年","1650","","","","","150","3","","","「グッドハウスキーピング」の人気連載を単行本化。季節感あふれる那須の写真とともに、森の暮らしを楽しむ料理、お菓子、クラフトのアイデアを多数紹介。連載時には書けなかった生活の内側を綴ったエッセイも収録。","日本文学・評論・随筆・その他","jpn","159","B6"
"4569677711","9784569677712","今日もていねいに。 (PHP文庫)","松浦弥太郎 著","PHP研究所","2012-02","14年","836","","","","","","","233","2","とびきりおいしいお茶を淹れること。▼苦手な人に、自分から歩み寄ってみること。▼新しいものをひとつ手に入れたら、ひとつ手放すこと。▼ちょっとした工夫で、毎日が特別なものに変わっていきます。▼本書では、「暮しの手帖」編集長、書店経営、文筆業と、八面六臂の活躍を続ける著者・松浦弥太郎が、自身の経験から見つけた、日々を大切に生きる秘訣を紹介します。▼肩の力を抜いて、リラックスして読んでみてください。よく働き、よく暮らすためのヒントがきっと見つかるでしょう。▼文庫版特典として、「うつくしさ」を作るプロフェッショナル、ヘア・メイクアップアーティストの山本浩未氏の解説を掲載。▼「今日もていねいに。」暮らしたい、あなたに贈る本。「見えないところをきれいに」「おいしいものはお裾分け」など、『暮しの手帖』編集長が実践する、心豊かに暮らすための小さな習慣。","日本文学・評論・随筆・その他","jpn","221","A6/文庫"
"4864700389","9784864700382","幸せになる言葉幸せにする言葉","出口光 著","水王舎","2016-02-26","9年","1540","","","902","1","846","2","","","慌ただしい生活のなかで、自分や周りの人が本当の「幸せ」を感じるためにはどうしたら良いか？内面から美しくなる方法を説いた一冊。第一章　「やまと心」とは？
第二章　「幸せ」を導く八つの「やまと心」
第三章　「やまと心」で幸せに生きる","日本文学・評論・随筆・その他","jpn","189","A5"
"4883993981","9784883993987","毎日をちょっぴりていねいに暮らす43のヒント","金子由紀子 著","すばる舎","2004-09","21年","1540","","","","","150","1","","","１日を雑に終わらせたくないあなたへ。気張らずにほんの少し生活にメリハリをつけよう。本書では「ちょっとだけ、丁寧な暮らし」を４３のアイデアにまとめて紹介。気楽に始める「スローライフ」のススメ。","日本文学・評論・随筆・その他","jpn","199","B6"
"4820804383","9784820804383","急がない","葉祥明 著","日本標準","2010-02","16年","1320","","","","","","","","","大切なことはゆっくりゆっくり、少しずつ少しずつ。時間に追われ、知らず知らず急いでいる現代人に、人生に起こる全てをじっくり味わうことの大切さを伝える。生きるのが楽になり、心がすっきりする１冊。","日本文学・評論・随筆・その他","jpn","101","B6"
"4766001613","9784766001617","暮らしのヒント集","暮しの手帖社 著","暮しの手帖社","2009-04","16年","1320","","","564","1","527","1","376","5","しあわせな暮らしとは、目に見えない心持ちや、ちょっとした工夫、やさしさ、丁寧さ。毎日の暮らしを美しくする４６９の工夫とアイデアを紹介。暮らしから生まれた、日々を楽しくするためのユニークな言葉を収録。","日本文学・評論・随筆・その他","jpn","219","B6"
"4899771010","9784899771012","うつわ日和。","祥見知生 写真と文","ラトルズ","2005-03","20年","1980","","","","","427","1","299","1","作り手がいて、使い手がいる。そして、器にこころが宿る…。小さな器屋を開き、日々器と向き合い続けている著者が、器との暮らし方、１１人の作り手の思いを伝える。器というものをより深く感じられる１冊。","家事","jpn","111","B5"
"4794210744","9784794210746","失われた手仕事の思想","塩野米松 著","草思社","2001-09","24年","1650","","","","","","","","","消えていった身近にいた職人たち。最後の担い手として手仕事に生きる人々を全国に訪ね、仕事、徒弟制度、職業的倫理観などを考える。","日本文学・評論・随筆・その他","jpn","255","B6"
"4103365315","9784103365310","「生活工芸」の時代","三谷龍二 編,新潮社 編","新潮社","2014-09-10","11年","2970","","","","","","","","","この２０年は「生活工芸の時代」だった。生活工芸とはなにか。生活工芸の時代とはなんだったのか…。暮し系とも呼ばれ、ライフスタイル全般に及んだカルチャーを１３人が語り、検証する試み。","写真・工芸","jpn","173","A5"
"4777941388","9784777941384","残したい日本の手仕事 (Discover Japan Books)","久野恵一 〔著〕","枻出版社","2016-07-06","9年","1980","","","","","","","","","使うための道具、民藝を愛した「手仕事フォーラム」久野恵一が選び、その生涯の相棒とした手仕事の品々を紹介。日本の美しい手仕事にまつわる３３の物語。雑誌「ディスカバー・ジャパン」の人気連載、待望の書籍化。","家事","","168","B5"
"4899771274","9784899771272","セツローさん","祥見知生 写真と文","ラトルズ","2005-11","20年","2420","","","438","1","","","","","世の中にたくさん溢れるモノの中にあって、セツローさんのつくり出すモノたちには、ぐいっと見るものを惹きつける何かがある。かんざし、匙、箆、土人形…。温かくて切ない、愛すべき手の仕事。","家事","jpn","159","A5"
"479816545X","9784798165455","暮らしの図鑑 民藝と手仕事","監修:コハルアン,監修:山響屋,監修:jokogumo,監修:Nowvillage,監修:松野屋,監修:北土舎,監修:yūyūjin,編集:暮らしの図鑑編集部","翔泳社","2020-10-22","5年","1980","","","","","","","925","1","良いものを選んで、大切に長く使う暮らし



毎日の暮らしを営むための日用道具。

自宅にいる時間が長くなっている今だからこそ

使っていて気持ちが良いものを選びたい。



私たちの暮らしを形作る、さまざまなモノやコト。
自分で
選んだものは、日々の暮らしをより豊かにしてくれます。

「暮らしの図鑑」シリーズは、本当にいいものをとり入れ、

自分らしい暮らしを送りたい人に向けた本です。


この本のテーマは「民藝と手仕事」。
民藝の精神に基づいて作られた暮らしの道具や、

各地に伝わる郷土玩具をその背景とともにご紹介します。

また、つなぎ手の方々にお聞きした楽しみ方や考え方、

最低限知っておきたい民藝の基礎知識も解説。

さらに作り手の方や産地を知ることができる

旅のコラムも掲載しています。



イラストは雑誌やWebで活躍する人気イラストレーター

勝山八千代さんの描き下ろし。

グラフィカルに日本の手仕事をご紹介します。



竹、山葡萄、あけび、マタタビ、イタヤカエデ。

さまざまな植物や土、ウールや木綿といった天然素材。

コンビニ袋が有料になって、暮らしが急速に変化していく今、

自然素材でできた日本の手仕事を選んでみませんか。



あなたのモノ選びの理由となる、道具の背景が詰まった1冊です。



■監修者紹介■

松野屋  松野 弘 さん

コハルアン  はるやまひろたか さん

くらしの知恵と道具  jokogumo 小池梨江さん

山響屋  瀬川信太郎さん

器の店  Yuyujinさん

Nowvillage  今村香織さん

北土舎さん



■コンテンツ■

PART1 長く使いたい暮らしの道具と郷土玩具61

PART2 知っておきたい基礎知識

PART3 全国の手仕事品を楽しむ旅

付録 全国の手仕事を楽しむ旅全国民藝館＆手仕事のお店ガイド

●PART 1　長く使いたい暮らしの道具と郷土玩具61

やちむん｜琉球ガラス｜小代焼ふもと窯｜布志名焼湯町窯｜

星耕硝子｜出西窯｜中嶋窯｜益子焼｜砥部焼｜小石原焼｜

波佐見焼｜会津漆器｜白岩焼｜小久慈焼｜浄法寺塗｜

久留米絣｜会津木綿｜ホームスパン｜山葡萄のかご｜

あけびのかご｜篠竹細工｜会津木綿のがま口｜割烹着｜

籐細工のかご｜刺し子｜房州うちわ｜和箒｜棕櫚の箒｜

棕櫚のたわし｜麻布ふきん｜イタヤ細工｜トタンの豆バケツ｜

洗濯板｜トタンちりとり｜真竹六つ目かご｜藁釜敷き｜

組子細工｜さわらのお櫃｜アルマイトの道具｜竹鬼おろし｜

飲み屋の厚口グラス｜酒受け皿｜マタタビ細工｜南部鉄器｜

大館曲げわっぱ｜こけし｜達磨｜姫だるま｜招き猫｜お面｜

鳩笛｜お雛様｜凧｜首振り虎｜注連飾り・藁飾り｜水引細工｜

張り子｜八橋人形｜富山土人形｜芝原人形｜

柳井のきんぎょちょうちん｜イタヤ馬


●PART 2　知っておきたい基礎知識

そもそも民藝って？

知っておきたい民藝の立役者

知っておきたい用語集

松野屋 松野さんに聞きました｜松野屋さんが提唱する「民衆的手工業」って何ですか？

jokogumo 小池さんに聞きました1｜自然の素材でできた物を選ぶ意味って？

jokogumo 小池さんに聞きました2｜物選びのコツを教えて！

jokogumo 小池さんに聞きました3｜物を長く使う楽しみって?

コハルアン はるやまさんに聞きました1｜美意識ってどうすれば身につくの？

コハルアン はるやまさんに聞きました2｜民藝のうつわを選ぶコツって？

北土舎 松村さんに聞きました1｜物の歴史や背景を楽しむには？

北土舎 松村さんに聞きました2｜縁起物ってどんなもの？

Nowvillage 今村さんに聞きました1｜手仕事品の飾り方のコツは？

Nowvillage 今村さんに聞きました2｜産地や作り手さんを訪ねる楽しみって？



●PART 3　全国の手仕事を楽しむ旅

岩手県 盛岡

岩手県 浄法寺

栃木県 濱田庄司記念益子参考館

京都府 河井寛次郎記念館

長崎県 中尾山

九州 小鹿田と小石原

福島県 会津

愛媛

秋田



●Appendix　全国民藝館＆手仕事のお店ガイド&lt;br","家事","jpn","224","A5"
"4910083006","9784910083001","巧拙無二","甲野善紀 著,土田昇 著","剣筆舎","2020-01-31","6年","2090","","","","","","","","","事理一致の近代職人に学び、現代の日本人が失いつつある職業文化の精髄を掘り起こす。



「見える化」ばかりを追い求め、「出来る化」が置き去りにされている昨今――。

近代には、先達から技術と理論を受け継ぎ、さらなる高みを体現した職人たちが存在した。

彼らが仕事へ注いだ心血は、同時に自らの生命をも高みへ導いただろう。

その仕事振りは、今の世に言う「ワーク・ライフ・バランス」を根本から揺るがすものだ。

しかし、仕事と生命を相即不離とした職人たちは、有形無形の文化的財産を遺している。

一体、我々は次世代に何を残せるというのであろうか？

千代鶴是秀や長谷川幸三郎、嶋村幸三郎、伊藤宗一郎、野村貞夫ら、鍛冶屋や鉋台屋、大工など、知る人ぞ知る名匠たちの超絶技巧を伝えるエピソードに内包された、近代職人の道徳や美意識、仁義、矜持を、武術研究者・甲野善紀と、土田刃物店三代目店主にして、伝統木工具目利き人・土田昇という、異業種の奇才ふたりが語り尽くす。



働き方を変えるのではなく、生き方そのものを変えてしまう、現代人にとって真に貴重な対談。刃物鍛冶や鉋台屋、大工――稀代の職人たちの道徳や美意識、仁義、矜持、粋などを、奇才ふたりが驚愕の逸話を交えながら語り尽くす。まえがき――甲野善紀

仕事道具に触るのは感覚が育ってから

道具鍛冶の名工・千代鶴是秀の修行はじめ

「お前が本で学んだ事ではない、お前の一言を言ってみよ」

職人の「恥」

職人の思い入れと伝統

重い金床を片手でヒョイッ（玄能鍛冶・長谷川幸三郎）

職人と素人の違い

「こいつなら、いけるかもしれない」

手裏剣術が玄能作りのヒントに？！

墨掛け粗掘り五分（鉋台屋・伊藤宗一郎）

理想的な鉋台

名人大工と名人鍛冶の職人仁義合戦

野村貞夫棟梁の美意識

マサカリ遣いとゴルフのフォーム

息の根を止められた鋸鍛冶

職人の「老い」

これからの職人の生き方

本当の名刀とは

職人の仁義

土田一郎、千代鶴是秀に出会う

清忠問答

穴大工の玄能の柄

「名工」たる所以

【追記対談】授業科目は、国語と歴史と体育だけ

あとがき――土田昇","日本文学・評論・随筆・その他","jpn","276","46"
"4480097341","9784480097347","民藝の歴史 (ちくま学芸文庫)","志賀直邦 著","筑摩書房","2016-05-10","9年","1540","","","","","","","","","内容は後日登録モノだけでなく社会制度や経済活動にも美しさを求めた柳宗悦の民藝運動。「本当の世界」を求める若者達のよりどころとなった思想…","民俗・風習","jpn","416","A6/文庫"
"477792047X","9784777920471","ニッポンの手仕事","","枻出版社","2011-08","14年","608","","","","","232","1","","","日本には美しい意匠がある。手仕事の伝統がある。本書では、日常使いできる日本のモダン工芸を紹介。益子、備前など、全国のうつわの伝統と現代の姿を詳細解説。全国伝統工芸マップなども収録。","家事","jpn","128","A5"
"4299054385","9784299054388","民藝のある暮らし (TJ MOOK)","","宝島社","2024-05-20","1年8ヶ月","1320","","","","","","","","","■巻頭特集
民藝の街「会津」で山崎まさよしさんが出合った手仕事から生まれる物語(ストーリー)。

■民藝のある暮らし
・「用の美」というものの見方、考え方が好き　石村由起子さん 空間コーディネーター
・小さな手間が生活のリズムを心地よく整えてくれる　引田かおりさん ギャラリー＆パンの店のオーナー
・安曇野の自然と調和する手ざわりのいい手仕事品　德田民子さん ファッションコーディネーター
・飾らずに使うことで民藝の実力をとことん味わう　土切敬子さん ショップオーナー
・古い日本家屋によくなじむ和食に欠かせない道具たち　ナンシー八須さん 料理研究家・英語教室主宰

■長く使い続ける始末のいい暮らし
・手仕事は種のように次世代に受け継がれます　早川ユミさん 布作家
・民藝は人と人のご縁、心温まる日々です　島田ユカリさん 民芸ペチカ店主
・道具は使い込むことで見えてくることがあります　米田恭子さん デザイナー

■今知っておきたい名手たち。　萩原健太郎さん 文筆家
■失敗しない和民藝品の取り入れ方　石井佳苗さん インテリアスタイリスト
■大切な器に新たな命を吹き込む「金継ぎ」
■民藝品を長く愛でるための毎日のお手入れ
■素敵な人を夢中にさせる愛用品
■全国のショップスタッフのお墨付き プロが教える とっておき民藝品
■名工や職人の技と温泉を楽しむ
■おうちで染め体験「藍染め」
■日本全国民藝品と温泉をめぐるぶらり旅MAP
■窯出し・陶器市　全国の民藝イベントカレンダー","家事","jpn","112","AB"
"4939102750","9784939102752","ヤコブセンの家 (カルチャライフ)","岡村恭子 著","プチグラパブリッシング","2005-02","21年","1540","","","","","","","","","デンマークの生活が教えてくれるのは、のんびり流れる時間とそれを楽しむ心。大切に住み継がれてきたアルネ・ヤコブセンの設計住宅、その３代目オーナーが綴る北欧暮らし、日々の喜び。","日本文学・評論・随筆・その他","jpn","191","B6"
"4003316924","9784003316924","手仕事の日本 改版 (岩波文庫)","柳宗悦 著","岩波書店","2009-12","16年","1078","","","","","","","420","1","凡　　例
序
前書　手仕事の国

第一章　品物の背景
　自然／歴史／固有の伝統

第二章　日本の品物
　現在の事情／関東／東北／中部／北陸／近畿／中国／四国／九州／沖縄

第三章　品物の性質
　三つの問題／職人の功績／実用と美／健康の美

後　　記
解　　説……熊倉功夫
『手仕事の日本』地図
地名索引
事項索引
","写真・工芸","jpn","320","A6/文庫"
"4395023061","9784395023066","アスプルンド／アールト／ヤコブセン","鈴木敏彦 著,杉原有紀 著","彰国社","2013-05","12年","3080","","","","","","","","","北欧デザインの源流へ…。３人の巨匠からその神髄を学ぶ。アスプルンド、アールト、ヤコブセンが目指したトータルデザインを、北欧の自然・生活を軸に読み解く書。これからの建築デザインの豊かな方向性を指し示す。","建築","jpn","125","B5"
"476153298X","9784761532987","日本の名作住宅 エレメント＆ディテール","著:小泉 隆,著:松野尾 仁美,著:福山 秀親,著:信濃 康博,著:吉村 祐樹,著:近藤 岳志","学芸出版社（京都）","2024-02-07","2年","3520","","","","","","","","","藤井厚二、アントニン・レーモンド、吉田五十八、坂倉準三、前川國男、吉村順三、西澤文隆、清家清らが追求した住宅のディテールを集めた作品集。外構／玄関・廊下／内部空間／庭／窓・建具／暖炉／家具・照明等のエレメントを切り口に、300点以上の写真・図面で紹介。巨匠のデザイン手法に住宅設計の手がかりを探る。藤井厚二、アントニン・レーモンド、吉田五十八、坂倉準三、前川國男、吉村順三、西澤文隆、清家清らのディテールを集めた作品集。はじめに
イントロダクション　日本の名作住宅から見えてくるもの

登場する建築家と住宅作品
藤井厚二：聴竹居
アントニン・レーモンド：井上邸、足立別邸
吉田五十八：四君子苑、猪股邸
坂倉準三：飯箸邸
前川國男：前川國男自邸
吉村順三：園田邸、脇田邸
西澤文隆：平野邸
清家清：私の家、保土ヶ谷の家
年表

外構
期待感を高めるアプローチ│前川國男自邸
トンネルのようなアプローチ│飯箸邸
分岐するアプローチ│猪股邸
高台へのアプローチ│聴竹居
斜めからのアプローチと居間の張り出し│保土ヶ谷の家
ピロティを介したアプローチ│脇田邸
植栽により演出された外部空間│園田邸
1枚の壁で構成された渡り廊下│四君子苑
カーブする縁側│足立別邸
パティオとガラス屋根│井上邸
緑青の水切りによるアクセント│前川國男自邸
伝統・文化を感じさせる庇と張り出し│飯箸邸
外壁コーナー部の納まり│聴竹居、井上邸

玄関・廊下
石敷の寄付土間│四君子苑
水路上の内玄関│四君子苑
小さな前庭と玄関│平野邸
板敷の玄関ホール│猪股邸
茶室への渡り廊下│猪股邸
廊下の煉瓦壁│平野邸

内部空間
丸太の架構と開口部│井上邸
居間の架構と建具│平野邸
多様な活動を受け入れる吹抜けの居間│前川國男自邸
居間北側のダイニングスペース│前川國男自邸
客間のコーナースペース│飯箸邸
多彩な仕掛けが施された音楽室│園田邸
窓辺のソファコーナー│園田邸
庭と居間を一体化させる試み│私の家
つながりながら区切られた居間と食堂│保土ヶ谷の家
樹木に包まれた居間│保土ヶ谷の家

中庭・坪庭
庭と諸室の有機的な構成│平野邸
坪庭と開口部│猪股邸、四君子苑
池上の広縁│四君子苑

窓・建具
内外のつながり方を調整できる4枚の大扉│飯箸邸
視線を庭へと誘導する開口部│猪股邸
柱が除かれた居間コーナー部の大開口│四君子苑
新旧が融合する下の間・上の間│四君子苑
コーナー部が開放された縁側│聴竹居
柱心からずらされた建具│足立別邸
庭へと開放された書斎コーナー部の開口│猪股邸増築部
居間を見下ろす開口│飯箸邸
空間に浮遊感をもたらす居間の開口部│園田邸
居心地の良さがデザインされた窓辺│脇田邸
縁側の水平連続窓と換気用小窓│聴竹居
障子が取り付けられた居間の高窓│井上邸
風と緑を取り込む居間の換気窓│保土ヶ谷の家
光のグラデーションを生み出す雪見障子と欄間│四君子苑
質の異なる光を取り入れる和室の窓│猪股邸
暗がりに浮かぶ閑室の地窓│聴竹居
多彩なスリット窓│平野邸
屋根に突き出た四つの天窓│平野邸","建築","jpn","224","A5"
"4416523181","9784416523186","名作椅子の解体新書 PART2","西川栄明 著,坂本茂 著","誠文堂新光社","2023-10-10","2年","3520","","","","","","","","","『名作椅子の解体新書』（2020年刊行）の続編。レッドアンドブルーチェアやトーネットNo.14など「名作椅子」と呼ばれている椅子、フィン・ユールやイームズなどの著名デザイナーがデザインした椅子について、解体（分解）、組立、座の張り替えなどの工程を写真入りで詳細に紹介（＊椅子によって、解体のみ、解体・組立、布（革）張りの剥がし　等々のパターンあり）。

これらを紹介しながら、各椅子の特徴、構造、デザイナーの思いなど探っていく。
１）どのような技術が駆使されているか：接合方法、強度の持たせ方、デザインを生かすための工夫、外見からはわからない隠れた部分での工夫　など
２）長所、短所
３）素材：使用木材や金属の種類、張地の中身（綿、布、馬毛、ウレタンなど）　など
４）デザイナーがどのような考え方で、その椅子を手掛けたのか。どのような経緯で、その椅子が誕生したのか。
５）掲載椅子（19脚）
・レッドアンドブルーチェア〔ヘリット・トーマス・リートフェルト〕
・ワシリーチェア〔マルセル・ブロイヤー〕
・トーネットNo.14〔トーネット〕
・チーフティンチェア〔フィン・ユール〕
・BO59〔フィン・ユール〕
・ディプロマットチェア〔フィン・ユール〕
・PP124〔ハンス J. ウェグナー〕
・ミニベアチェア〔ハンス J. ウェグナー〕
・PK31〔ポール・ケアホルム〕
・アームチェア402〔アルヴァ・アアルト〕
・ラミノチェア〔イングヴェ・エクストロム〕
・ヨーテボリチェア〔エリック・グンナール・アスプルンド〕
・キャブ〔マリオ・ベッリーニ〕
・イームズラウンジチェア〔イームズ〕
・アルミナムグループチェア〔イームズ〕
・モデル72〔エーロ・サーリネン〕
・山葉文化椅子〔日本樂器製造株式会社〕
・コトブキ製サイドチェア〔柳宗理〕
・曲彔『名作椅子の解体新書』(2020年)の続編。椅子19脚の解体や組立を行い、部材や接合方法を詳細紹介。特徴や構造などを探る。　・チーフティンチェア〔フィン・ユール〕
チーフティンチェアを解体・修復する
－なぜ、チーフティンチェアのアームには鉄板が入っているのか－

・BO59〔フィン・ユール〕
フィン・ユールのBO59を解体する
－特徴的なX字形の貫は、どのような構造になっているのか－

・ディプロマットチェア〔フィン・ユール〕
ディプロマットチェアを解体・修復する
－フィン・ユールがデザインした、量産タイプのノックダウン式アームチェア－

・PP124〔ハンス J. ウェグナー〕
ウェグナーのPP124をフレーム状態にする
－丈夫なロープ（フラッグ・バリヤード）を背と座に使用したロッキングチェア－

・ミニベアチェア〔ハンス J. ウェグナー〕
ミニベアチェアを解体・修復する
－ミニベアチェアは、パパベアチェアとどこが違うのか－

・PK31〔ポール・ケアホルム〕
ポール・ケアホルムのPK31を解体・修復する
－シートや背もたれを横に連結して、座席を増やせるソファ－

・アームチェア402〔アルヴァ・アアルト〕
アアルトのアームチェア402を解体・修復する
－アアルト夫妻の曲げ加工技術研究によって生まれた椅子－

・ラミノチェア〔イングヴェ・エクストロム〕
ラミノチェアを解体・修復する
－スウェーデンで人気の高い、人間工学の視点からデザインされたノックダウン式のエレガントな椅子－

・ヨーテボリチェア〔エリック・グンナール・アスプルンド〕
ヨーテボリチェアを解体する
－トーネットの椅子に似ているといわれるが、構造面では似て非なるもの－

・トーネットNo.14〔トーネット〕
トーネットNo.14を分解する
－なぜ、トーネットの椅子は世界中で愛用されてきたのか－

・レッドアンドブルーチェア〔ヘリット・トーマス・リートフェルト〕
レッドアンドブルーチェアを分解する
－なぜ、レッドアンドブルーチェアは、見た目にインパクトがあるのか－

・ワシリーチェア〔マルセル・ブロイヤー〕
ワシリーチェア（B3）を分解する
－なぜ、ワシリーチェアの素材にスチールパイプが使われたのか－

・キャブ（CAB）〔マリオ・ベッリーニ〕
キャブ（CAB）の革を剥がす
－なぜ、素材は革だけに見えるのに、強度も柔軟性もある椅子になっているのか－

・イームズラウンジチェア〔イームズ〕
イームズラウンジチェアを解体・修復する
－なぜ、イームズラウンジチェアは、イームズの椅子の代表作といわれるのか－

・アルミナムグループチェア〔イームズ〕
アルミナムグループチェアを分解する
－イームズが、構造上の重要箇所にアルミニウムを用いる先駆けとなった椅子－

・モデ","写真・工芸","jpn","208","B5"
"4416717415","9784416717417","北欧木の家具と建築の知恵","長谷川清之 著","誠文堂新光社","2018-01-14","8年","2860","","","","","","","","","北欧の木造家具や建築を長年研究してきた著者が今だからこそ伝えたい、北欧現代デザインを生み出した人々の生活の知恵の数々。

北欧の家具や什器、建築のデザインに興味のある人はもちろん、
そのルーツを探ることで見えてきた、日本人にとっても重要な木の文化や、ものづくりの原点について、
著者が現地で撮りだめてきた多くの写真とともに解説した書籍です。

はじめにより～
北欧の木造建築、さらに当時のままの家具や什器などを見ると、
技術的には劣っていても、木を如何に活かすかを考え、木を丸ごと活かす工夫が見られます。
特に椅子を見るとそれを強く感じるとともに、モノの本来の在り方にまで思いを巡らせていることが理解できます。
19世紀になっても、北欧の人々にとって、家は一家の主を中心として家族総出で造るものでした。
什器や椅子、テーブルなども勿論、主を初めとした使い手の手作りでした。
そのため現代でも、家の補修さえ専門家に任せることなく、自ら行う人々が多く見られます。

もちろん私達日本人も、歴史的にも木との関わりが強く、木に対する親しみの深い民俗です。
しかし現代の私達はそれを忘れかけているように思えます。
日本では早くから専門分化が進み、家を建てるのも家具什器を作るのも、もっぱら工人の仕事となっていきました。
それによって専門家の技術は発達しました。
一方で、それらを使う立場の者は木との関わり・木への想いが薄れたとも云えそうです。
現代では、「住まい」は耐久消費財として住宅メーカーの手にわたり、住み手との関りはますます遠のいています。
住み手は、「住まい」を共に「造る」のではなく、「買う」感覚になってしまっています。

近年、各種メディアで古民家や木の家具が取り上げられます。
しかし常に一過性のブームに終わってしまう。
日本の森は、戦後植林された杉、檜が成長しているにも関わらず、手入れがされないため、70％が“死の森”となっていると云われます。この森との関わり方にも、現代の日本人が置き忘れた大切なことが感じられます。

このような北欧の人々の木や自然への想いを知るにつけ、
私たち日本人にも親しみやすく、優れた“北欧デザイン”の根底には、
その想いを基にした“ものづくり”の思想があるのではないか、と考えるようになりました。

民家の調査行を通して得たエピソードを交えつつ、
第二章に示した、無名の人々の手によって作られた、北欧の民家の中の家具・什器等、云わば民芸品の数々を通して、
それらに込めた彼らの強く、深い木（樹）に対する想いを伝えたい。
そして、彼らの想いの表れた“ものたち”から、「北欧デザイン」の根底にあるものを読み取っていただきたいと考えています。北欧の木造家具や木造建築を多数紹介。貴重な写真から北欧現代デザインのルーツが見えてくる。北欧デザイン好きには必見の資料本。第１章　北欧の人々の帰途の強く深い関わり
第２章　住まいと建築物
第３章　家具
第４章　暮らしの道具","写真・工芸","jpn","208","A5"
"4838756100","9784838756100","住まいに、美しいものを。 (MAGAZINE HOUSE MOOK ＆ Premium特別編集 合本「花と緑」BOOK)","","マガジンハウス","2023-06-07","2年","1780","","","","","","","","","＊本誌は『&amp;Premium』2021年8月号の特集「部屋に、美しいもの、かわいいものを」、
2022年5月号の特集「センスがいいって、どういうことですか」、
同年7月号の特集「家で使う、飾る、美しいもの」を中心に、再編集・増補改訂したものです。
掲載情報は2023年5月25日現在の編集部調べです。掲載商品の価格は、原則的に消費税込みの価格です。

&amp;Interior
Life with Lovely Things
住まいに、美しいものを。

（目次）
Inokuma Collection
猪熊弦一郎の、ハッピーな友だち。

Akira Minagawa's House
好きなものと暮らす、皆川 明さんの家。

Home Decors
美しいもの、かわいいもの、のある暮らし。

Toys
世界の日本の、美しいオモチャ。

Tips for Japanese Crafts
美しいもの、かわいいものを探しに仙台、白石へ。

Home Decors
美しいものを使う、飾る、暮らし。

Utility Goods
美しく、かわいく、使い勝手もいい。
わがままを叶える日用品案内。

PEOPLE WHO LOVE BEAUTIFL TOOLS
あの人が集める、暮らしで使うもの。

Rooms with Inspirations
部屋の飾り方とセンス。

World's Home Decors
海外で暮らす人たちの、美しいものがある住まい。
","諸芸･娯楽","jpn","144","A4変"
"4756254586","9784756254580","日本の住まいで楽しむ北欧インテリアのベーシック","森百合子 著","パイインターナショナル","2021-03-11","4年","1870","","","","","","","","","探していた理想の「普通」が、北欧にあった……
北欧ベーシックを実践する具体的なアイデアが満載の１冊！

北欧インテリア＝ナチュラル、シンプルだけではありません。長年、北欧の家を訪ね見てきた著者が日本の家と北欧インテリアの相性が良い理由をひもときながら、リノベーションを重ねた自邸での実践方法を紹介します。住まいのベースとなる部分の作り方や、色・デザインを積極的に楽しみ、取り入れるアイデア。それは「こうでなければ」というルールではなくて、知っておくとアレンジもできる基礎でありベーシックな考え方です。そこをうまく捉えられれば、日本でも北欧の住まいのような「普通」に素敵な
インテリアが叶えられます。著者コレクションの北欧の食器、テキスタイル、映画書籍のコラム付き。

１章　北欧の家で見つけた　インテリアのベーシック
北欧の家３軒拝見
北欧インテリアの5 つのベーシック
　1. 住まいのベースは白
 　2. 灯りはいくつも重ねる
 　3. 素材とモチーフは自然から 
　4. 色と積極的に付き合う
 　5. 自分らしさを大切にする 

２章　日本で北欧インテリアのベーシックを取り入れる
わが家の白いベースのつくり方
わが家の灯りの選び方
わが家の自然の取り入れ方
わが家の色との付き合い方
わが家の自分たちらしさの表し方
部屋が楽しくなる小さなアイデア

３章　リノベーションで実践したベーシックと工夫
森家のリノベーション物語
部屋別リノベーション＆インテリア紹介

他エッセイ＆コラム","家事","jpn","128","B5"
"4939102513","9784939102516","北欧デザイン 3 テキスタイルとグラフィック","渡部千春 著","プチグラパブリッシング","2004-02","22年","2640","","","","","798","2","586","1","マリメッコ、ティオ・グルッペン、オーレ・エクセル…。くらしと歩む、心地よきデザインたち。ヴィジュアルディレクトリー「北欧デザイン」シリーズ、第３巻はテキスタイルとグラフィック。","芸術総記","jpn","176","A5"
"4416622007","9784416622001","民具のデザイン図鑑","武蔵野美術大学民俗資料室 編,加藤幸治 監修","誠文堂新光社","2022-10-12","3年","2420","","","","","","","","","■民具からデザインのヒントを見つける

　特定の設計者がいない、人々の暮らしから生まれる民具の造形には、身体性や生活の現場において理にかなった造形やデザインのアイデアが秘められています。

　民具の分類としては衣・食・住など「用途別」による分類・整理が一般的ですが、本書では形態、機能、素材、意味などに注目し、民具がもつ豊かなデザインの世界をあらためて問い直します。
　「小さな森で身を包む」「つくろいの造形」「布で情景を描く」などのトピックを立て、ビジュアルを豊富に用いながら、用途の枠を超えて民具の魅力を横断的に読み解きます。

　収録する民具は、武蔵野美術大学民俗資料室が収蔵するおよそ9万点のコレクションから精選。本コレクションは、民俗学者・宮本常一の指導により収集が始まり、生活用具、郷土玩具、信仰資料など、国内有数の収蔵品を誇ります。

【目次】
はじめに
巻頭言　くらしの造形から見つける「デザインの素」
第１章　かたちと身体性
コラム１　宮本常一と民俗資料室コレクション
第２章　ユーモアと図案
コラム２　美術教育の源泉としての民具
第３章　見立てと表象
おわりに
掲載資料一覧
*****************************身体性・図案・祈り。民具に隠されたデザインのアイデアを読み解く。はじめに
巻頭言　くらしの造形から見つける「デザインの素」
第１章　かたちと身体性
コラム１　宮本常一と民俗資料室コレクション
第２章　ユーモアと図案
コラム２　美術教育の源泉としての民具
第３章　見立てと表象
おわりに
掲載資料一覧","芸術総記","jpn","170","A5"
"4761532645","9784761532642","アルヴァ・アアルトのインテリア","小泉隆 著","学芸出版社（京都）","2020-10-28","5年","3520","","","","","","","","","上質な建築の真価は内部空間に現れる。北欧を代表する建築家アルヴァ・アアルトは、自ら設計した建築のインテリアの隅々まで使いやすさ、美しさを追求した。暮らしに対する鋭い感覚と研ぎ澄まされたデザイン力が結実した椅子、木製家具、照明、ガラス器、テキスタイルの120作品を、500点以上の写真、スケッチ、図面で紹介。暮らしに対する鋭い感覚、研ぎ澄まされたデザインが結実した北欧の椅子、照明、ガラス器など120作品を500点の図版で紹介Introduction　アアルトのインテリアデザインを支えた思想と背景 ─親しみやすさと革新性の共存─

Total Design
パイミオのサナトリウム
サヴォイ・レストラン
マイレア邸
国民年金会館本館
ルイ・カレ邸
ハーバード大学図書館のポエトリールーム
米国国際教育研究所のカウフマン会議室

Exhibition and Promotion 
最小限住宅展
ヨーロッパでの展覧会と評価の高まり
アルテック社の設立
パリ万国博覧会のフィンランド館
ニューヨーク万国博覧会のフィンランド館
フィンランド・ハウジングフェア

Chair 
古典主義期の椅子
デザインの近代化の兆し
オット・コルホネンとの出会いとスタッカブルチェアの誕生
木材加工技術開発の出発点となったスチールパイプ製の椅子
フォーク・センナ
世界初の柔らかい木製椅子
トーネット社のコンペティション
肘掛けも一体化されたハイブリッドチェア
木製のキャンチレバーチェアの誕生
ループ状の木製フレームによるパイミオチェア
門型の木製サイドフレームによるアームチェア
マルセル・ブロイヤーとの相互関係
キャンチレバーチェアのヴァリエーション
L-レッグの誕生とスツール 60
「柱の妹」と呼ばれた椅子の脚
実験から生み出された木製のレリーフ
Y-レッグ
X-レッグ
アームチェアのヴァリエーション
国民年金会館本館のスパゲッティチェア
フィンランディア・ホールの椅子
V63 スツール
バルコニーチェア
ガーデンファニチャー

Other Wooden Furniture 
機能主義への移行期の家具
曲げ木の加工技術を応用した家具
900/901 ティートローリー
トライアングルフレームの棚
100 パーテーション
H-レッグのテーブル
フィンランドが育んだ白樺の活用

Lamp 
古典主義期の照明
機能主義期の照明
有機的なフォルムをまとったランプ
ポール・ヘニングセンからの影響
リング状のシェードで光源を包み込んだ照明
円筒形のペンダントランプ
球形のスポットライト

Glass Object
ボルゲブリック
リーヒマキ・フラワー
アアルトベース
マイヤ
1930年代のガラス皿
アアルトフラワー
誕生日プレゼントのラージベース
1950年代のガラス皿
イッタラ社と工場

Textile
特定の建築のためにデザインされたテキスタイル
アイノのテキスタイル
世界各地のテキスタイルへの関心
1950年代のテキスタイル

Store an","建築","jpn","208","A5"
"4777955583","9784777955589","人生が変わる料理道具 (エイムック)","","枻出版社","2019-06-25","6年","1430","","","","","822","1","","","","家事","","143","A4変"
"4844137948","9784844137948","道具のブツリ","田中幸 文,結城千代子 文,大塚文香 絵","雷鳥社","2023-08-03","2年","2420","","","","","","","","","理にかなったものは美しい

25個の生活道具とそこに隠されたブツリをひも解く、

風変わりで、やさしい、物理学の入門書。



身の回りのものはすべて自然の原理や法則のもと成り立っています。

役に立たないと思われがちな中学・高校で習うブツリが、

実はさまざまな道具がもつ「用の美」の基礎になっているのです。



本書は、誰もが一度は使ったことのある生活道具を

「ながす道具」「さす道具」「きる道具」「たもつ道具」「はこぶ道具」の５つの章に分け、

物理を専門とする教師ふたりが、ああでもない、こうでもないと呟きながら、

道具とブツリの面白い関係について語ります。難しい公式や計算はいっさい出てきません。



点で突き刺すフォーク、慣性の法則で水を切るざる、

無限の刃渡りをもつピザカッター、空中の支点でてこを動かすハサミ…etc.



紀元前に生まれたスプーンや車輪など、

今なお変わらない道具の形やしくみにもう一度目を向けることで、

長い年月を経ても廃れない道具のデザインや機能が見えてくることでしょう。



開くと正方形になる縦長の判型、開きのよいコデックス装。

そして色やテクスチャを版画のように重ねた、

独特な風合いのある大塚文香さんの挿絵にもご注目！



【物理学に関する発見とエピソードも満載！】

・16頭の馬で引っ張り合ったマグデブルクの半球実験

・コルクを観察し「cell（細胞）」を見つけたロバート・フック

・アモントン、クーロンが提唱した「凹凸説」デザギュリエが提唱した「凝着説」

・デュワーが発明した－196°の液体窒素を運ぶ実験道具

・「熱素（カロリック）説」を唱えたラボアジェ　…etc.理にかなったものは美しい25個の生活道具とそこに隠されたブツリをひも解く、風変わりで、やさしい…まえがき



ながす道具

・スプーン　丸みを帯びたつぼの秘密

・漏斗　地球の引力でものを下に落とす

・シャワー　勢いのある水流を作る

・扇風機　空気を集めて風を作る

・ワイングラス　流速と香りを操るデザイン



さす道具

・フォーク　点で刺して持ち上げる

・注射器　摩擦を減らしてなめらかに刺す

・ホチキス　てこの原理で楽に刺す

・ワインオープナー　刺しやすく抜けやすいらせん

・端子　さすと流れる電気の不思議



きる道具

・包丁　分子の結びつきを断ち切る

・ピザカッター　直線より長い円弧の刃

・ハサミ　空中の支点でてこを動かす

・紙やすり　面で凸凹をすり減らす

・ざる　慣性の法則で水を切る



たもつ道具

・ゼムクリップ　小さなばねで紙を留める

・線ファスナー　噛み合う力で閉じる

・吸盤　見えない空気の力で張りつく

・コルク栓　生物由来の素材で密閉する

・魔法瓶　真空を作って保温する



はこぶ道具

・車輪　重たいものを転がして運ぶ

・杖　倒れないように支えて運ぶ

・箸　重力とつり合う力で持ち上げる

・おぼん　ものを空中で水平に運ぶ

・ピペット　底のない容器で運ぶ



column

・平たいアイスクリームスプーン

・コーヒーを美味しく淹れるためのアリジゴク

・まあるい水滴になる理由

・紙やすりに砥粒を均一にくっつける方法

・遠心力はまぼろしの力？

・重さが均一でない棒の重心を探ろう

・weightとmassの違い

・砂の摩擦角が山の傾斜を作る



あとがき","物理学","jpn","268","A5"
"4863586574","9784863586574","「再生」が拓く新しい物語 (温故知新のリフォーム)","旧家再生研究所 編,住友林業ホームテック 監修","建築資料研究社","2020-03-05","5年","1650","","","","","","","","","民家再生を専門とする旧家再生研究所による、日本建築の知恵と奥深さを継承する事例集。","建築","","107","B5"
"4863585128","9784863585126","住み継ぐ","藤岡龍介 著","建築資料研究社","2017-06-29","8年","1980","","","","","","","","","","建築","","99","B5"
"4391131447","9784391131444","はたらく道具つかう器","柳瀬久美子 著","主婦と生活社","2005-10","20年","1320","","","","","150","1","","","日常生活でよく使う道具も、長く付き合っていくと、なにげない毎日が新鮮で楽しくなる。著者が大切に使い込んだ道具や器の数々をエピソードを交えて紹介。「美しい部屋」の連載を再編集して書籍化。","家事","jpn","96","B5"
"4480873481","9784480873484","骨董自在ナリ","勝見充男 著,坂本真典 写真","筑摩書房","2005-08-25","20年","1870","","","","","","","","","骨董は古い物でありながら、いつの時代も息づく“なまもの”である。新旧和洋、ジャンルなど既成の価値観にとらわれず、自在に骨董を楽しもう。日々の暮らしに生かす「自在屋流」骨董術。","写真・工芸","jpn","126","A5"
"4334104711","9784334104719","日本暮らしのフレンチ・アンティーク","山端朱美 著","光文社","2024-10-23","1年3ヶ月","1870","","","","","1155","1","","","初めてフランスを訪れた際、古道具屋でヨーグルト瓶を手にしたことをきっかけにフレンチ・アンティークの魅力に取り憑かれバイヤーに――。カフェオレボウルは小丼に、白いタイルにはいちご大福を、ピシェ（水差し）にはキッチンツールを、軟膏ポットは爪楊枝入れに……。100年以上、フランスで愛用されてきた食器や道具を、現代の日本に暮らす私たちが楽しく取り入れる方法を、フレンチ・アンティーク愛たっぷりにご紹介します。100年以上、フランスで使われてきた食器や道具を現代日本の暮らしに楽しく取り入れ、日々を豊かに彩るための指南書。","諸芸･娯楽","jpn","144","A5"
"4568503698","9784568503692","Time ＆ style culture of lifescape","","プレステージジャパン","2008-12","17年","2200","","","","","","","","","長い時間軸の中で培われた生活の風景の中に息づく「文化」を基本に、上質でシンプルなインテリアを提案するライフスタイルショップ・タイムアンドスタイル。その造形美と機能美を堪能できる１冊。","芸術総記","jpn","324","A4"
"4897377951","9784897377957","地味のあるデザイン","小泉誠 著","六耀社","2015-08-15","10年","2750","","","","","","","1665","1","箸置きから椅子、空間まで、「理のあるかたち」を生む小泉誠のデザイン。腑に落ちるまでデザインに専心する著者が、その極意を語る。すべての「モノづくり」に関わる人、地域の活性化を目指す人にオススメの１冊。","建築","jpn","190","A5"
"4767818370","9784767818375","テレンス・コンラン流インテリアの基本","テレンス・コンラン 著,大野千鶴 〔訳〕","エクスナレッジ","2014-10","11年","2420","","","","","","","","","世界でもっとも有名なインテリアデザイナーのひとり・コンランの目指した、「無駄なく」「シンプル」「実用的」の３つの要素。そのエッセンスがぎっしり詰まった、コンラン流インテリアの実例集。","家事","jpn","221","A4"
"4479784004","9784479784005","世界一幸せな国、北欧デンマークのシンプルで豊かな暮らし","芳子ビューエル 著","大和書房","2017-09-23","8年","1540","","","","","655","2","","","デンマーク流シンプルで豊かな暮らし。「住まい」をキーワードに、著者がデンマークで学んだ人生を豊かに生きるためのヒントを紹介。","家事","","189","B6"
"4767825210","9784767825212","図解世界の名作住宅","著:中山 繁信,著:松下 希和,著:伊藤 茉莉子,著:齋藤 玲香","エクスナレッジ","2018-09-29","7年","1980","","","907","1","670","1","","","ライト、コルビュジエ、ミース、イームズ、アアルト、カーン、 丹下健三、前川國男、菊竹清訓、宮脇檀、藤森照信 ... 巨匠たちが残した住宅遺産を、あえて写真を一切使わずイラスト図解!!2014年発売の定番書『世界で一番美しい名作住宅の解剖図鑑』が、大幅改訂&amp;コンパクトサイズ化で生まれ変わります!!","家事","","300","A5"
"4766117891","9784766117899","住宅＆アパートメントインテリア (ニュ－パ－スペクティブ・シリ－ズ)","編集:モスタエディ,アリアン,原著:Mostaedi,Arian","グラフィック社","2007-03","18年","2750","","","","","","","","","住宅の環境を形成し強化するのは、素材、空間配置、照明。本書は、それらの使用効果に焦点を当て、世界のインテリアデザインの中から最も優れた事例を多数紹介する。インテリアデザインの分野に携わる人必携の１冊。","建築","jpn","255","A5"
"4336062897","9784336062895","アルヴァ・アアルト","和田菜穂子 編集","国書刊行会","2018-10-25","7年","4180","","","","","","","","","モダニズムに自然の要素を取り入れ、人々の暮らしをよ
り良くする建築や家具デザインなどを追求した、フィンラン
ドが生んだ20世紀を代表する建築家アルヴァ・アアルト
（1898-1976）。建築における有機的な形態と素材の優れ
た相互作用を体現したパイミオのサナトリウム（1933）や
マイレア邸（1939）、近代家具の展開に画期的な役割を果
たした《アームチェア 41 パイミオ》（1932）や《スツール 60》
（1933）、フィンランド・デザインのシンボルになっているガラ
ス器《サヴォイ・ベース》（1936）など、その多彩なる活動を、
300点に及ぶオリジナル図面や写真でたどる。
日本の建築家３名（坂茂、藤本壮介、堀部安嗣）の、アア
ルトに関するインタビュー・講演録を特別収録。コラムや、ア
アルトと日本との関わりを追ったエッセイも収録した充実の
一書。同名の国際巡回展日本展の公式図録。人間と自然との関係性を見つめなおし、暮らしをより良くする建築や家具デザインを追求した建築家アアルトの活動を図面や写真で辿る。","建築","jpn","388","B5変"
"4887062524","9784887062528","「光の家具」照明","坂川栄治 著","TOTO出版","2005-07-10","20年","1650","","","759","1","","","519","2","今までの照明を「リ＝ライト」して、もっと上質な居心地の良さを作ろう。人気装丁家が綴る、照明で演出する空間づくり。豊かなくつろぎを手に入れるための明かりの使い方と考え方がいっぱい。","日本文学・評論・随筆・その他","jpn","173","A5"
"4152089253","9784152089250","スウェーデンで家具職人になる！","須藤生 著","早川書房","2008-05-25","17年","1980","","","","","329","2","","","北欧の最高の創作環境で最高の技術を学んだイクルが、家具職人試験に合格するまでの日々をレポート。木工ファンには興味深い技術的解説、北欧の豊かな生活スタイルに関する考察も満載。カラー写真多数。","日本文学・評論・随筆・その他","jpn","191","A5"
"4582620272","9784582620276","ハーマンミラー物語","渡辺力 著","平凡社","2003-11","22年","2640","","","","","","","","","ミッド・センチュリーの立役者たちが集った「夢の場所」ハーマンミラーを舞台に、イームズからネルソン、ノグチまで、彼らと交流のあった９２歳の現役デザイナーが、彼らの素顔を熱気を込めて描いた１冊。","写真・工芸","jpn","221","A5"
"4794810385","9784794810380","100年に一人の椅子職人","川嶋康男 編著","新評論","2016-05-11","9年","2750","","","335","1","310","1","","","世界で唯一、木製家具コンペティションを開催する北海道旭川市の「国際家具デザインフェア旭川（ＩＦＤＡ）」。三年に一度、世界各地のクリエーターたちが旭川に集い、オリジナルの木製家具デザインを発信している。このフェアを創設したのが、アメリカ・ヨーロッパ・アジア圏へ進出している家具メーカー「カンディハウス」の創業者・長原實である。本書では椅子職人としての60年にわたる長原のクラフトマン人生をたどっていく。
　明治期、豊かな広葉樹の産地である旭川では木製家具産業が発達し、戦後は箪笥などの高級家具で一時代を築いた。しかし高度成長期になると「箱もの家具」の衰退により、「旭川家具」は低迷に向かう。長原は、それまで誰も手をつけなかった「脚もの家具」のメーカー直販を先行し、世界の一流デザイナーとのコラボによるデザイン家具を切り札に、独自の販売路線を切り拓いていった。長原の歩みはデザインへの目覚めからはじまる。「子どもにも優しい木製家具」という目線を崩すことなく、大雪山系を望む北の大地に生きる生活者の感性を磨いた「ふだん着のエレガンス」で、潤いと機能美をシンプルに意匠した。その誰にも真似のできない感性は、人をして彼を「100年に一人の異才」と呼ばしめる。
　長原は業界の枠を越えた知力と行動力、そして「ものづくりは人づくり」という持論で、「旭川家具」を導き、地方都市の産業のあり方や未来への「処方箋」をも指し示した。彼の歩みからは、先端技術をもつ職人とデザイナーとの協働による「知的産業」のあるべき姿が見えてくる。
　本書では、長原とかかわりのあった多くの方々に取材を敢行したほか、「カンディハウス」の職人たちが綴った文章なども掲載している。「こだわり」に満ちたそれらを読むと、今あなたが座っている椅子は単なる家具ではなくなるだろう。椅子職人であり、デザイナーであった長原は、2015年10月8日、泉下の人となった。享年80歳、合掌。（かわしま・やすお）世界に誇るブランド木製家具「旭川家具」を牽引してきた、反骨の椅子職人・長原實。国内有数の家具メーカーである「カンディハウス」を主題に、その人生と、日本社会および世界に向けたパフォーマンスの数々を紹介。","写真・工芸","jpn","278","B6"
"4487800951","9784487800957","マイレア邸／アルヴァー・アールト (ヘヴンリ－ハウス 20世紀名作住宅をめぐる旅)","松本淳（建築家） 著","東京書籍","2009-08","16年","2640","","","","","","","","","シンプルでかわいい北欧デザイン。その最大の巨匠＝アールトの代表作，マイレア邸。北欧の深い森の中に建ち，モダンデザインの美学と自然との調和が見事に両立する，日本でも人気の高い住宅を徹底解剖。巨匠アルヴァー・アールトによる、デザイン大国フィンランドで一番美しい家を、豊富なヴィジュアルとともに紹介。自然と伝統とモダニズムが結実したマイレア邸を丸ごとナビゲート。写真・図面や資料を多数収録。","建築","jpn","155","B5"
"4579210190","9784579210190","北欧デザイン手帖","長嶺輝明 写真,レスパ－ス 編","文化出版局","2007-10","18年","1980","","","","","","","","","北欧モダンデザインの力強さは、いつの時代も私たちを魅了してきた。北欧デザイナーの家具、クラフト、プロダクト、テキスタイル、建物などを地図、ショップ、年表などデータ満載で紹介。","家事","jpn","160","A5"
"4309904475","9784309904474","モダン・ナチュラル (E´．T．style)","著:ロス・バイアム ショー,原著:Shaw,Ros Byam,原著:Wood,Andrew,翻訳:樹, 北野","エディシオン・トレヴィル","2001-09","24年","4180","","","","","","","","","アーツ＆クラフツ運動、北欧モダニズムの流れを汲んだモダン・ナチュラル。自然素材を生かしたシンプルな家具、クラフツマンシップ溢れる温かみのある空間を２２０点以上の写真で紹介したインテリアブック。","建築","jpn","142","A4"
"4939102505","9784939102509","北欧デザイン 2 プロダクト","渡部千春 著","プチグラパブリッシング","2003-11","22年","2640","","","","","","","","","イッタラ、ルイス・ポールセン、カイ・フランク…。ライフスタイルとともにある、愛しきデザインたち。ヴィジュアルディレクトリー「北欧デザイン」シリーズ、第２巻はプロダクトデザイン。","芸術総記","jpn","176","A5"
"4761523239","9784761523237","デンマーク・デザインの国","島崎信 著","学芸出版社（京都）","2003-09-10","22年","2750","","","","","","","","","デンマークの歴史と伝統が育んだ、建築、家具、テーブルウェアなどの優れたデザイン。デザイン・マインド溢れるデンマークを巡り、素材に対する敏感さ、ディテールへのこだわりが生む美しいデザインの本質に迫る。","建築","jpn","207","A5"
"4416516274","9784416516270","Yチェアの秘密","坂本茂 著,西川栄明 著","誠文堂新光社","2016-07-05","9年","2420","","","","","","","","","名作椅子の中でも特に有名で人気の高いYチェア(ハンス・ウェグナー)について、その人気の秘密、どこが優れているのか魅力があるのか、なぜこのようなデザインや構造になっているのかなどを詳細に解き明かす本(座編みのやり方についての詳細解説付き)。

・なぜYチェアは人気があるのか。
その人気の秘密を、デザイナー、木工家、販売店、日常生活で使っている人などの感想を踏まえて探っていく。

・デザイン・構造の秘密
それぞれの部位のデザインには意味がある。
なぜYの曲線が必要なのか(人が横向きになってリラックスして座れるように背はY形に)。
作り手の作業効率を考えた構造(座編み作業がしやすいように、座の後ろに隙間があいている)。
各部位ごとに詳細に解説。

・Yチェア誕生の秘密
Yチェアが生まれる背景を探る。
1940年代のデンマークデザインの状況、ハンス・ウェグナーと中国・明代の椅子との出会い、どのようにYチェアが広まっていったのかなどを紹介。

・日本でどのようにして評判になっていったのか
戦後日本に世界のデザインが紹介されていった経緯、Yチェアが日本でいつ頃から販売されているのか、どのようにして日本で年間5000脚以上も販売されるようになったのかなどを解説。
価格の推移なども紹介。

・コピー商品を見分ける方法
オリジナルのYチェアとコピー商品との違いの見極め方ポイントを解説する。
コピー商品対策としてYチェアの立体商標登録を取得するまでの過程を紹介。

・Yチェアの修理とメンテナンス
座編みの達人が、座の編み方のポイントを写真と共に詳細解説。

・様々な視点からYチェアの写真を掲載
初期のYチェア、60年代、80年代、最新といった年代別Yチェアの比較写真を掲載。
Yチェアの発想の源になった中国・明時代の椅子「圏椅」、ウェグナーデザインのチャイニーズチェアやザ・チェアなどの写真を掲載し、デザインの変遷を見る。

■目次
第１章　人気の秘密―Ｙチェアはなぜ人気があるのか。Ｙチェアの魅力とは
第２章　デザイン・構造の秘密―それぞれの部位のデザインや構造には意味がある
第３章　Ｙチェア誕生の秘密―Ｙチェアが生まれた背景や普及していった状況を、デンマーク家具や製造会社の歴史、ウェグナーの生い立ちなどから探る
第４章　日本でどのようにして評判になっていったのか―Ｙチェアの日本での普及の変遷
第５章　Ｙチェアの模倣品を見分ける方法とコピー対策―Ｙチェアの立体商標登録までの道のり
第６章　Ｙチェアの修理とメンテナンス―座編みの技を一挙公開
***************************名作椅子として人気の高いYチェアについて、人気の秘密、デザイン・構造の秘密、誕生の背景と経緯などを詳細に解き明かす本。第１章　人気の秘密―Ｙチェアはなぜ人気があるのか。Ｙチェアの魅力とは
第２章　デザイン・構造の秘密―それぞれの部位のデザインや構造には意味がある
第３章　Ｙチェア誕生の秘密―Ｙチェアが生まれた背景や普及していった状況を、デンマーク家具や製造会社の歴史、ウェグナーの生い立ちなどから探る
第４章　日本でどのようにして評判になっていったのか―Ｙチェアの日本での普及の変遷
第５章　Ｙチェアの模倣品を見分ける方法とコピー対策―Ｙチェアの立体商標登録までの道のり
第６章　Ｙチェアの修理とメンテナンス―座編みの技を一挙公開","写真・工芸","jpn","191","A5"
"4582633986","9784582633986","ハンス・ウェグナーの椅子100 (コロナ・ブックス)","ハンス・J．ウェグナ－ 〔作〕,織田憲嗣 構成","平凡社","2002-10","23年","2640","","","","","","","","","「椅子の詩人」と呼ばれ、５００脚以上の椅子をデザインしてきたデザイナー・ウェグナーの名作椅子を大公開。“世界で最も美しい椅子”といわれるザ・チェアをはじめベスト１００を選び、材質・特徴を紹介。","写真・工芸","jpn","198","A5"
"457930408X","9784579304080","皆川明の旅のかけら","皆川明 著","文化出版局","2003-11","22年","1650","","","","","399","3","277","2","ミナペルホネンの皆川明による、雑誌「装苑」の好評連載を単行本化。テキスタイル、時間の軸を超えるデザイン、人との出会いなど、様々な“旅のかけら”たちを集めた１冊。カラー写真多数収録。","日本文学・評論・随筆・その他","jpn","127","A5"
"4939102491","9784939102493","北欧デザイン 1 家具と建築","渡部千春 著","プチグラパブリッシング","2003-10","22年","2640","","","","","","","","","アアルト、ヤコブセン、ウェグナー、パントン…。デザインから感じる、「北欧」というモダン。ヴィジュアルディレクトリー「北欧デザイン」シリーズ、第１巻は家具と建築。","芸術総記","jpn","176","A5"
"475625862X","9784756258625","椅子とめぐる20世紀のデザイン","織田憲嗣 執筆","パイインターナショナル","2024-03-14","1年11ヶ月","2860","","","","","","","","","アール・ヌーヴォーからポストモダンまで、20世紀のデザインを名作椅子とともに解き明かす

モダニズムの元祖となったバウハウスや、プラスチックや成型合板で曲面のデザインを可能にしたアメリカのミッド・センチュリー、そして奇抜でカラフルなイタリアのポストモダンなど、20世紀は革命的なデザインムーブメントが巻き起こった、大デザイン時代でした。本書は100年におけるデザインの変遷を、各時代の名作椅子とともに解き明かします。

織田コレクションとは
椅椅子研究家の織田憲嗣氏が長年かけて収集、研究してきた20世紀のすぐれたデザインの家具と日用品のコレクション。近代デザイン史の変遷を俯瞰できる学術的にも極めて貴重な資料として、世界的にも高い評価を得ている。","芸術総記","jpn","224","B5"
"4870999838","9784870999831","美しい椅子 (〔エイ〕文庫)","島崎信 著,生活デザインミュ－ジアム 著","枻出版社","2003-12","22年","748","","","","","","","","","","家事","jpn","171","A6/文庫"
"4761532408","9784761532406","アルヴァ・アールトの建築","小泉隆 著","学芸出版社（京都）","2018-03-10","7年","3520","","","","","","","","","北欧を代表する建築家アルヴァ・アールトが追求した美しく機能的なディテールを集めた作品集。住宅や公共建築、商業施設、家具や照明器具にいたるまで、構造や技術を反映した合理的なデザイン、素材や形へのこだわり、使いやすさが発揮された170のディテールを多数のカラー写真と図面で紹介。所在地リスト、書籍案内も充実。北欧を代表する建築家が追求した美しく機能的なディテールを集めた作品集。住宅、公共建築から家具まで多数の写真と図面で紹介。Introduction

Handle &amp; Door
取っ手
手すり
木製扉と扉まわりの立面構成
ルイ・カレ邸　格子扉
ヴィープリの図書館　ブレース入りの鋼製ガラス扉

Stairs &amp; Floors
ヴィープリの図書館　T字形断面の屋外階段
労働者会館　エントランスホールの階段
マイレア邸　居間の階段
サウナッツァロの村役場　議場へのアプローチ
タリン美術館　展示エリアを区分する階段
リオラの教会　段状の聖歌隊席
建物に奉仕する外部階段
野外劇場のモチーフ

Path &amp; Corridor
サウナッツァロの村役場　中庭に面する回廊
アラヤルヴィ庁舎　幅と高さが変化する中央廊下
リオラの教会　水平材が連続するキャノピー
文化の家　二つのヴォリュームを統合するキャノピー
ヴォルフスブルク文化センター　変化に富んだピロティ

Column &amp; Frame
マイレア邸　林立する多様な柱
柱の表現の展開
アールトスタジオ　板状の柱
トゥルン・サノマット新聞社　マッシブな柱
屋根を支える木架構
ロングスパンの木製合成梁
ヘルシンキ工科大学　大講堂のリブフレーム
リオラの教会　ダイナミックなリブフレーム
ムーラッツァロの実験住宅　木架構の実験
線材による繊細なデザイン

Wall &amp; Ceiling
自由曲面の壁
ヴィープリの図書館　児童図書室入口の曲面壁
個性あふれる間仕切り
ヴォクセンニスカ教会　曲面の可動間仕切り
外観を特徴づける可動間仕切りのデザイン
木の外壁のディテール
コッコネン邸　輝く木の壁
アールトスタジオ　白い壁面のヴァリエーション
周囲に調和したファサード
ヴィープリの図書館　講義室の波打つ天井
ルイ・カレ邸　玄関を包み込む曲面天井
窓際の斜め天井
空間の広がりを演出する天井
音や熱をコントロールするパネル天井
照明や音響の効果を高める布の活用
有機的な曲線を描くキャノピー

Window
ルイ・カレ邸　展示作品を照らすための窓
アールトスタジオ　建物に変化を与える多様な窓
景色を楽しむ窓、集中するための窓
サウナッツァロの村役場　議場の闇を引き立てる窓
遊び心が感じられる即興的な窓
パイミオのサナトリウム　病室の窓まわり
パイミオのサナトリウム　食堂のガラスボックス
ムーラッツァロの実験住宅　中庭との関係性が表現された窓と扉
内と外との関係を演出する窓辺
ヴォクセンニスカ教会　外皮と内皮のズレをまとめる二重ガラスの高窓
ラハティ教会　十字架をかたどった小窓群
内部の要求から決まった窓の外観への現れ

Skylight &amp; Refl","建築","jpn","240","A5"
"4306050343","9784306050341","アルヴァ・アアルト (SD選書)","武藤章 著","鹿島出版会","1969-03-05","56年","2200","","","","","","","","","","建築","jpn","240","B6"
"4777027538","9784777027538","北欧雑貨図鑑 スウェーデン100 (NEKO MOOK)","","ネコ・パブリッシング","2024-01-31","2年","1760","","","","","","","","","日常のあらゆるところに溶け込み、暮らしを快適にしてくれるデザイン。近年では SDGs先進国としてサステナブルなデザインが注目されているスウェーデン。本誌では名作を生み出したスウェーデン生まれのデザイナーから、100年以上の歴史をもつ老舗ブランド、気鋭の若手デザイナーを起用した新規参入のブランドまで、日本でも人気の高い選りすぐりの100件を編集し、資料性の高い本として届けます。さらに巻末では、国内の北欧雑貨やインテリアショップ情報をまとめて記載します。

◆コンテンツ
北欧雑貨図鑑 スウェーデン100
Chapter 1　スウェーデンを代表する往年のデザイナー
Chapter 2　スウェーデン発・注目のブランド
Chapter 3　現代活躍するスウェーデン出身デザイナー
Chapter 4　スウェーデンで活躍する日本人デザイナー

Column
・Lindberg's Versatile talents
リンドベリの多彩な才能
・みんなのためのデザインとなっていった
スウェーデンデザインの歴史と現在
・スウェーデンのインクルーシブデザイン

Interview
・Front フロント
・Bernadotte &amp; Kylberg ベルナドッテ＆キルバーグ
・Marie-Louise Hellgren マリールイス・ヘルグレン
 
Topics
・スウェーデンで最も著名なトレンドハンター　Stefan Nilsson ステファン・ニルソン

Recipe
・スウェーデンのお菓子４種
・スウェーデンのデザインスポットを巡る
・北欧インテリアShop Guide
・ご協力企業＆ショップ一覧

Special Thanks to Stig Lindberg
カバーデザインは、スティグ・リンドベリがテキスタイルのためにデザインした「HERBARIUM / ハーバリウム」。植物標本を意味する名前の通り、北欧の植物たちが標本のように集まった美しいパターンです。デザイナー、ブランドなど日本でも人気の高い選りすぐりの100件を編集し、資料性の高い本として届けます。","家事","jpn","196","A5"
"4907072465","9784907072469","なぜデンマーク人は初任給でイスを買うのか？","小澤良介 著","きずな出版","2015-11-24","10年","1430","","","216","1","150","1","","","世界幸福度ランキング1位のデンマークではなぜ初任給でイスを買うのか？世界一幸せな国の人々は洋服よりも家具を選ぶ。","日本文学・評論・随筆・その他","jpn","157","B6"
"4582634648","9784582634648","フィン・ユールの世界 (コロナ・ブックス)","織田憲嗣 著","平凡社","2012-02","14年","2200","","","","","","","","","「世界で最も美しい肘掛けを持つ椅子」を生んだデンマーク・デザインの至宝。椅子、家具類から、日用品、インテリアデザインに至るまで余すところなく作品を網羅。すべての家具マニアにおくる待望の決定版。","写真・工芸","jpn","167","B5"
"4761532327","9784761532321","北欧の建築","小泉隆 著","学芸出版社（京都）","2017-05-01","8年","3520","","","","","","","","","北欧を代表する建築家の作品から、日本では知られていない建築家の名作、話題の現代建築まで85事例を収録。光、色、構造、素材、窓、階段、暖炉、緑や水といった多彩なデザイン・エレメントを切り口に、シンプルで美しく機能的なディテールを多数のカラー写真と図面で紹介。建築家紹介、所在地リスト、ブックガイド付き。小泉　隆;0502;01;北欧を代表する建築家の作品から、知られざる名作、話題の現代建築まで、シンプルで美しく機能的な85のディテールをカラーで紹介;20170402北欧を代表する建築家の作品から、知られざる名作、話題の現代建築まで、シンプルで美しく機能的な85のディテールをカラーで紹介Introduction：北欧の建築について

■Light and Color

　ストックホルム市庁舎―青の間のハイサイドライト
　ストックホルム市立図書館―開架閲覧室のロトンダ
　オーフス市庁舎―多目的ホールのスカイライト
　アルヴァ・アールトのクリスタル・スカイライト
　アルヴァ・アールトのリフレクター
　……

■Structure and Material

　ヴィープリの図書館―講義室の天井
　ハウスヴェア教会―礼拝堂の白い天井
　聖マルコ教会―煉瓦のヴォールト天井
　ガンメル・ヘレルプ高等学校体育館―曲面天井と外部床
　シベリウス博物館―展示室の構造体
　……

■Window

　パイミオのサナトリウム―病室の窓まわり
　アスプルンドの夏の家―居間の窓
　聖ペトリ教会―クリップ止めの窓
　ナクスタ教会―窓につけられたフィン
　ヴィープリの図書館―講義室の弓形サッシ
　……

■Moving

　マイレア邸―居間の階段
　SAS ロイヤルホテル―ロビーの螺旋階段
　オーフス市庁舎―アトリウムの螺旋階段
　ロドオウア市庁舎―エントランスホールの階段
　イェーテボリ裁判所増築―メインホールの階段
　……

■Touching and Warming

　アルヴァ・アールトの取っ手
　グンナール・アスプルンドの取っ手
　マイレア邸―自由曲線で削られた暖炉
　アスプルンドの夏の家―階段上の丸みのある暖炉
　ムーラッツアロの実験住宅のスモークサウナ―浴室

■Green and Water

　オーフス大学―メインホールの蔦が覆う壁面
　VMマウンテン―テラスのプラントボックス
　モースゴー先史博物館―芝生の大斜面屋根
　アルヴァ・アールトの緑
　デンマーク国立銀行―緑
　……

Nordic Architects／Examples and Map／Reference／Postscript","建築","jpn","239","A5"
"4767828511","9784767828510","10の住まいの物語","八島正年 著,八島夕子 著","エクスナレッジ","2021-01-22","5年","1980","","","","","1050","1","","","家は、時を重ねて「住まい」になる。
郊外、都市型、終の住処、二拠点居住……
それぞれのカタチに合った、自由な暮らし。
人気建築家が手がけた、 美しくもおおらかな、10の住まいの物語。

住まいには、その人の生き方や価値観がそのまま見えてきます。
この本では、八島建築設計事務所が手がけた
ライフスタイルの異なる10の住まいを訪ね、
豊かな文章と写真でそれぞれの家族の暮らしぶりを紹介します。
暮らしを営む「器」となる「家」を設計した建築家が込めた想いや意図も
手描きの俯瞰図やイラストで分かりやすく解説。
併せて読むことで、より深く住まいの魅力を感じることができます。

家づくりを考えている方はもちろん、家やインテリアが好きな方、
日々の生活をもっと豊かに過ごしたい方へのヒントが詰まった1冊です。

■目次■
森の中の図書館(おおたかの森の家)
住まいは人生の器(神木本町の家)
庭を取り込むリビング(武蔵野の家)
どこに座ってもいい感じ(深沢の家)
伸びやかな終の住処(辻堂の家)
三世代がつながる暮らし(続・辻堂の家)
猫と楽しむもうひとつのリビング(吉祥寺南町の家)
住み継ぐ暮らし(梶原の家)
行き来する暮らしかた(葉山一色の家+野尻湖の小さな家)
丘の上の白い方舟(山手町の家)
コラム","家事","jpn","219","A5"
"4798179086","9784798179087","暮らしの図鑑 フィンランド時間","吉田Obergみのり 著","翔泳社","2024-02-13","2年","1980","","","1491","1","","","","","&lt;p&gt;静かで温かなフィンランドの暮らしと魅力が詰まった1冊&lt;/p&gt;&lt;p&gt;2023年に「世界幸福度ランキング」で6年連続1位に輝いたフィンランド。ムーミンやアラビアの食器など、洗練された北欧デザインの数々。森と湖に囲まれた、おしゃれな暮らしというイメージがあります。&lt;/p&gt;&lt;p&gt;この本では、フィンランドに移住し暮らす著者が、外側から感じる憧れだけではない、フィンランドの実際の生活を「時間」を軸にして紹介します。一年と一日、そして一生。季節と自然に寄り添い、一人ひとりを尊重した、優しく穏やかな日々。でも言うべきことは社会に提言する。そんな暮らしが見えてきます。知っておきたい、フィンランドの社会にまつわる基礎知識や、私たちの暮らしで真似したい、取り入れたいことも掲載しています。&lt;/p&gt;&lt;p&gt;〈季節のフィンランド暮らしの一例〉
春／おいしい野草を見つける、カラフルな装飾と料理で祝うイースター、花粉症といえば白樺
夏／クリスマスと同じくらい大切な夏至祭、ザリガニパーティ、夏休みはサマーコテージで、開放感満載の夏の蚤の市
秋／リンゴンベリー、きのこは秋の味覚の代表格、街がデザイン一色に染まるヘルシンキ・デザイン・ウィーク
冬／「懺悔の火曜日」、アイスフィッシングは冬の人気アクティビティ、独立記念日の夜　　　　などなど&lt;/p&gt;&lt;p&gt;〈一日の時間の一例〉
朝／季節ごとに変わる朝の過ごし方、朝食はコーヒーと共に、家事時間を短縮するための工夫
昼／誘い文句は「コーヒーに行こう」、おふくろの味といえば焼き菓子、落ち込んだり悩んだりしたら森へ
夜／集まるときは「誰かの家」でホームパーティー、サウナ文化はユネスコにも登録　　　　などなど&lt;/p&gt;&lt;p&gt;フィンランドが好きな方はもちろん、
心地よい暮らし方を探している方にもおすすめの1冊です。&lt;/p&gt;&lt;p&gt;〈著者紹介〉
吉田 Öberg みのり（よしだ・おーばり・みのり）
2014年よりフィンランドのヘルシンキ在住。Sake Bar &amp; Izakaya 経営。執筆活動も行う。趣味は森歩き、きのこ、野草、カミーノ巡礼、キャンプ、音楽、映画、詩、発酵。&lt;/p&gt;フィンランド在住の吉田みのりさんが紹介する、北欧の日々。心地よい1年、1日の暮らしの時間を綴ります。","家事","jpn","216","A5変"
"4768306403","9784768306406","カウニステのデザイン (玄光社mook)","","玄光社","2015-07-23","10年","1760","","","","","","","","","北欧フィンランド生まれの人気テキスタイルブランド、カウニステを特集したムック。全コレクションを紹介するとともに、ブランドとしての姿勢や哲学、そして若手デザイナーたちの素顔とクリエイティビティに迫る。","写真・工芸","jpn","127","A5"
"4779651174","9784779651175","ONKUL vol．21 (ニューズムック)","","三栄","2024-10-21","1年3ヶ月","990","","","","","454","3","","","特集「ミッドセンチュリーに憧れる。」ミッドセンチュリーってなんだろう。知っているようで知らない、憧れのミッドセンチュリー期の美しいプロダクトを『ONKUL』なりに解釈して、深堀りする巻頭特集。ミッドセンチュリーデザインの日用品とは？アメリカ、北欧、ヨーロッパ、日本生まれのレトロ＆シンプルモダンな名作・名品を特集します。さらに、ミッドセンチュリーとファッションの関係とは？表紙＆巻頭ビジュアル＝安藤サクラ、大特集に連動して古都をロケーションに等身大の街歩きビジュアルでお届けします！・ミッドセンチュリーと日用品・椅子とパンツのいい関係・ニッポンのミッドセンチュリー・インドア ワークスタイル・ミッドセンチュリーと北欧デザイン・映画で学ぶミッドセンチュリー　『冬は重ねてI'M A LAYERING MASTER 』ベストにジレにカーディガン...はたまた足元も。この秋冬はレイヤード映えする強者が多数。素材を重ねて、色を重ねて、重ねれば重ねるほど冬のおしゃれが楽しくなる。　『オンクルな10人』10周年を迎えた『ONKUL』の特別企画。ベーシックをこよなく愛する「オンクルな人」。著名人～街角の洒落たおじさんまで老若男女、真面目にハンサムで素敵な人たちの好評スナップ企画の秋冬版。and more.. ※企画内容は変更になる可能性がございます。","諸芸･娯楽","","135","A4変"
"4845920085","9784845920082","北欧式インテリア・スタイリングの法則","フリーダ・ラムステッド 著,久山葉子 訳,机宏典 訳","フィルムアート社","2020-12-08","5年","2640","","","","","","","","","","建築","jpn","239","B5"
"4766130545","9784766130546","カイ・フランクへの旅","小西亜希子 著,永禮賢 写真","グラフィック社","2017-12-25","8年","3960","","","2398","1","","","","","今日に続くフィンランド・デザインの礎を作り、1950～60年代の黄金期を支えたプロダクトデザイナー、カイ・フランク。
彼がデザインしたシンプルで機能的、丈夫で手頃な価格のテーブルウェアは、イッタラの「ティーマ」や「カルティオ」として、発表から60年以上を経たいまなお世界中で愛されている。
そんなレジェンドの知られざる仕事や人生、素顔を、丁寧な取材と貴重な写真の数々によりひもといてゆくデザイン紀行。","芸術総記","jpn","224","B5変"
"4766138368","9784766138368","建築・住宅デザインの現場","著:高野 保光,著:芦沢 啓治,著:新関 謙一郎,著:手嶋 保,著:藤本 寿徳,著:熊澤 安子,著:杉下均＋出口佳子,著:中山 大介","グラフィック社","2024-07-08","1年7ヶ月","3520","","","","","","","","","上質な住まいや居心地はいかにして生み出されているのか。
その創造の現場に迫る。
住宅設計の名手たちが集結。
新作から幻の未発表作まで。珠玉の設計集。上質な住まいや居心地はいかにして生み出されるか。","建築","jpn","224","B5"
"4767823730","9784767823737","上質に暮らすおもてなし住宅のつくり方","関本竜太 著","エクスナレッジ","2017-09-27","8年","2420","","","","","","","","","&quot;北欧で“自然体に生きる”生活哲学を学んだ人気建築家が贈る、毎日が喜びにあふれる家のつくり方。
設計者の配慮と経験の集結ともいえる「おもてなし住宅」は、住まいの暮らしを豊かに彩り、訪れる人々をあたたかく迎え入れてくれるのだ。住まい⼿に寄り添った住宅設計を数多く⼿がけ建築知識でのディテール連載も好評だったリオタデザイン・関本氏の考える「おもてなし住宅」のつくり方を紹介します。&quot;","建築","","160","A4"
"4766127455","9784766127454","ふだん着のフィンランド","モニカ・ル－ッコネン 文,カタリ－ナ・ヤルビネン 写真,関口リンダ 〔訳・コ－ディネ－ト","グラフィック社","2015-01-25","11年","1815","","","","","","","","","インテリア、テキスタイル、フード、いつも自然とともにある暮らし…。“ふつう”がすてきな暮らしのコツ。森と湖、デザインの国のリアルライフがまるごとわかる１冊。切り取れるポストカード付き。","諸芸･娯楽","jpn","141","A5"
"4418091017","9784418091010","北欧インテリア (別冊家庭画報 Home ideas)","","世界文化社","2009-02","17年","2515","","","","","","","","","美しいデンマークの名作住宅を大判の圧倒的なビジュアルで紹介しながら、その魅力と真髄に迫る。北欧名作家具傑作選、北欧家具の人気ショップ３０軒なども紹介。デザインに関心のある全ての人必読の愛蔵版的１冊。","家事","jpn","129","A4変"
"4416621299","9784416621295","「北欧デザイン」の考え方","渡部千春 著","誠文堂新光社","2022-10-12","3年","2970","","","","","","","1664","1","家具、建築、テキスタイル、工芸、グラフィック……「北欧デザイン」の全体像が理解できる決定版

シンプルで洗練されたデザイン家具や日用品が日本でも長年愛されている北欧デザイン。近年では、環境や社会福祉に配慮した素材選びや生産体制など、北欧のものづくりの思想や価値観そのものが、「北欧デザイン」という現代的なデザイン・ライフスタイルとして広く浸透しつつあります。

一方で、アアルト、ヤコブセン、マリメッコ、アラビアなど、個別のブランドやプロダクトに関する解説本などを目にするものの、デザイナー同士のつながりや、家具、建築、テキスタイル、工芸、グラフィックといった北欧デザインの諸ジャンルを総合的に解説する日本語の書籍はありませんでした。

本書では、そんな北欧デザインの全体像を解説するため、横断的な章立てによりトピックを厳選。わたしたちがよく知る北欧デザインの誕生背景をイラスト付きのポイント解説や豊富な写真とテキストにより読み解いていきます。

■目次
北欧デザインを紐解く前に……
北欧各国のデータ

１章　北欧デザインの目覚め
北欧におけるデザイン意識の萌芽
女性の仕事から始まったテキスタイルデザイン
陶磁器とガラス分野のモダニズム開花

２章　黄金期を迎える北欧
アメリカにおける北欧デザイン
デザイン・イン・スカンジナビア展
職人たちの手による家具
アルネ・ヤコブセンが目指した有機的なフォルム
アルヴァ＆アイノ・アアルトが生み出した息の長いプロダクト
フィンランドデザインの良心 カイ・フランクの思想
ローカルとグローバルを繋ぐ北欧のグラフィック
マリメッコがもたらした革新性とデザイン
北欧の人々が愛する照明の数々
ファンシーではない北欧の玩具デザイン
日本の民芸運動と北欧デザインの繋がり

３章　新しい北欧デザインへ
大量生産品にも現れる北欧らしいデザインとは
テクノロジーとともに進化したプラスチックの可能性
北欧のエルゴノミクスデザイン
2000年以降のライフスタイルデザイン
アウトドアアクティビティの宝庫 北欧で発展したデザイン
北欧らしさを追究したデザイン

【コラム】
1930年ストックホルム博
グスタフスベリ・スタジオとリサ・ラーソン
ビルゲル・カイピアイネンとルート・ブリュック
H55について
オーナメントの普及と北欧デザインの幸福度
スウェーデンガラスとエリック・ホグラン
北欧のデザイン教育

【データ編】
年表
索引
フォトクレジット
おわりに
主要参考文献一覧

****************************イラスト付きのポイント解説で重要なトピックをわかりやすく紹介。世界に愛される「北欧デザイン」の今までとこれからを学べる一冊。北欧デザインを紐解く前に……
北欧各国のデータ

１章　北欧デザインの目覚め
北欧におけるデザイン意識の萌芽
女性の仕事から始まったテキスタイルデザイン
陶磁器とガラス分野のモダニズム開花

２章　黄金期を迎える北欧
アメリカにおける北欧デザイン
デザイン・イン・スカンジナビア展
職人たちの手による家具
アルネ・ヤコブセンが目指した有機的なフォルム
アルヴァ＆アイノ・アアルトが生み出した息の長いプロダクト
フィンランドデザインの良心 カイ・フランクの思想
ローカルとグローバルを繋ぐ北欧のグラフィック
マリメッコがもたらした革新性とデザイン
北欧の人々が愛する照明の数々
ファンシーではない北欧の玩具デザイン
日本の民芸運動と北欧デザインの繋がり

３章　新しい北欧デザインへ
大量生産品にも現れる北欧らしいデザインとは
テクノロジーとともに進化したプラスチックの可能性
北欧のエルゴノミクスデザイン
2000年以降のライフスタイルデザイン
アウトドアアクティビティの宝庫 北欧で発展したデザイン
北欧らしさを追究したデザイン

【コラム】
1930年ストックホルム博
グスタフスベリ・スタジオとリサ・ラーソン
ビルゲル・カイピアイネンとルート・ブリュック
H55について
オーナメントの普及と北欧デザインの幸福度
スウェーデンガラスとエリック・ホグラン
北欧のデザイン教育

【データ編】
年表
索引
フォトクレジット
おわりに
主要参考文献一覧","写真・工芸","jpn","224","A5"
"4418234128","9784418234127","フィンランドのライフスタイル","キュレイターズ 編","世界文化社","2023-04-18","2年","2970","","","","","","","","","世界一幸せな国フィンランドからの素敵なモノ・コト

・時代を超えるマスターピース、大集合！
・デザイナーごとに記事構成、わかりやすい
・SCOPE平井千里馬、週末北欧部chikaなどコラム充実

フィンランド好き、北欧好き、デザインに興味がある方などにおすすめの一冊です。
アルヴァ・アアルトやカイ・フランクといった
巨匠たちのマスターピースを心ゆくまでご覧いただけます。
今年90周年を迎える「スツール 60」は極初期のものから近年まで、
眼福の名作たちを５見開きにわたって楽しめます。
また、デザイナーごとに記事構成しているので、初心者の方にもわかりやすいのが特徴です。
デザイナーそれぞれのプロフィールを読めば、
“デザインが生まれた背景”フィンランドのライフスタイルを知ることができます。世界一幸せな国フィンランドからの素敵なモノ・コト","家事","aar","208","B5"
"4167900637","9784167900632","ミナを着て旅に出よう (文春文庫)","皆川明 著","文藝春秋","2014-03-10","11年","836","","","361","6","","","","","ミナ ペルホネン誕生の奇跡がここに

生地からオリジナルで作り上げる唯一無二の服作り。駅伝のチームワークにも似た独自の仕事スタイルとは? 初の著書がついに文庫化。オリジナルの生地から作り上げる唯一無二の服作り。ミナの服にはどこか懐かしい心象風景が宿る。クリエイションの源を語った名著。","日本文学・評論・随筆・その他","jpn","192","A6/文庫"
"4838750544","9784838750542","ミナペルホネンと皆川明 (マガジンハウスムック)","","マガジンハウス","2015-10-07","10年","1518","","","","","","","","","ミナペルホネンは美しい存在感と生地から服を作るというアプローチでファッション界に衝撃をもたらした。デビューから２０年。ミナペルホネンはどこからきてどこへいくのか。その仕事やインタビューからひもとく。","諸芸･娯楽","jpn","171","A4変"
"4579209508","9784579209507","ミナペルホネンの織り (mina¨ perhonen)","ミナペルホネン 著","文化出版局","2005-08","20年","2200","","","2005","1","","","1437","2","２００５年にブランド設立１０周年を迎えたミナペルホネンの布にスポットを当てた本。ジャカード織りから平織り、綾織りと、個の存在と生命力を感じさせる、デザインが素材や技法に染み込んでいる布を紹介。","家事","jpn","","A5"
"4579209524","9784579209521","ミナペルホネンのプリント (mina¨ perhonen)","ミナペルホネン 著","文化出版局","2005-08","20年","2200","","","","","","","","","絵を描き、それを布に写し取る。その時にしか生まれないタッチや色を大切にし、その緊張感や高揚感すら表現する…。ファッションブランド「ミナペルホネン」のオリジナルプリント柄１００種を紹介。","家事","jpn","","A5"
"4861007461","9784861007460","ミナペルホネン？","ミナペルホネン 著","ビー・エヌ・エヌ新社","2011-04","14年","2860","","","","","1635","2","","","ファッションブランド「ミナペルホネン」の１５年の歩みを言葉と写真で織りなす書。ミナペルホネンが積み重ねてきたこでまでの時間、思想、取り組みをビジュアルと言葉で束ね表現されている。","芸術総記","jpn","207","B5"
"4861008964","9784861008962","レター 01．","ミナペルホネン 著","ビー・エヌ・エヌ新社","2013-09","12年","1320","","","","","","","380","1","ミナペルホネンから創造的に日々の暮らしを送る人たちへ届けられた、日記のような言葉と写真の手紙。第１集は２０１１年８月２日～１２年７月２６日分。飾ったりできるよう、１枚ずつめくりとれる特殊な製本を採用。","日本文学・評論・随筆・その他","jpn","","A5"
"4861527643","9784861527647","ミナペルホネン／皆川明 つづく","ミナ ペルホネン 著,皆川明 著","青幻舎","2020-01","6年","4070","4070","1","","","","","1784","1","「特別な日常服」をコンセプトに皆川明が設立した「ミナペルホネン」の25年が1冊に！「つづく」をキーワードに作品や資料を収録。","芸術総記","","261","B5変"
"4416524064","9784416524060","シェーカー家具大全","宇納正幸 著,白木克洋 著,西川栄明 著","誠文堂新光社","2024-09-06","1年5ヶ月","6600","6600","8","","","","","","","シンプルな構造で機能性に優れた、18世紀末に生まれたシェーカー家具。無駄を削ぎ落としたフォルムは、現在も人気がありファンが多い。近代家具デザインにも影響を及ぼしている。

本書は、シェーカー家具の生まれた背景や歴史、デザイン、構造、製作方法などについて、数多くの写真や図面と共に詳しく紹介。共著者は、シェーカー家具の製作者・研究者。以下にポイントを記載。

・シェーカー家具を作ったシェーカー教徒たちが、どのようなものづくりを行っていたかなどの歴史を年代ごとに解説。
・作り手の立場から、椅子やオーバルボックスなどの製作物について解説。
・100年以上前に作られたロッキングアームチェアを分解し、椅子の構造やシェーカー教徒が施した工夫などを探った。
・椅子、スタンド、オーバルボックスなどの製作工程を詳しく紹介。
→ エンフィールドチェア、ロッキングチェア、オーバルボックス、オーバルキャリア、キャンドルスタンド、タオルラック、ハンガーなど。
・椅子など6点の図面を掲載。
・シェーカー家具の源流、北欧のデザイナーなどへの影響などについて、椅子やテーブルの写真とともに、どのような流れで影響していったかを解説。
・アメリカのシェーカーコミュニティー跡やミュージアムで撮影した写真を、ふんだんに掲載。

■目次
シェーカー家具とは何か
地図：シェーカーコミュニティー所在地

CHAPTER 1　シェーカーのものづくりと理念
プロローグ　シェーカーの誕生から衰退までの簡略史
(1) シェーカーのものづくりの変遷
(2) シェーカーのものづくりを支える理念
(3) シェーカーコミュニティーとものづくりの現場
(4) シェーカーコミュニティーと家具

CHAPTER 2　作り手から見た、シェーカー家具の特徴
(1)椅子
(2)ダイニングテーブル
(3)スタンド
(4)オーバルボックスとキャリア
(5)箱物類、デスク
(6)道具と治具

CHAPTER 3　シェーカーチェアを解体する
ロッキングアームチェアNo.7（マウントレバノン製）を解体する
図面
ロッキングアームチェアNo.7（マウントレバノン製）を解体して分かったこと、再確認できたこと

CHAPTER 4　シェーカーチェアやオーバルボックスなどの作り方（製作工程）　
(1)エンフィールド・サイドチェア 1840の制作工程
(2) エンフィールド・ロッカーの製作工程
(3) オーバルキャリアLの製作工程
(4) オーバルボックスNo.3の製作工程
(5) キャンドルスタンドの製作工程
(6) タオルラックの製作工程
(7) ハンガーの製作工程

シェーカー関連年表
*************簡素で機能性に優れたシェーカー家具。デザイン、構造、製作方法、生まれた背景や歴史などについて、数多くの写真や図面と共に紹介。シェーカー家具とは何か
地図：シェーカーコミュニティー所在地

CHAPTER 1　シェーカーのものづくりと理念
プロローグ　シェーカーの誕生から衰退までの簡略史
(1) シェーカーのものづくりの変遷
・ものづくりの始まり　1774～1784年
・集団的ものづくりと同質化　1785～1799年
・高品質で多品目なものづくりと進歩主義　1800～1820年
・需要の拡大、ものづくりの反映と洗練　1821～1836年
・個人的表現の発生　1837～1856年
・椅子事業への取り組み　1857～1874年
・メンテナンスと職人的ものづくり　1875～1899年
・衰退期のものづくりと文化の継承　1900年～現在
(2) シェーカーのものづくりを支える理念
・シンプリシティー（簡素、単純性）　－理想の反映－
・有用性と機能主義　－現実的な効用－
・調和　－法と秩序－
(3) シェーカーコミュニティーとものづくりの現場
・シェーカーコミュニティーとは
・コミュニティーの組織制度
・コミュニティーでの暮らしと建物
(4) シェーカーコミュニティーと家具
1)ニューヨーク州：マウントレバノン、ウォーターブリット
2) マサチューセッツ州：ハンコック、ハーバード
3) ニューハンプシャー州：カンタベリー、エンフィールド
4) メイン州：アルフレッド、サバスデイレイク
5) ケンタッキー州：プレザントヒル、サウスユニオン
6) オハイオ州：ユニオンビレッジ、ノースユニオン

CHAPTER 2　作り手から見た、シェーカー家具の特徴
(1)椅子
(2)ダイニングテーブル
(3)スタンド
(4)オーバルボックスとキャリア
(5)箱物類、デスク
(6)道具と治具
コラム　シェーカーチェアの源流／シェーカー家具が北欧のデザイナーなどに影響を与えた

CHAPTER 3　シェーカーチェアを解体する
ロッキングアームチェアNo.7（マウントレバノン製）を解体する
図面
ロッキングアームチェアNo.7（マウントレバノン製）を解体して分かったこと、再確認できたこと

CHAPTER 4　シェーカーチェアやオーバルボックスなどの作り方（製作工程）　
(1)エンフィールド・サイドチェア 1840の制作工程
(2) エンフィールド・ロッカーの製作工程
(3) オーバルキャリアLの製作工程
(4) オーバルボックスNo.3の製作工程
(5) キャンドルスタンドの製作工程
(6) タオルラックの製作工程
(7) ハンガーの製作工程

コラム　UNOH Shaker styleのサイドチェア
シェーカー関連年表","写真・工芸","jpn","248","B5"
"4860212398","9784860212391","北欧のカップ＆ソーサー (Yu mook)","","雄出版","2006-04","19年","1362","","","","","","","448","4","北欧の国で生まれたテーブルウェアのモチーフは、花や草木の緑などの自然にあふれ、四季に恵まれた日本の暮らしにさりげなく調和する。デザイナーの創意と情熱あふれる、北欧のカップ＆ソーサーの魅力を紹介する。","諸芸･娯楽","jpn","128","A5"
"4777024660","9784777024667","北欧ファブリック図鑑 (NEKO MOOK)","","ネコ・パブリッシング","2020-03-31","5年","1540","","","","","","","","","北欧ならではの大胆で独創的なデザインが目を引く人気のファブリックパターンから、
そのパターンを落とし込んだ日常のアイテム、ブランド紹介まで。
インテリアに今すぐ取り入れられる身近な北欧デザインを集めました。インテリアに今すぐ取り入れられる身近な北欧デザインを集めました。北欧ならではの大胆で独創的なデザインが目を引く人気のファブリックパターンから、
そのパターンを落とし込んだ日常のアイテム、ブランド紹介まで。
インテリアに今すぐ取り入れられる身近な北欧デザインを集めました。

カバーデザインは、今年創立200周年を迎えるフィンランド最古のテキスタイルブランド、
フィンレイソンの「ANNUKKA　アンヌッカ」。ミルヤ・ティッサリによる1976年のデザインで、
200周年を記念し復刻した70年代の雰囲気を感じさせるダイナミックな花柄。
カバーはひっくり返すと色違いのバージョンになる仕様です。

  【主なコンテンツ】
北欧ファブリック図鑑
美しいパターンが身近にある
北欧の豊かな暮らし
1 章　愛され続ける北欧を代表するパターン
2 章　今をときめく人気デザイナーのパターン
3 章　もっと知りたい、北欧の素敵なブランド
4 章　日本から発信、北欧デザインのブランド

Finlayson
創立200周年を迎えるフィンレイソン
生活に密着した愛され続けるデザイン
真似したい、布で楽しむ北欧のインテリア

― Recipe
北欧ビンテージのファブリックと器でおいしい時間

― Essay
素朴でかわいい！
北欧ビンテージファブリックに魅せられた暮らし

― Column
Svenskt Tenn
Laina Koskela
Leena Kisonen
Annajaliisa

Shop Guide

","家事","","194","A5"
"4838756135","9784838756131","居心地のいい家具。 (MAGAZINE HOUSE MOOK Casa BRUTUS特別編集)","","マガジンハウス","2023-06-16","2年","1650","","","","","","","","","NEW STANDARD
居心地のいい家具。

椅子、照明、テーブル、ベッドウェア…。
今の時代の居心地のいい家具400。

今、居心地のいい部屋を作るためには、どんな家具を選べばいいのでしょうか。
パンデミックを経て、家でも仕事をすることが当たり前の習慣になり、ウェルビーイングの視点からは、寝室で過ごす時間を大切にする向きも増えました。
持続可能な素材として、長く使える木製家具も、あらためて注目されています。
国も時代も超えて、ワンクリックでどんな家具も購入できる時代です。
だからこそ、知りたいのは信頼できる目利きたちが家具を選ぶ基準。
選ばれた家具とじっと向き合っていたら、新しい時代のスタンダードが見えてきました。

居心地のいいデザインとは。
文・深澤直人

DESIGNERS
by LICHT
心地いい家具と、そのデザイナー。
コンテンポラリー／ミニマリズム／ポストモダン
イタリアンモダン／クラシック
Interview _須摩光央（LICHT）

NEW WOOD
feat. Norm Architects
新しい木の家具。
ユニークな形状／ソフトミニマリズム／巨匠の名作／新しいブランド
Interview_ヨナス・ビエール=ポールセン
&amp;フレデリック・ウェルナー（Norm Architects）

FOR WORK
by FLOOAT
働くための家具。
タスクチェア／ソファ＋サイドテーブル／ラウンジチェア＋サイドテーブル
デスク／シェルフ／ライト／ツール
Interview _吉田裕美佳（FLOOAT）

BEDROOM
feat. Magniberg
寝室のしつらえ。
レイアウト／ベッドウェア／ブランケット&amp;ベッドスプレッド
ブラインド&amp;カーテン／ベッドサイドの小物
Interview_ベント・ソーンフォルス
&amp;ニーナ・ノーグレン（Magniberg）

JAPANESE MODERN
by GALLERY-SIGN
いま注目したい、ジャパニーズモダンの巨匠。
剣持勇／イサム・ノグチ／坂倉準三／柳宗理
乾三郎／前川國男／松村勝男／丹下健三
Interview _溝口至亮（GALLERY-SIGN）

21ST. CENTURY MASTERPIECES 100
21世紀の名作デザイン100

INTERIOR BRAND
インテリアブランドの現在。
フリッツ・ハンセン／ノル／カッシーナ
ビー・アンド・ビー イタリア／アルテック／カールハンセン&amp;サン
ヘイ／ハーマンミラー／カリモク家具／マルニ木工

OUR ROOM ―家にあるもの。― 
本地択也・亜紀 （サロンディレクター）","諸芸･娯楽","jpn","148","A4変"
"4838785526","9784838785520","超・椅子大全！ (マガジンハウスムック)","","マガジンハウス","2009-03","16年","1258","","","","","1308","1","","","椅子の造形に過剰なまでの執着を見せた巨匠デザイナーの椅子人生、著名デザイナーご自慢の椅子、１８００年代から２００９年までの最新名作椅子１５０など、椅子にまつわるあれこれを集めた読んで楽しい椅子ガイド。","諸芸･娯楽","jpn","154","A4変"
"4838752954","9784838752959","名作椅子と暮らす。 (MAGAZINE HOUSE MOOK Casa BRUTUS特別編集)","","マガジンハウス","2018-07-02","7年","1430","","","","","","","","","CHAIR LIFE
名作椅子と暮らす。

空間の中で、インテリアのスタイルを決定づけるのは椅子です。
だから暮らしのパートナーにどんな椅子を選ぶかは、とても大切です。
そこで、独自の審美眼を持って様々な世界で活躍する目利きたちに、
コレクションの数々と、そのセレクトの基準を教えてもらいました。
彼らの椅子選びをヒントに、自分だけの「名作椅子」を探しましょう。


清永浩文(SOPH.) 椅子マスターを魅了した実用性のあるヴィンテージ。 
片山正通(Wonderwall) 実験性にあふれるモダニズムの椅子。 
〈visvim〉 独特の存在感を放つジャンヌレの椅子。 
〈HYKE〉 さりげない女性らしさが潜むペリアンの美学。 
〈ドーバー ストリート マーケット NY〉に選ばれた2脚。
南 貴之(alpha.co.ltd) 一期一会の出会いが作るコレクション。 
〈ISABEL MARANT〉 ショップで出会うオランダとブラジルの感性。 
オランダのコンパスチェア一覧! 
宮田一彦(建築家)?日本家屋に調和するフレンチヴィンテージ。 
ムラカミカイエ インダストリアルからクラフトに至る収集の変遷。 
〈うどん 丸香〉 讃岐うどんの名店に〈トリックス〉の《Hスツール》。 
世界にひとつだけの名作椅子。 
〈sacai〉 ストーリーのあるミッドセンチュリーの椅子。 
ミッドセンチュリーのスーパースターが集結。?DESIGNS FOR LIVING(『PLAYBOY』JULY 1961) 
〈とんかつ まい泉〉老舗とんかつ店で愛され続けるイームズ。 
川田 修(BOOK AND SONS) ぬくもりだけじゃない、ストーリーのある北欧ミックス。 
〈TIFFANY &amp; CO.〉 〈ティファニー〉の特別な空間に北欧の名作椅子。 
井出恭子(YAECA) 長く一緒に暮らす相手として選ぶ木の椅子。
〈REPOSSI〉 ハイジュエラーが選んだドナルド・ジャッドの椅子。 
成田博昭(FRUCTUS) ヴィンテージのコンテンポラリーな楽しみ方。 
石川康晴 現代美術コレクターが集める坂倉準三の椅子。 
〈墨会館〉 丹下健三がデザインした名作椅子。 

CHAIR LOVE 
??超・名作椅子カタログ100?
??名作椅子を生み出す世界ブランドの基礎知識。 

VINTAGE SHOP 良質なヴィンテージチェアが見つかる14軒/ヴィンテージチェアの見分け方

STANDARD / PK22 永遠のマスターピース 《スタンダード チェア》と《PK22》 
●ジャン・プルーヴェと《スタンダード チェア》。 
●ポール・ケアホルムと《PK22》。 

IT DESIGNER! 
●ピエール・ジャンヌレ
●フリソ・クラマ","諸芸･娯楽","jpn","178","A4変"
"4306047067","9784306047068","フランク・ロイド・ライトー世界を結ぶ建築","監修:ケン・タダシ・オオシマ,監修:ジェニファー・グレイ","鹿島出版会","2023-11-06","2年","3080","","","","","","","","","華麗な装飾、自然との調和、独自の存在感を放つ造形、素材と構法の革新、未来的なヴィジョンの数々。
近年のF.L.ライトの成果を基にした、四半世紀ぶりに日本で開催される待望の展覧会。

フランク・ロイド・ライト（1867-1959）
カウフマン邸（落水荘）やグッゲンハイム美術館で知られるライトは、帝国ホテル二代目本館、自由学園明日館も手がけ、熱烈な浮世絵愛好家の顔をもつ。帝国ホテル二代目本館100周年記念展覧会「フランク・ロイド・ライト　世界を結ぶ建築」展公式カタログ。フランク・ロイド・ライト――世界を結ぶ建築　　ケン・タダシ・オオシマ
フランク・ロイド・ライトとランドスケープ　　ジェニファー・グレイ
SECTION 1　モダン誕生　シカゴ―東京、浮世絵的世界観
SECTION 2　「輝ける眉」からの眺望 
日本におけるライト建築　　水上 優
SECTION 3　進歩主義教育の環境をつくる 
SECTION 4　交差する世界に建つ帝国ホテル
ライトの日本の弟子たち　　田中厚子
SECTION 5　ミクロ／マクロのダイナミックな振幅
ユーソニアン・オートマチック・システム――個人の主権から公共デザインまで　　マシュー・スコンスバーグ
SECTION 6　上昇する建築と環境の向上 
SECTION 7　多様な文化との邂逅
帝国ホテル・ライト館から新本館へ　　田根 剛
フランク・ロイド・ライト年表
一般公開作品リスト
参考文献
出品作品リスト","芸術総記","jpn","256","B5"
"483878936X","9784838789368","北欧デザインの名作と暮らす (マガジンハウスムック)","","マガジンハウス","2014-07-10","11年","1375","","","","","","","","","北欧で生み出される家具や食器、テキスタイルなどに共通するのは、シンプルで機能的なデザインと、ナチュラルな「ぬくもり」。北欧デザインの名作を一から復習し、新定番といえる新作プロダクトも徹底ガイドする。","諸芸･娯楽","jpn","137","A4変"
"4902930307","9784902930306","セイナッツァロ役場＆夏の家 (World architecture)","宮本和義 撮影,齊藤哲也 解説,牧尾晴喜 〔訳〕","バナナブックス","2014-01","12年","1870","","","","","","","","","北極圏から南に数百キロ、湖に浮かぶわずか人口三千人の小さな島に建てられたセイナッツァロの役場（フィンランド・セイナッツァロ／1952）と、彼の地に魅入られたアアルト自身の別荘である夏の家（1953）。戦後の第一作にして生涯の傑作とされる公共施設とユニークな実験住宅。自然にとけこむプランからインテリアまでを、豊富な写真と建築家の転機をふまえた解説で紹介する。



アルヴァ・アアルト （1898-1976）フィンランドが生んだ近代建築の世界的な建築家。建築、都市計画から家具、テーブルウエアなどの生活用具までそのデザイン領域は多彩。独立当初は新古典主義の作風であったが、パイミオのサナトリウム(1928)で北欧のモダニズムの旗手として登場する。木や竹やレンガの使用、うねる壁面や天井などモダニズムをより柔らかく表現した作風でアアルト独自のスタイルをつくる。マイレア邸、セイナッツァロ役場、ヘルシンキ工科大学、フィンランディアホールなど大小さまざまな建築がフィンランド全土に建つ。



＊オールカラー

＊全テキスト、日本語・英語併記生涯の傑作とされる公共施設・セイナッツァロの役場と、アアルト自身の別荘であるユニークな実験住宅・夏の家。自然にとけこむプランからインテリアまでを、豊富な写真と建築家の転機をふまえた解説で紹介する。","建築","jpn","71","A5"
"434441425X","9784344414259","わたしのマトカ (幻冬舎文庫)","片桐はいり 著","幻冬舎","2010-02-10","16年","726","","","523","1","","","","","映画の撮影で一カ月滞在した、フィンランド。森と湖の美しい国で出会ったのは、薔薇色の頬をした、シャイだけど温かい人たちだったーー。旅好きな俳優が綴る、笑えて、ジンとくる名エッセイ。","日本文学・評論・随筆・その他","jpn","200","A6/文庫"
"4845920158","9784845920150","WindowScape［北欧編］","","フィルムアート社","2022-09-06","3年","3520","","","2444","1","","","","","北欧への憧れは心地よい窓辺から──



アアルト、アスプルンド、レヴェレンツ、

フィスカー、ヤコブセン、ウッツォン……



建築家たちだけでなく、

生活者の創造力も引き出した窓をめぐる旅へ。



光、風、熱、人、緑……

多様な要素の”ふるまい”の生態系のなかで

窓をとらえる「WindowScape」シリーズ。

第４弾は北欧の名建築編！



20世紀初頭、それまで民族誌的連関の中にあった建築が産業社会的連関に取り込まれていく移行期に、北欧の建築家たちは両者の衝突や摩擦の中で、民族誌的な質を捨てきれずに工業化を消化し不思議なハイブリッドをつくり出していった......。葛藤しながらもそのハイブリッドに新しい均衡を見出し創造のエネルギーとしたからこそ、彼らの作品は現代を生きる私たちにとっても味わい深い──スウェーデン、フィンランド、デンマークで訪れた73の名建築から114の窓を紹介する。



《本書で取り上げる主な建築家とその作品》

◆アルヴァ・アアルト（フィンランド／1898-1976）

　パイミオのサナトリウム、アアルト自邸、セイナッツァロの村役場、ムーラッツァロの実験住宅／夏の家、ラケウデン・リスティ教会、アアルトスタジオ、アカデミア書店ビル…など

◆グンナール・アスプルンド（スウェーデン／1885-1940）

　スネルマン邸、森の礼拝堂、カール・ヨーハン小学校、ストックホルム市立図書館、イェーテボリ裁判所、ステナス夏の家、森の火葬場…など

◆シーグルド・レヴェレンツ（スウェーデン／1885-1975）

　ローイングクラブ、復活の礼拝堂、社会保険庁、聖ペトリ教会…など

◆カイ・フィスカー（デンマーク／1893-1965）

　フェスター湖通りの集合住宅、ドロニングゴーデン集合住宅…など

◆アルネ・ヤコブセン（デンマーク／1902-1971）

　ベラヴィスタ集合住宅、ヤコブセン夏の家、スーホルムⅠ、スーホルムⅢ、ムンケゴー小学校、SASロイヤルホテル、レズオウア図書館、デンマーク国立銀行…など

◆ヨーン・ウッツォン（デンマーク／1918-2008）

　ウッツォン自邸、ダルスゴーア邸、キンゴーハウス、バウスヴェア教会、ウッツォンセンター…など研究の背景と目的

北欧の自然環境と窓

北欧における窓の変遷

調査対象と方法

この本に登場する北欧の建築家たち



SWEDEN│スウェーデン

　Gunnar Asplund│グンナール・アスプルンド

　Sigurd Lewerentz│シーグルド・レヴェレンツ

　コラム：逸脱を愛した反復、反復を許した逸脱

FINLAND│フィンランド

　Alvar Aalto│アルヴァ・アアルト

　コラム：アアルトの窓の心地よさを支えた技術と生産体制

DENMARK│デンマーク

　Kay Fisker│カイ・フィスカー

　Arne Jacobsen│アルネ・ヤコブセン

　Jørn Utzon│ヨーン・ウッツォン

　コラム：窓のユニット化と脱ユニット化



結び：窓の問題、窓の遊び場



参考文献

調査地・調査メンバー

掲載建築リスト","建築","jpn","320","A5"
"4761526947","9784761526948","公衆サウナの国フィンランド","こばやしあやな 著","学芸出版社（京都）","2018-12-28","7年","2200","2200","1","1269","3","1194","1","","","フィンランド版銭湯に学ぶ！
街から消えゆく公衆浴場を、現代人の居場所に変えるヒント

日本で急速にサウナ熱が高まっている昨今、実はサウナの本場フィンランドでも、空前の公衆サウナ・ブームが街を席巻中！つい10年前までは閑古鳥が鳴いていた「フィンランド版銭湯」が、いまなぜこんなにも盛り上がっているのか…？ 前世紀の栄枯盛衰ヒストリーから、斬新なアイデアと熱意で街にサウナを呼び戻した今日のリーダーたちのドキュメントまで。現地在住の日本人サウナ研究家が、現代人の居場所となった公衆浴場のリアルな姿を届ける一冊です。本場フィンランドの公衆サウナの楽しみ方、栄枯盛衰ヒストリー、仕掛け人の人物録まで。現代人の居場所となった公衆浴場のリアルはじめに
序章      フィンランド・サウナのいろは：日本のサウナとこんなに違う／日本のお風呂とこんなに似てる
１章　公衆サウナの最前線：　昔ながらの入浴施設を街の新しいコミュニティ空間に
　● map    フィンランド二大都市　公衆サウナマップ
２章　ヘルシンキ公衆サウナ史：　街のサウナ屋さんが流行らなくなったわけ
　● column 現存最古の公衆サウナで学ぶ、フィンランド・サウナの楽しみ方
３章　新世代のアイデアと実践：　プロジェクトリーダーたちが考える「いま、なぜ公衆サウナなのか？」
　File 1.   地元住民の執念に救われた現存最古の公衆サウナ
　　老朽化したローカル浴場を、街を活性化する資源に
　　　●ヴェイッコ・ニスカヴァーラ／［ラヤポルッティ・サウナ］運営代表者
　File 2.   新世代の多目的拠点となった老舗公衆サウナ
　　社会の変化と先代の個性を味方につけ、浴場文化を盛り上げる
　　　●キンモ・ヘリスト／［サウナ・アルラ］現オーナー
　File 3.   時代が追い付いた〈文化的な〉公衆サウナ構想
　　先駆的すぎたヒーロー建築家が、九〇年後のいまに託したバトン
　　　●アルヴァ・アールト／建築家・[クルットゥーリサウナ]発案者
　File 4.   都会の水辺を賑わせる最先端公衆サウナたち
　　　ローカルと観光客を引き合わせる、街角のウェルネスリゾートづくり
　　　●ヴィッレ・イーヴォネン／サウナ・フィンランディア・ホールディングス代表
　File 5.   みんなで建ててみんなで守る年中無休の公衆サウナ
　　　管理人不在の公共空間は、市民の良心を寄せ集めて育てる
　　　●サーラ・ロウヘンサロ／［ソンパサウナ］協会副代表
　File 6.   年に一度の街中一斉公衆サウナ化計画
　　　赤の他人を信頼する勇気で、豊かさの新境地を拓く
　　　●ヤーッコ・ブルンベリ／［ヘルシンキ・サウナデー］発起人
４章　現代公衆サウナ論：　価値づくりのキーワードは「人の居場所」と「街の文化」
おわりに","社会","jpn","160","A5"
"4767819857","9784767819853","日本の最も美しい図書館","立野井一恵 文","エクスナレッジ","2015-05","10年","1980","","","","","1701","1","","","一度は訪れたい、日本の美しすぎる図書館。歴史的な建物を今も使い続けているレトロ図書館からモダニズム図書館、最新の図書館まで。読書に集中できなくなるほどに美しい４１館を厳選。","写真・工芸","jpn","153","B5"
"4838103743","9784838103744","京都夜景名所 (Suiko books)","水野克比古 著","光村推古書院","2006-10-30","19年","1760","","","","","","","","","月明かりに照らされた庭。町家から洩れる明りを受けて光る石畳。ライトアップされた寺社の桜や紅葉…。古都の風情をより一層ひきたてる、幻想的な京の夜景を集めた写真集。拝観料など各撮影ポイントのデータも収録。","写真・工芸","jpn","91","B5"
"4777021025","9784777021024","北欧雑貨図鑑フィンランド100 (NEKO MOOK)","","ネコ・パブリッシング","2017-06-29","8年","1518","","","","","","","","","2017年は、フィンランド独立100周年記念イヤーであり、フィンランド国内のみならず、日本でもフィンランド関連の展覧会やイベントが目白押しです。本誌では、国際的な評価も高い、フィンランドのデザインについて一冊にわたりまとめます。さらに巻末では、「日本で買える・触れる・味わう」をテーマに、国内の北欧雑貨やインテリアショップ、カフェ・レストラン情報をまとめて記載します。
国際的な評価も高い、フィンランドのデザインについて一冊にわたりまとめます。雑貨;ﾌｨﾝﾗﾝﾄﾞ;ｲﾝﾃﾘｱ;ｶﾌｪ;北欧;図鑑;ﾃﾞｻﾞｲﾝ","家事","jpn","194","A5"
"4897377633","9784897377636","森の植物が教えてくれた北欧フィンランドのフラワーデザイン","クミ・ヘンティネン 著","六耀社","2014-05","11年","2200","","","","","","","","","写真、デザイン、ハンドワークによって、フィンランドのフラワーデザイナーの魂の風景を解釈し、表現。森と湖の国、フィンランドの神秘的な自然から学んだフラワーデザインのアイデアをはじめて明かす。","家事","jpn","87","B5"
"4767833205","9784767833200","北欧の美しい図書館","小泉隆 著","エクスナレッジ","2024-07-22","1年6ヶ月","2420","","","","","","","","","なぜ北欧の図書館は魅力的なのか？

読書体験を魅力的なものにするために、
本と人との関係をとことん考え抜いて
つくられているからです。

読書好きの国民が多く、
図書館利用率が世界的に高い北欧諸国。
そこには、美しく楽しく居心地のよい
良質な図書館建築が数多く存在します。
本書ではデンマーク、スウェーデン、
フィンランド、ノルウェーの各地にある
図書館建築のなかでも、
特に空間性が豊かな事例を厳選して紹介します。

■掲載図書館
1章：デンマークの図書館
・コペンハーゲン大学旧図書館
・コペンハーゲン中央図書館
・デンマーク王立図書館
・レンテメスターヴァイ図書館
・ティンビェア図書館＆カルチャーハウス
・ロドオウア図書館
・ヴィビュ図書館＆カルチャーハウス
・ヘアニン図書館
・ドック1

2章：スウェーデンの図書館
・スウェーデン王立図書館
・ストックホルム市立図書館
ストックホルム大学図書館
・ウプサラ大学図書館
・ヴェクショー市立図書館新館
・ハルムスタッド図書館
・マルメ市立図書館

3章：フィンランドの図書館
・フィンランド国立図書館
・ヘルシンキ中央図書館“オオディ”
・ヘルシンキ大学図書館
・リクハルディンカトゥ図書館
・トーロ図書館
・国民年金会館本館図書室
・ムンキニエミ図書館
・カッリオ図書館
・ヴァッリラ図書館
・マウヌラ・ハウス
・パシラ図書館
・アアルト大学ラーニング・センター
・イソ・オメナ図書館
・キルッコヌンミの図書館
・トゥルク市立図書館
・タンペレ市立図書館
・ヴィープリの図書館
・ユヴァスキュラ大学アアルト図書館
・セイナヨキ市立図書館
・アピラ図書館
・アラヤルヴィの図書館
・ロヴァニエミ市立図書館

4章：ノルウェーの図書館
・オスロ図書館旧本館
・ダイクマン図書館
・リレハンメル図書館
・トンスベルグ＆フェルダー図書館
・ヴェネスラの図書館
・トロムソ図書館","写真・工芸","jpn","224","A5"
"4344431685","9784344431683","意地でも旅するフィンランド (幻冬舎文庫)","芹澤桂 著","幻冬舎","2022-02-10","4年","649","","","","","","","150","1","","日本文学・評論・随筆・その他","jpn","181","A6/文庫"
"4768313507","9784768313503","北欧フィンランド配色ブック","島塚絵里 著","玄光社","2020-05-25","5年","2750","","","1660","1","","","","","憧れの国から学ぶ、美しい色使い

デザイン&amp;アート／街／インテリア／自然
4つの切り口から珠玉の配色を巡る","写真・工芸","jpn","191","A5"
"4478069239","9784478069233","フィンランド人が教えるほんとうのシンプル","モニカ・ル－ッコネン 著,関口リンダ 訳","ダイヤモンド社","2016-09-16","9年","1430","","","1124","1","","","","","お金に頼らずともシンプルでセンスある暮らしができれば幸せになれる。本書は、効率よりもデザインを、ものよりも時間を大切にする、フィンランド人に学ぶライフスタイルの提案である。効率よりもデザインを、ものよりも時間を大切にする、フィンランド人に学ぶライフスタイルの提案","社会科学総記","jpn","163","B6"
"4802209487","9784802209489","デザインあふれる森の国フィンランドへ (旅のヒントBOOK)","ラサネン優子 著","イカロス出版","2020-11-24","5年","1760","","","","","","","","","","旅行","jpn","174","A5"
"4802212828","9784802212823","デザインあふれる森の国フィンランドへ 最新版 (旅のヒントBOOK)","ラサネン優子 著","イカロス出版","2023-04-24","2年","1870","","","","","","","","","020年11月に発売した「デザインあふれる森の国 フィンランドへ」の改訂版。
北欧フィンランドは多くの森と湖があり、自然豊かな国です。
マリメッコやイッタラ、アラビアなど機能的で美しいブランドが誕生したところでもあり、また、フィンランド出身で世界的な建築家であるアルヴァ・アアルトが手がけた建築物が、各地に点在しています。
さらに、日本でも近年人気のサウナが、昔から人々の生活に根付いていることでも知られています。

本書は、そんなフィンランドの魅力的なカルチャーに触れる旅を楽しみたい方に、ぜひ手に取っていただきたい一冊です。
ヘルシンキのはずせない見どころ、フィンランド生まれの各ブランドのショップやさまざまなデザイナーの作品などを扱うショップ、素敵で居心地のいいカフェ、フィンランドの森の恵みを味わえるレストラン、おしゃれなサウナ、こだわりのデザインホテル……。ヘルシンキ在住で、コーディネーターやライターとして活躍する著者が厳選したスポットをご紹介します。

さらに、ヘルシンキから1時間ほどでアクセスできる森（国立公園）や、ムーミン美術館のあるタンペレ、冬はオーロラ観測を楽しめるロヴァニエミなど、ヘルシンキから足をのばして訪れてほしいスポットや町もご案内します。

最新版の本書は、新たにつくられた美しい建築物、話題のカフェやレストラン、ホテルなどを新規掲載。掲載データもアップデートしています。【CONTENTS】

・はじめに
・フィンランドMAP＆フィンランド基本情報
・ヘルシンキ＆各地MAP
・フィンランドの歴史

【1 ヘルシンキを歩く】
・見どころ、ショップ、カフェ、レストラン、バー、サウナ、ホテル
・デザインディストリクトの歩き方
・ヘルシンキの3大マーケットへ行こう！
・ヘルシンキおすすめ海辺散歩コース

【2 フィンランドの田舎町へ】
・フィスカルス
・マティルデダル
・タンペレ
・ポルヴォー
・アイノラ

【3 ラップランドへ】
・ロヴァニエミ
・ラップランドでオーロラ観測

【4 フィンランドデザイン】
・フィンランドデザインとは
・ラプアン カンクリ／ヨハンナ・グリクセン／モイコ／カレワラ／マリメッコ／イッタラ／アラビア／フィンレイソン／アルテック／アーリッカ／ペンティック
・暮らしに溶け込む素敵なデザイン

Column
・フィンランドの美しい図書館をめぐる
・フィンランドのコーヒー文化
・フィンランドの甘いもの
・フィンランドのごちそう
・フィンランドのアルコール
・フィンランドのサウナ
・フィンランドの幸福度の秘密
・スーパーで買えるフィンランドみやげ
・冬のマストアイテム
・森で過ごす大切な時間
・短い夏を過ごすサマーコテージ
・アアルトの建築散歩
・フィンランドのスイーツレシピ

・フィンランド旅のヒント
・覚えておきたいフィンランド語
・Index
・おわりに","旅行","jpn","176","A5"
"4903267733","9784903267739","フィンランド光の旅","小泉隆 写真・著,坂根シルク フィンランド語訳・監","プチグラパブリッシング","2009-08","16年","3080","","","","","","","","","","芸術総記","jpn","175","A4"
"4093882991","9784093882996","神のデザイン哲学","鈴木エドワ－ド 著","小学館","2013-07-01","12年","1980","","","","","","","","","世界的建築家によるデザイン哲学、人生論 

  著者の鈴木エドワード氏は、ハーバード大学大学院卒業後、バックミンスター・フラー、イサム・ノグチ、丹下健三という 3人の師のもとで学びました。1977年、鈴木エドワード建築設計事務所（ESA）を設立し、建築デザインを生涯の仕事として35年。著者は「人の幸せとは何か、生きる意味は何か…人が暮らす空間設計を通し、繰り返し考える機会に恵まれました。そして物理学は実は人の生き方、在り方そのものにつながる学問であり、追求する真理への異なるアプローチである」ことに気づきました。
 本職の建築設計の他に、物理学、化学、生物学を学んだ著者が名付けた「GOoD DESIGN」とは、エネルギー消費を最小限に抑えつつ最大限の効果を得るデザインを追求することであり、それはすなわち「自然（宇宙）の仕組み」そのものです。耐震性などの建築構造の基本から、エネルギーや原子の仕組みに至るまで、建築家・鈴木エドワード氏が提唱する「GOoD DESIGN」（ゴッド デザイン）、神のデザイン哲学についてまとめ上げた本です。 

 【編集担当からのおすすめ情報】 
 各界をリードする皆さまからいただきました推薦文です。

｢仕事即ち哲学の発見は建築家・鈴木エドワードの「自然探究心」の賜物である｣ - GKデザイングループ会長 栄久庵憲司 -

｢真の知性とは、答えの無い問いを、問い続ける力。鈴木エドワード氏は、その真の知性の持ち主であろう。深い精神性と真摯な探究心に支えられた「知的宇宙への遥かな旅路の記録」とも呼ぶべき本書は、若き日に氏が薫陶を受けたバックミンスター・フラーが辿り着けなかった地平にも、洞察の光を当てている｣ - 思想家・詩人 田坂広志 -

｢この本を読むと、世界がハイビジョンで見るように急に「高解像度」で見えてくる。宇宙を形造っている「デザインの言葉」が少しずつ解読されて、本当の科学やデザイン、人類文明の本番はこれから始まるのだとわかる。この星に『未来はない』と思っている人は、絶対この本を読むべきだ｣ -文化人類学者、Earth Literacy Program代表  竹村真一 -

｢建築家である前に人間として宇宙・生命の意味を問おうとする鈴木エドワードさん。21世紀は自然から学び美しい生き方をしようというすばらしい提案の書です｣ - JT生命誌研究館館長 中村桂子 -

鈴木エドワード連載:小学館Book People http://bp.shogakukan.co.jp/耐震性などの建築構造の基本から、エネルギーや原子の仕組みに至るまで、建築家・鈴木エドワード氏が提唱する「GOoD DESIGN」（ゴッド デザイン）についてまとめ上げた本です。Edward Suzuki Design(カラー写真16page)
Praise for GOoD DESIGN
はじめに 日本と世界の未来のために!
第 1章 デザインとは何か？
第 2章 ｢空飛ぶ家｣、未来の家
第 3章 東京ウッドストックホルム
第 4章 モダニズム VS ポストモダニズム
第 5章 フラｰと｢ワールドゲーム｣
第 6章 水から原子構造を考える
第 7章 数学と黄金比とデザイン
第 8章 シンクロニシティの不思議
第 9章 意識が先か、物質が先か？
第10章 相対性理論をわかりやすく
第11章 ｢愛｣はテンセグリティ宇宙の｢結ぶ力｣
第12章 人間が生まれてくる理由
","日本文学・評論・随筆・その他","jpn","240","B6"
"4306052486","9784306052482","ルイス・カーン建築論集 (SD選書)","ルイス・カ－ン 著,前田忠直 編訳","鹿島出版会","2008-04","17年","2420","","","","","","","","","ルイス・カーンによる崇高な空間のフィロソフィー１０章。カーンの深い建築的思惟の結晶が隠されており、その核心に迫りうる道を見出すことができる。また、ルイス・カーン読解にも使える１冊。","建築","jpn","244","B6"
"4255006962","9784255006963","美しい光でつくる暮らしの照明","石井幹子 著","朝日出版社","2013-01","13年","2420","","","","","799","1","","","家庭のインテリア照明の基本から和のあかりの見直しまで。世界で活躍する照明デザイナーが提案する、ハイセンスな生活を楽しむためのあかりのエッセンス。未来の照明のあり方を考える助けとなる１冊。","日本文学・評論・随筆・その他","jpn","142","A5"
"4767824591","9784767824598","フランク・ロイド・ライト最新建築ガイド","フランク ロイド ライト建築物保存協会 編著,ジョエル・ホグランド 編著,斎藤栄一郎 訳","エクスナレッジ","2018-04-06","7年","1980","","","","","","","","","現存するライト建築75作品をめぐる最新ガイド。新たに公開された個人邸なども掲載！1991年に刊?した旧版から掲載作品を25作品追加。タリアセン・ウェストやグッゲンハイム美術館などのアメリカにある有名建築をはじめ、帝国ホテルや明日館など日本にある建築を含めた75件を各1?2頁で紹介。ライト建築を気軽に概括的に知ることができます！住所・?学ツアー情報も紹介。この春、ライト建築を巡る旅に出よう！","建築","","166","A5"
"476613995X","9784766139952","フランク・ロイド・ライトに学ぶ50の建築レッスン","アーロン・ベツキー 著,ギディオン・フィンク・シャピロ 著,井原恵子 訳","グラフィック社","2025-01-08","1年1ヶ月","3190","3190","3","","","","","","","巨匠フランク・ロイド・ライトの設計の思考と発想を、ライトが手がけた住宅やインテリアから読み解き、50のレッスンとして紹介。
ライトの珠玉の言葉も掲載し、圧倒的な存在感を放ち続ける人物像とその仕事も浮き彫りにします。７ジャンル50レッスンからライトの思考と発想を解説はじめに／影響と発想源／土地とランドスケープ／デザインと社会／空間と体験／コンポジションとムーブメント／建築と身体／抽象と宇宙／おわりに","写真・工芸","jpn","248","A5変"
"4874604838","9784874604830","小さな森の家","吉村順三 著","建築資料研究社","1996-04","29年","2563","","","","","","","","","","建築","jpn","111","B5"
"4887062877","9784887062870","堀部安嗣の建築","堀部安嗣 著","TOTO出版","2007-11","18年","2860","","","","","","","","","質の高い住宅で知られる堀部安嗣の作品集。処女作「南の家」「ある町医者の記念館」から近作「鵠沼の家」まで、自身による写真とエッセイ、ドローイングで構成した、１３年間の軌跡。","建築","jpn","347","B5"
"4000240609","9784000240604","点・線・面","隈研吾 著","岩波書店","2020-02-09","6年","2530","","","877","1","","","","","国立競技場の外壁は全国の杉の板で覆われた。今、私たちの目の前にあるのは小さな点や線である――。建築家は風通しのよい物のあり方を求め続けて、木や石、そして土などさまざまな物質との会話を繰り返し、ついに新しい世界の扉を開いた。未来を考えるすべての人のための方法序説。待望の書き下ろし。図版200点収載。建築を社会、そしてその変化から語り始め、これからの建築、これからの人間を考える。方法序説
20世紀はヴォリュームの時代／日本建築の線とミースの線／構成のカンディンスキーから粒子のギブソンへ／ギブソンと粒子／主知主義対ダダイズム／運動としての時間から、物質としての時間へ／足し算のデザインとしてのコンピュテーショナル・デザインへ／ブルーノ・ラトゥールと写真銃／建築と時間／運動から時間を開放する／カンディンスキーによる次元の超越と埋め込み／相対的な世界と有効理論／建築の拡大と重層／金融資本主義のXL建築／建築の膨張と新しい物理学／進化論から重層論へ／超弦理論と新しい建築／ドゥルーズと物質の相対性

点
大きな世界と小さな石ころ／ギリシャからローマへの転換／点の集合としてのシーグラム・ビル／石の美術館の点への挑戦／点からヴォリュームへのジャンプ／ブルネレスキの青い石／ブルネレスキの点の実験／帰納法の建築／ブルネレスキとトビケラ／液体で点をつなげる／メタボリズムと点／木よりも細い石／日本の瓦と中国の瓦／点の階層化とエイジング／自由な点としての三角形／松葉の原理の成長するTSUMIKI／千鳥という点／線路の砂利という自由な点／離散性と倹約とフレキシビリティ

線
コルビュジエのヴォリューム、ミースの線／丹下健三のずれた線／線からヴォリュームへと退化した日本建築／木の小屋からの出発／ガウディの線／点描画法／熱帯雨林の線／モダニズムの線と日本建築の線／伝統論争と縄文の太い線／移動する日本の木造の線／芯おさえと面おさえ／広重の夕立の細い線／夕立の建築／線の自由とV&amp;A・ダンディ／生きている線と死んだ線／生と死の境をさまよう線／限りなく細いカーボン・ファイバーの線／富岡倉庫の絹のような線

面
リートフェル対クレルクト／ミース対リートフェルト／サハラで出会ったベドウィンの布／ゼンパー対ロジエ／フランクフルトの布の茶室／ライトの砂漠のテント／大樹町の布の家／災害から人を守るカサ・アンブレラ／フラー・ドームと建築の民主化／テンセグリティで地球を救う／細胞とテンセグリティ／800年後の方丈庵／

　おわりに
　参考文献
　図版出典一覧","建築","jpn","214","46"
"4756253512","9784756253514","心地よい空間をつくる小さな設計・建築事務所","パイインターナショナル 編著","パイインターナショナル","2020-08-19","5年","3520","","","","","","","","","各地で活躍する設計士・建築士101人の建築作品を一挙紹介

「施主の思いに耳を傾け、ただ建てるだけではなく、暮らし全体をクリエイトする。新しい価値を見出し、世界にひとつだけの建築をつくり上げるーーー。」
そんな思いで日々、活躍している設計士・建築士を紹介する本を１冊にまとめたいと思い、本書は『心地よい空間をつくる　小さな設計・建築事務所』と名づけました。

彼らの多くは、多様な価値観にあふれた多忙な時代だからこそ、手ざわりや居心地、やすらぎのある心地よい空間が必要だと考えます。まずはクライアントの話をよく聞き、深く読み取り、使う人にフィットする空間をひとつずつ丁寧にしつらえること。その上で、住宅は地域環境と寄り添うことを前提におおらかな空間づくりを目指し、ショップやオフィス、公共施設などは地域の社会的な役割を考え、時代を超えて愛される街づくりを目指しています。北海道
アーキラボ・ティアンドエム、エム・アンド・オー、建築設計事務所 Atelier CoCo

宮城県
さくま建築設計事務所、LIFE RECORD ARCHITECTS

山形県
アトリエセツナ、井上貴詞建築設計事務所

福島県
ADX

茨城県
吉デザイン設計事務所

群馬県
飯山千里建築設計事務所、小島光晴建築設計事務所

埼玉県
リオタデザイン

東京都
アリイイリエアーキテクツ、上原和建築研究所 一級建築士事務所、大井鉄也建築設計事務所 一級建築士事務所、オープンヴィジョン、Camp Design inc、gift_、小石川建築ノ小石川土木、Koizumi Studio、佐久間徹設計事務所、鈴木一史、straight design lab、+ft+/髙濱史子建築設計事務所、ディンプル建築設計事務所、傳田アーキテクツ、能作文徳建築設計事務所、knof、HAGI STUDIO 一級建築士事務所、福田世志弥一級建築士事務所、干田正浩建築設計事務所、MOBLEY WORKS、moyadesign、山路哲生建築設計事務所、RYO ASO DESIGN OFFICE

神奈川県
一級建築士事務所 ATELIER SUMIYOSHI、伊藤立平建築設計事務所、稲山貴則建築設計事務所、KEMURI DESIGN、ZUBO D.I.Y. 研究所（ZUBO UNIT ZERO）、田邉雄之建築設計事務所、ハイアーキテクチャー

新潟県
あかがわ建築設計室、東海林健建築設計事務所

富山県
スタジオシュワリ 一級建築士事務所、中斉拓也建築設計

石川県
あとりいえ。、岡田翔太郎建築デザイン事務所、KELUN、スウェイデザイン、谷重義行建築像景

福井県
ヒャッカ

山梨県
アトリエいろは 一級建築士事務所、一級建築士事務所 studioPEAK１ わだたかひろ

長野県
スズケン 一級建築士事務所、ReBuilding Center JAPAN

岐阜県
evergreen、Pi? Design、丸山建築、武藤圭太郎建築設計事務所、安江怜史建築設計事務所

静岡県
青木設計事務所、WEST COAST DESIGN、勝亦丸山建築計画、ツクリト建築設計事務所

愛知県
YLANG YLANG、AIRHOUSE、studiovelocity 一級建築士事務所

三重県
スーパーモンキープロジェクト、ヨネダ設計舎

滋賀県
Architectural Design 家吉、ALTS DESIGN OFFICE、KAILUA Architectural Design、COLOR LABEL DESIGN OFFICE、川島裕一建築設計","建築","jpn","223","B5"
"4871406741","9784871406741","藤本壮介読本","藤本壮介 〔述〕,二川幸夫 企画・編集,二川由夫 インタビュ－","エーディーエー・エディタ・トーキョー","2011-08","14年","2860","","","","","","","","","野に育まれた大らかな感性は、街の喧噪に森の居心地を見つけ、未来の豊かさを求めて建築は、原始の記憶を取り戻す森となる…。多数の写真による作品紹介とインタビューにより、藤本壮介の世界に触れられる１冊。","建築","jpn","318","A5"
"4767824265","9784767824260","日本人がいちばん暮らしやすい間取り図鑑","フリーダムアーキテクツ 著","エクスナレッジ","2018-03-30","7年","1980","","","","","","","","","お金をかけなくても坪数がなくても理想の家はつくれる！パパの夢の趣味部屋、ママの理想のオープンキッチン…！間取りを工夫すれば家族皆の希望がかなう！ズボラでも大丈夫、自然に片付く部屋のつくりかた！etc…「TOKIOカケル」などテレビで話題の著者が日本人が1番幸せに暮らせる間取りを解説！！","建築","","223","B5"
"4801307221","9784801307223","アニメオタクの一級建築士が建築の面白さを徹底解剖する本。","NoMaDoS 著,吉川尚哉 イラスト","彩図社","2024-05-24","1年8ヶ月","1980","","","","","2424","1","","","本書の主旨は、マンガやアニメに登場する建物を切り口に、建築の面白さを解説するというものです。



「建築って、詳しく知るのは難しそうで……」

「なんとなくカッコいいということはわかるんだけど……」

建築に対して、どこかで苦手意識を感じている方は多いはず。

もっと気軽に、楽しく建築の面白さを知ってもらうことはできないだろうか？　そんな思いから生まれたのが、本書です。



建築は最も生活に密着した芸術作品という側面を持ち、また誰しもが「体験」することのできる知識の結晶でもあります。世界的に有名な名建築に限らず、私たちが暮らす住宅も、買い物に行く商業施設も、その施主・設計者・施工者それぞれが心血を注いで実現させた立派な建築作品のひとつなのです。



肩ひじ張らずに、めくるめく建築の世界を自由に楽しみましょう！","建築","jpn","208","A5"
"475625456X","9784756254566","居心地のいい家をつくる注目の設計士＆建築家100人の仕事","","パイインターナショナル","2021-02-22","4年","3190","3190","1","","","","","","","家を建てる前に必ず見ておきたい！夢を叶えてくれる建築家たち

毎日過ごす家は、最高に居心地がよくなるようにこだわってつくりたいものです。しかし、いざ家を建てたいと思っても、誰にお願いすればいいのか悩んでいる人も多いはずです。本書は、様々なメディアで注目されている設計士・建築家100人の仕事を、プロファイル形式で紹介していきます。これから建てる家の参考にしていただくのはもちろん、「いつかはこんな家に住んでみたい」と眺めるだけでも夢が広がる、理想の住まいが集まった書籍です。","建築","jpn","223","B5"
"4863900619","9784863900615","住まいは、生き方 チルチンびと別冊 山口工務店特集","風土社編集部 編集","風土社（新宿区）","2021-11-01","4年","770","","","","","","","","","","建築","","168","A4"
"4756250882","9784756250889","話題のショップをつくる注目の空間デザイナー・建築家100人の仕事","パイインターナショナル 編著","パイインターナショナル","2018-11-12","7年","3190","","","","","","","","","時代の流れがわかるクリエイターズプロファイル

サードウェーブコーヒーブームやインバウンド向けのホテルの増加、空き家を生かしたリノベーションなど、近年の建築業界には大きな変化が見られます。本書では、新しい発想でこれまでになかった空間を作り出す建築家とデザイナーたちの仕事をプロファイル形式で紹介。店舗オーナーはもちろん、ブランディングを手がけるグラフィックデザイナーにも役立つ１冊です。","建築","jpn","224","B5"
"4395321232","9784395321230","建築家の自邸に学ぶ設計製図","水谷俊博 著,水谷玲子 著","彰国社","2018-11-01","7年","3960","","","","","","","","","「自邸」にはそれぞれの建築家の理念が純粋なかたちで表現されている。
建築学科の製図の授業において、お手本とされる図面は、初心者にとって描きやすいだけでなく、
建築としても魅力があることが大切である。さらに図面は描くだけでなく、読む力も必要である。

本書は、前川國男「前川國男自邸」、菊竹清訓「スカイハウス」、伊東豊雄「シルバーハット」という、
日本を代表する建築家の自邸3作をとりあげている。
木造の前川國男自邸、RC造のスカイハウスの図面を「描く」、また鉄骨造のシルバーハットの図面を「読む」ことで、
建築家それぞれの個性、理念、建物の構造、材料、工夫された意匠やディテールをひとつずつ理解しながら楽しく製図を学ぶことができる。 
さらに、建築を学ぶにあたっては、リフォームやリノベーションなど、すでにある既存の建物を調査し、
なにもないところから図面を起こす力も求められる。
「実測」の章を設け、道具の使い方や記録の取り方など図面を「つくる」力を身につける。本書は、前川國男、菊竹清訓、伊東豊雄の自邸をもとに、それぞれの理念、構造、意匠などを理解しながら製図を学ぶことができる。CHAPTER 1
製図の基本
LESSON 1 図面は建築家のコミュニケーションツール 
LESSON 2 設計の流れと図面
LESSON 3 図面の種類
LESSON 4 図面を描く道具
LESSON 5 図面を描く基本 その1/縮尺と図面
LESSON 6 図面を描く基本 その2/基準線・通り芯
LESSON 7 図面を描く基本 その3/線の種類を使い分けよう
LESSON 8 図面を描く基本 その4 / 線の引き方
LESSON 9 いろいろな製図記号を理解しよう
LESSON 10 階段の描き方をマスターしよう
LESSON 11 図面を美しく見せるレイアウトと文字

CHAPTER 2
図面を描く 1 前川國男自邸
PROLOGUE 前川國男自邸について
前川國男自邸 図面
LESSON 0 描く前の準備
LESSON 1 配置図兼1階平面図を描く
LESSON 2 2 階平面図を描く
LESSON 3 A - A ' 断面図を描く
LESSON 4 南立面図を描く
図面レイアウト参考例

CHAPTER3
図面を描く2 スカイハウス
PROLOGUE スカイハウスについて
スカイハウス 図面
LESSON 1 平面図を描く
LESSON 2 A - A ' 断面図を描く
LESSON 3 南立面図を描く
図面レイアウト参考例

CHAPTER 4
図面を読む シルバーハット
PROLOGUE シルバーハットについて
LESSON 1 平・立・断3つの図面の対応を考えよう
LESSON 2 一般図を読む
LESSON 3 詳細図を読む
LESSON 4 描く手順に沿って図面を読んでみよう
LESSON 5 ディテールのデザインを読む

CHAPTER 5
図面をつくる 実測
LESSON 1 実測とは?
LESSON 2 道具をそろえよう/実測調査の準備
LESSON 3 作業のすすめ方
LESSON 4 ひと部屋の実測をしよう
事例紹介:「石神井台の家」の実測と改修","建築","","171","A4"
"4860730348","9784860730345","人はなぜ建てるのか","香山寿夫 著","王国社","2007-01","19年","2090","","","","","","","","","建築とは、今ここにいる私と誰かを、共にひとつに包むこと…。建築をつくりつつ、建築に関わる諸々のことについて考えてきた著者が、様々な場所に発表してきた文章を集成。写真図版多数収録。","建築","jpn","220","B6"
"4887063040","9784887063044","中村好文普通の住宅、普通の別荘","中村好文 著,雨宮秀也 写真","TOTO出版","2010-05","15年","3080","","","1991","1","","","","","潜在的に目指していたのは、気張りも気取りもしない、まっすぐに背筋の通った普通のもの。普通の住宅と別荘など１５作品を、写真やエッセイ、施主のインタビューを交えて紹介。住宅作家・中村好文、待望の初作品集。","建築","jpn","319","A5"
"4767831016","9784767831015","世界で一番美しい名作住宅の解剖図鑑 増補改訂版","著:中山繁信,著:松下希和,著:伊藤茉莉子,著:齋藤玲香","エクスナレッジ","2022-12-28","3年","1980","","","","","","","","","全部イラストでわかる！名作住宅

ライト、コルビュジエ、ミース、イームズ、アアルト、
カーン、バラガン、ムーア、フラー、アスプルンドほか
巨匠たちが残した名作住宅を厳選!

時代別にどのような名作住宅が建てられたのか、一目でわかる構成です。
巻末には世界の名作住宅が分かる年表つき！

外観はもちろん、内部のインテリアまでわかる断面パースやアイソメ図を掲載。
名作住宅を深く知ることができるほか、
古代から現代までの日本住宅の潮流、
世界中にある地域に根ざした環境共生建築の仕組みも分かります。

本書は、2014年刊行の『世界で一番美しい名作住宅の解剖図鑑』の改訂したものです。【目次】

レッドハウス/フィリップ・ウェブ、ウィリアム・モリス
シュレーダー邸/ヘリット・トーマス・リートフェルト
聴竹居/藤井厚二
メーリニコフ自邸/コンスタンチン・メーリニコフ
ウィチタ・ハウス/バックミンスター・フラー
ローテンボー邸/アルネ・ヤコブセン
サヴォア邸/ル・コルビュジェ
軽井沢夏の家/アントニン・レーモンド
ジェイコブス邸/フランク・ロイド・ライト
落水荘/フランク・ロイド・ライト
夏の家/エリック・グンナール・アスプルンド
前川自邸/前川國男
バラガン自邸/ルイス・バラガン
イームズ邸/チャールズ&amp;レイ・イームズ
ガラスの家/フィリップ・ジョンソン
ファンズワース邸/ミース・ファン・デル・ローエ
立体最小限住宅　住宅No.3/池辺陽
丹下自邸/丹下健三
SH1/広瀬鎌二
私の家/清家清
ジャウル邸/ル・コルビュジエ
カレ邸/アルヴァ・アアルト
スカイハウス/菊竹清訓
フーパー邸/マルセル・ブロイヤー
フィッシャー邸/ルイス・カーン
ムーア自邸/チャールズ・ムーア
スタール邸/ピエール・コーニッグ
エシェリック邸/ルイス・カーン
マイラム邸/ポール・ルドルフ
母の家/ロバート・ヴェンチューリ
シーランチコンドミニアム/MLTW
グワスミー邸兼アトリエ/チャールズ・グワスミー
白の家/篠原一男
もうびぃでぃっく/宮脇檀
パレク邸/チャールズ・コレア
リヴァ・サンヴィターレ/マリオ・ボッタ
レーゲンスブルグ住宅/トーマス・ヘルツォーク
浦邸/吉阪隆正
マグニー邸/グレン・マーカット
ギャラリーをもつ家/林雅子
スーパーアドビ/ネダール・ハリーリ
ニラハウス/藤森照信
Yハウス/スティーブン・ホール
ヴィラ・ヴァルス/SeARCH、クリスティアン・ミュラー・アーキテクツ
穴居住居
洞窟生活
土屋根、草屋根の住居
高床式住居
水上住居
組立て式住居
テント式住居
中庭式住居
待庵／千利休
合掌造り
新島旧邸
吉島家住宅/西田伊三郎、内山新造","家事","jpn","159","B5"
"439532200X","9784395322008","屋根から読み解く住宅の空間","大塚篤 著","彰国社","2024-03-04","1年11ヶ月","3960","","","","","","","","","屋根はさまざまな環境から守るシェルターという原初的な性格をもちながら、内部およびその周辺においては、人々の自由なアクティビティを可能にする緩いスペースの広がりをつくり出す。本書では、「屋根」がつくり出す空間構成や、そこに生じる活動、それらを支えるディテールや構法など、「屋根」を切り口に近年の住宅を読み解いていく。「屋根」がつくり出す空間構成や、そこに生じる活動、それらを支えるディテールや構法など、近年の住宅を読み解いていく。1.屋根を読み解く12の視点
2.グラビア
3.36事例（断面詳細図で構成）
4.屋根を読み解く12の解説","建築","jpn","120","A4"
"4395320848","9784395320844","ディテールで語る建築","内田祥哉 著","彰国社","2018-11-01","7年","3520","","","","","","","","","19歳で建築を学びはじめて74年間、建築の設計、建築構法の研究、教育に邁進してきた著者の語り下ろし。
93歳になる今でも講演会の要請が途切れないのは、著者が戦後から今日までの建築の生き字引であるだけでなく、
素材や組立ての原理を踏まえた広範な知識、実践で積み重ねてきた創意と工夫・発想の豊かさ、建築を総体でとらえる思想に、
たくさんの人々が魅了されるからである。

「誰がつくったかはよくわからないが、誰もがそれを頼りにしている技術」をよしとする著者の語り口は、
なにも排除せず、偏向せず、建築を考えること、つくることへの悦びがにじみ出る。

著者の魅力を余すところなく収録した本書は、
『ディテール』で10年・40回にわたった連載「内田祥哉 三題噺」に1話を増補し、再編したもの。建築の設計、建築構法の研究、教育に邁進してきた著者の語り下ろし。『ディテール』で40回にわたった連載に1話を増補、再編した。序　昭和20年をまたいだ建築学徒
1章　プレハブに真っ向勝負
　1 実施設計体験のシミュレーター「GUP」
　2 組立・分解が繰り返せるフレームシステム
　3 システムズ建築が社会になじむために
　4 中高層住宅のプレハブ化
　5 ブロック造船による中高層プレハブ住宅
　6 芦屋浜高層住宅の技術提案競技
2章　寸法体系に魅せられて
　1 数値探し
　2 グリッドとモデュール
　3 寸法の押え方
　4 取付け手順は取替え手順
　5 並べ方の作法
3章　理屈で納める
　1 カドの装い
　2 ポツ窓から柱間装置への60年
　3 隙間を使って水と空気を追い出す
　4 雨仕舞い先進国の屋根構法
　5 詰まらないのが樋
　6 目地と隙間
　7 直線階段づくりの焦点
　8 さまざまな曲線階段
4章　つくる愉しみ
　1 見て、真似て、発想の糧にする
　2 日差しと視界
　3 日本にないものがつくりたい
　4 世にないディテールを考えたい
　5 模様の魅力、配列の決まり
　6 私の住宅設計
5章　これからのこと
　1 軽量鉄骨住宅のプレハブ化
　2 コンクリート系のプレハブ住宅
　3 永久建築といわれた鉄筋コンクリート造
　4 真面目につくったものは長持ちする
　5 使いやすいものが思い出に残る
　6 使い続けるためのカベ
　7 配管・配線類の配置をデザインする
　8 設備の寿命は建物と一緒には延びない
6章　思い出すままに
　1 堀口先生の「桂」講座
　2 構法とは
　3 プレハブから見た日本の在来構法
　4 「仮設」か「可動」か
　5 建築の言葉、土木の手順
　6 木材事情とコンクリート造
　7 建築基準法からはみ出していた社寺建築
　内田祥哉年表　ほか","建築","","385","B6"
"4863585837","9784863585836","建築の日本展","藤森照信 監修","Echelle－1","2018-09-15","7年","3740","","","","","","","","","古来の伝統建築を礎としながら、独創的な発想と表現を内包している日本の現代建築。国際的に高い評価を得ている木造建築文化はいかに進化していたのか。日本建築の過去・現在・未来を照らし出す。","建築","","322","A4"
"4391639742","9784391639742","リノベーションでつくるカッコよくて心地いい家 (私のカントリ－別冊 Come home！ HOUSING)","","主婦と生活社","2016-12-26","9年","1430","","","591","3","552","1","","","１章 掘り出しもの物件でかなえたスタイルのある家／２章 予算を賢く使ったリノベーションハウス／３章 古いマンションをヴィンテージに格上げする内装と間取りのアイデア。１章掘り出しもの物件でかなえたスタイルのある家／予算を賢く使ったリノベーションハウス","家事","jpn","120","AB変"
"4872751582","9784872751581","20XXの建築原理へ (建築のちから)","著:伊東 豊雄,著:藤本 壮介,著:平田 晃久,著:佐藤 淳,編集:大西 正紀+田中 元子/mosaki","LIXIL出版","2009-09","16年","2310","","","","","","","","","伊東豊雄が選んだ若手建築家と構造家が、青山病院跡地に住宅、オフィスなどの混在した施設を構想するという架空のプロジェクトを追う。建築家たちが提案する東京再開発モデルの理想像と、２１世紀の建築原理とは。","建築","jpn","205","A5"
"4274224392","9784274224393","構造設計プロセス図集","大野博史 著","オーム社","2020-02-17","5年","3850","","","","","","","","","構造の「プロセス」にこそ、建築の面白さが詰まっている！
構造は、建築を成立されるためのとても需要な要素です。いくら創造的なデザインであっても、重力に抗えなければ建築は建ちません。そんな創造と現実のあいだに立つのが「構造プロセス」です。本書では、ふだん建築家との協働が多い構造家・大野博史がこれまで手掛けた建築を通して、設計の過程に建築家とどんなやり取りがあり、構造の可能性をどのように探求していったかに焦点を当て、実現案へと定着させていくまでを詳細に解き明かした本です。
スケッチや写真はもちろん、構造図も多数掲載されており、構造設計者をめざす若者はもちろん、意匠設計者が読んでも目からウロコの構造デザインの世界にお連れします。設計の過程での建築家とのやり取り、構造の可能性をどのように探求していったかに焦点を当て、実現案へと定着させていくまでを解説。","建築","jpn","176","B5"
"489977141X","9784899771418","建築依存症","安部良 著","ラトルズ","2006-05","19年","2420","","","","","","","","","真っ白で、水平、垂直な近代建築から、もっと人間味あふれるクセのある建築へ。空間に心や体温、記憶を求め、五感をフル稼働して動き続ける、建築なしでは生きていけない男の行き当たりばったりアーキテクト日記。","建築","jpn","239","B6"
"4887063121","9784887063129","TOKYO METABOLIZING","北山恒 著,塚本由晴 著,西沢立衛 著","TOTO出版","2010-07","15年","1650","","","","","","","634","2","東京が生んだ新しい建築が都市をゆるやかに最適化する。第１２回ヴェネチア・ビエンナーレ日本館公式カタログ。北山恒と塚本由晴の東京の都市論、その実践例として北山、塚本、西沢立衛の戸建住宅・集合住宅を紹介。","建築","jpn","143","B5"
"4309412203","9784309412207","日曜日の住居学 (河出文庫)","宮脇檀 著","河出書房新社","2013-05-20","12年","891","","","","","359","1","","","本当に住みやすい家を求めてきた著者が、個々の家庭の暮しの実相の中から、理想の住まいの手がかりをまとめたエッセイ集。","日本文学・評論・随筆・その他","jpn","224","A6/文庫"
"4838755589","9784838755585","建築を巡る旅。 (MAGAZINE HOUSE MOOK Casa BRUTUS特別編集)","","マガジンハウス","2022-08-03","3年","1650","","","","","345","2","","","Architecture Tour in Japan
建築を巡る旅。

旅の目的地にしたい、日本のすごい建築120。

日本は世界に誇る建築家の宝庫です。
若きスター建築家は自由な発想と独自のアプローチで、
新鮮な驚きをもたらす建築を続々と誕生させる一方、
あの巨匠建築家たちは新たな挑戦を続けています。
本書はそんな新たな名作建築を巡る旅の提案です。
今、体験するべき日本のすごい建築を一挙にご紹介します！

Shooting Trip
写真家・奥山由之の建築体験
静岡県富士山世界遺産センター／ラ コリーナ近江八幡／荘銀タクト鶴岡／TUNNEL OF LIGHT

Top Runner
5組のスター建築家
石上純也　House &amp; Restaurant〈maison owl〉／水庭／KAIT広場
田根剛　弘前れんが倉庫美術館／ジャイルフード／アーツ＆サイエンス青山／千總本店／ニュウマン横浜
藤本壮介　マルホンまきあーとテラス／UNIQLO PARK 横浜ベイサイド店／白井屋ホテル
平田晃久　八代市民族伝統芸能伝承館／太田市美術館・図書館／ナインアワーズ赤坂・水道橋
サポーズデザインオフィス　松本十帖／hotel sou／虎ノ門横丁

Masters' New Frontier
巨匠建築家の挑戦
安藤忠雄×子供
坂 茂×宿
青木淳×美術館
隈研吾×石
妹島和世×大学

The Tokyo Toilet
ホンマタカシが撮り下ろす、生まれ変わった東京のトイレ

Urbanism
街をつくる建築家、内藤廣の渋谷案内

Travel Guide
旅の目的地にしたい名作建築36

Special Talk
1 石上純也×田根剛　僕らに影響を与えた必見の建築
2 伊東豊雄×藤森照信　巨匠が語る、日本建築”らしさ”
3 五十嵐太郎　批評家・建築史家が注目する次世代

Study
1  5分でわかる！ 日本の建築家相関図
2  スター建築家の”出世作”","諸芸･娯楽","jpn","198","A4変"
"4104415022","9784104415021","名建築に泊まる","稲葉尚登 著","新潮社","2002-11-20","23年","1760","","","","","","","150","2","建築にこだわって宿を探すと、そこには魅力的な泊まり心地が待ち受けていた。由緒ある和風旅館から有名建築家によるモダンなホテルまで、匠の技が光る３０の建物を泊まり歩いた写真満載のガイド・エッセイ。","旅行","jpn","144","B6"
"4897377323","9784897377322","くさる家に住む。","著:神田 雅子,著:林 美樹,著:濱田 ゆかり,著:平山 友子,著:つなが~るズ,写真:砺波 周平","六耀社","2013-02","13年","2200","","","784","1","","","","","建築に関わる仕事をしている４人の建築女子が各地を訪ね歩いて、出合ったのは１０の素敵な家と暮らし。これからの新しい住まい方を試みながら、本当に豊かな暮らしについて考える。","家事","jpn","157","A5"
"4767825423","9784767825427","住まいのデザインノート","石井秀樹 著","エクスナレッジ","2018-12-28","7年","2420","","","","","","","","","日本を代表する若手建築家の一人である石井秀樹の「美しく、心地よい住まい」の方法論を一冊にまとめたものです。ちょっとした細部の差がすまいの善し悪しに直結することが、視覚的に理解できるように、「悪い」例も図解であえて掲載。これにより住宅にたいする理解を深めることができます。家づくりを考えるときのヒントになることはもちろん、街中を歩いているときにも「良くできた建物」と「普通の建物」の違いが分かるようになるはずです。","建築","","207","A4"
"4767826780","9784767826783","最高に美しい住宅をつくる方法 最新版 2","彦根明 著","エクスナレッジ","2019-10-31","6年","1980","","","","","","","","","後悔しない住まい作りの教科書に最適！住宅設計における最大のテーマについて、自身の設計事例から数々の具体策を示し、新事例を盛り込み、さらに充実した1冊となりました。家づくりを考えている方から住宅設計をはじめようかと思っている方、自分の設計にさらなる飛躍を求めるベテラン実務者まで幅広い読者に満足いただけます。","建築","","270","B5"
"4000241389","9784000241380","都市のイメージ 新装版","著:ケヴィン リンチ,原著:Lynch,Kevin,翻訳:健三, 丹下,翻訳:玲子, 富田","岩波書店","2007-05","18年","3960","","","","","","","","","待望の声久しい名著．装いを新たに再刊","建築","jpn","286","A5"
"4003317513","9784003317518","日本の民家 (岩波文庫)","今和次郎 著","岩波書店","1997-07","28年","1155","","","","","","","276","1","","民俗・風習","jpn","351","A6/文庫"
"4003358511","9784003358511","丹下健三建築論集 (岩波文庫)","丹下健三 著,豊川斎赫 編","岩波書店","2021-07-19","4年","924","","","1681","1","1586","1","","","世界のTANGE──。国際的建築家として丹下健三の名を知らしめたのは、その作品のみならず、彼の論説と思想であった。人間と建築にたいする深い洞察と志。「美しきもののみ機能的である」との言葉に象徴される独自の美意識。建築の化身と呼ばれた不世出の建築家による重要論考を集成する。二巻構成のうちの建築論篇。「世界のTANGE」と呼ばれた不世出の建築家による重要論考を集成する。二巻構成のうちの建築論篇。Ⅰ　建築家の構想力について
　MICHELANGELO 頌（しょう）－－Le Corbusier 論への序説として
　現在日本において近代建築をいかに理解するか－－伝統の創造のために
　現代建築の創造と日本建築の伝統
　無限のエネルギー：コンクリート
　芸術の創造性について

Ⅱ　建築の設計について
　日本の建築家－－その内部の現実と外部の現実
　おぼえがき－－建築設計家として民衆をどう把握するか
　建築家は民衆をどう把えるか

Ⅲ　建築の美について
　インダストリアル　デザインと建築－－自由な娘たち
　芸術の定着と統合について－－三人展を機会に
　グロピウスの残した余韻
　『桂』序
　サンパウロ・ビエンナーレ展の焦点
　対立をふくんだ芸術の協同

編者解説……………豊川斎赫","建築","jpn","288","A6/文庫"
"4006032994","9784006032999","紙の建築行動する (岩波現代文庫)","坂茂 著","岩波書店","2016-06-16","9年","1496","","","","","","","","","世界中の被災者や難民のためにシェルターを提供してきた著者が、命を守る建築の誕生とその人道的な実践を語る。カラー写真多数。","建築","jpn","240","A6/文庫"
"404066003X","9784040660035","家がおしえてくれること","小川奈緒 著","KADOKAWA","2013-10","12年","1650","","","","","","","150","1","都心、郊外、一軒家、マンション…。それぞれのスタイルで、家と暮らしに向き合う１０組の家族。そのストーリーの中に見つかる「自分らしい家」のヒント。家の数だけ出会う物語。","家事","jpn","160","A5"
"406288366X","9784062883665","人が集まる建築 (講談社現代新書)","仙田満 著","講談社","2016-04-13","9年","1210","","","571","1","","","","","こどもから大人まで、ひとが集まり、楽しめ、学べ、また来たくなる建築空間は、どんな発想と理論から生まれるのか。設計で人は集められるのか。こどもが元気に育つ空間の条件とは何か。数多くの有名な幼稚園、保育園、子供向けの公園、施設を手掛け、近年は新・広島市民球場、国際教養大学図書館などでも注目を集める環境建築家のシンプルかつ深遠な、建築論、デザイン論。


こどもから大人まで、ひとが集まり、楽しめ、学べ、また来たくなる建築空間は、どんな発想と理論から生まれるのか。設計で人は集められるのか。こどもが元気に育つ空間の条件とは何か。
数多くの有名な幼稚園、保育園、子供向けの公園、施設を手掛け、近年は新・広島市民球場、国際教養大学図書館などでも注目を集める環境建築家のシンプルかつ深遠な、建築論、デザイン論。新広島市民球場、国際教養大学図書館を手掛けた「環境建築家」が人がまた来たくなる建築設計の技法を考察する１部　なぜ人は「遊環構造」に集まるのか
新広島市民球場、ゆうゆうのもり幼保園、国際教養大学中嶋記念図書館、人が集まる環境デザインの発想
2部　あそびやすい空間の構造
野中保育園、こどものあそび環境の研究、西武春日井ショッピングセンター、東京辰巳国際水泳場
3部　意欲を喚起する環境
富山県カナルパーク、兵庫県立但馬ドーム、上海旗忠森林体育城テニスセンター、国立成育医療研究センター、幻の新国立競技場
4部　継承する環境デザイン
新しい環境の型を、子どもには自然が必要、環境デザインの未来","建築","jpn","344","B40/新書"
"4062903407","9784062903400","建築文学傑作選 (講談社文芸文庫)","青木淳 選","講談社","2017-03-14","8年","2310","","","","","","","","","建築学科の必読書は谷崎｢陰翳礼讃｣であるという。
文学と建築。まったく異なるジャンルでありながら、
そのたたずまいやなりたちに文学を思わせる建築、
そして構造、手法に建築を思わせる文学がある。
構成、位相、運動、幾何学、連続／不連続――
日本を代表する建築家が選び抜いた、
既存の読みを覆す傑作“建築文学”十篇。

収録作品
須賀敦子「ヴェネチアの悲しみ」
開高健「流亡記」
筒井康隆「中隊長」
川崎長太郎「蝋燭」
青木淳悟「ふるさと以外のことは知らない」
澁澤龍彦「鳥と少女」
芥川龍之介「蜃気楼」
幸田文「台所のおと」
平出隆「日は階段なり」
立原道造「長崎紀行」ルイ・ヴィトンビルの設計などで世界的に知られた建築家・青木淳氏が厳選する、、建築文学の傑作１０篇。","日本文学小説・物語","jpn","416","A6/文庫"
"4065228670","9784065228678","日本近現代建築の歴史 (講談社選書メチエ)","日埜直彦 著","講談社","2021-03-11","4年","2475","","","","","","","","","本書は、明治維新から現在に至る日本の建築史を一筆書きで描き出す試みである。日本の建築史については、これまで幾多の著作が書かれてきたが、1970年までで終わるものがほとんどで、その後の時代を包含するものはない。バブル経済に沸き立った1980年代を経て、長い不景気の時代を迎えた日本は大きな変化を受けている。ならば、21世紀の今、本当に必要なのは、この150年の歴史を通覧することにほかならない。
本書は全二部で構成される。第一部では、従来の建築史が扱ってきた明治維新から1970年代までの時期を取り上げる。そこでは、「国家のための建築」という特殊な役割を負わされる中で、明治期に導入された西洋の建築様式との格闘を続けながら、大正期、戦時期、そして戦後の復興から高度経済成長期までの激動の歴史が描き出される。続く第二部は、その「国家のための建築」という役割から解放された建築が、いかに拡散し、現在見られるような複雑な様相を呈するに至ったのかを見る。
自宅にいても、街に出ても、常に私たちは建築に囲まれている。にもかかわらず、建築について、その歴史について、手軽に基本的な知識を得られる書籍がない、というのは不思議なことである。本書は、そんな状況に終止符を打つべく、専門的な知識を必要とせず、ただ歴史的な建築物を羅列するのではなく、それぞれの時代に何が求められ、何が考えられたのか、その背景には何があったのかを明快に描くことを主眼としている。
本書を読めば、日本の建築について知悉できるばかりか、建築とは何か、そして建築物とともに生きるとはどういうことなのか、という重要な問題について明確なイメージをもつことができるだろう。
建築家として活躍するだけでなく、建築批評でも定評ある地位を確立してきた著者が手がけた壮大なドラマ、ついに完成。

［本書の内容］
第一部　国家的段階
第一章　明治維新と体系的な西洋式建築の導入／第二章　非体系的な西洋式建築導入／第三章　国家と建築家／第四章　明治期における西洋式建築受容の到達点／第五章　直訳的受容から日本固有の建築へ／第六章　近代化の進行と下からの近代化の立ち上がり／第七章　近代建築の受容と建築家の指向の分岐／第八章　総動員体制とテクノクラシー／第九章　戦災復興と近代建築の隆盛／第一〇章　建築生産の産業化と建築家のマイノリティ化／第一一章　国家的段階の終わり

第二部　ポスト国家的段階
第一章　ポスト国家的段階の初期設定／第二章　発散的な多様化と分断の露呈／第三章　新世代の建築家のリアリティと磯崎新／第四章　定着した分断とそれをまたぐもの／第五章　バブルの時代／第六章　一九九◯年代以降の展開と日本人建築家の国際的な活躍／第七章　ポスト国家的段階の中間決算１５０年に及ぶ歴史を一筆書きで描き出す、これまでになかった壮大な試み。この１冊で、日本の建築とその歴史の全体像を理解できる。前書き

序　章
１　建築の保守性とその例外としての日本近代
２　世界的な近代建築の普及と日本の特殊性
３　通史の不在と現在の見え難さ
４　三つの着眼

第一部　国家的段階
第一章　明治維新と体系的な西洋式建築の導入
第二章　非体系的な西洋式建築導入
第三章　国家と建築家
第四章　明治期における西洋式建築受容の到達点
第五章　直訳的受容から日本固有の建築へ
第六章　近代化の進行と下からの近代化の立ち上がり
第七章　近代建築の受容と建築家の指向の分岐
第八章　総動員体制とテクノクラシー
第九章　戦災復興と近代建築の隆盛
第一〇章　建築生産の産業化と建築家のマイノリティ化
第一一章　国家的段階の終わり

第二部　ポスト国家的段階
第一章　ポスト国家的段階の初期設定
第二章　発散的な多様化と分断の露呈
第三章　新世代の建築家のリアリティと磯崎新
第四章　定着した分断とそれをまたぐもの
第五章　バブルの時代
第六章　一九九◯年代以降の展開と日本人建築家の国際的な活躍
第七章　ポスト国家的段階の中間決算","建築","jpn","424","46"
"4074293293","9784074293292","VINTAGE ＆ ANTIQUE LIFE WITH SOMETHING OLD (別冊Plus 1 living)","","主婦の友社","2018-03-02","7年","1320","","","","","","","","","ヴィンテージやアンティーク、味わいのある民芸品など、「古いもの」との暮らし方、楽しみ方をたっぷりと。ヴィンテージやアンティークの家具から、味わいのある民芸品などの雑貨まで、「古いもの」をインテリアに活かす方法や、「古いもの」との暮らし方、楽しみ方をたっぷりとご紹介します。実例では、「古いもの」をインテリアに上手に活かして暮らす方に取材。そのものの紹介とともに、活かし方のコツ、選ぶポイント、楽しみ方までを紹介します。さらに、「宮脇モダン」オーナー宮脇誠さん、建築家・奥野幸子さん、「Ｌａｎｄｓｈａｐｂｏｅｋ」オーナー谷省三さんにご自宅を披露いただき、アンティーク家具との暮らしを取材しています。また、アンティークや「古いもの」に出会えるショップや、蚤の市やクラフトマーケットでお気に入りの「古いもの」を見つけるコツもご紹介しています。","家事","jpn","95","A4変"
"407447008X","9784074470082","明日へのたね蒔き","asako 著","主婦の友社","2021-02-10","5年","1628","","","","","430","1","","","起床は毎朝7時。起きたらすぐに家事をこなし、朝ごはんを食べて、10時に仕事開始。途中休憩を挟みつつ17時ごろに仕事を終え、その後は自分へのごほうびの時間。畑で育てた食物を使った旬の肴をつまみながら終始リラックス。―――人気ブロガーasakoさんが、このような規則正しい日常をおくる理由。それは「気持ちよくいるため」。この本は、結婚当初はペースをつかめなかったという家事の仕方や順序、整理整頓方法、食事のとり方など、asakoさんがみつけた「よりよい自分に出会える」ための「たね」（行いや心がけ）を書き留めたものです。「すべての行動、心がけが自分をつくっていく。であれば自分が気持ちよくいられるたねを蒔けばいい。『よし！がんばるぞ』とたねを蒔いたり、『お疲れさま』と自分へのごほうびで脱力したり。そんな毎日のくり返しが自分を育ててくれるはず。みなさんは、明日の自分のために、どんなたねを蒔きますか。人気ブイロガーhibi hibi　asakoさんのライフスタイルエッセイ。問い合わせの多い「ブイログの作り方」も公開！","家事","jpn","127","46"
"4106019159","9784106019159","修学院離宮 (とんぼの本)","田中日佐夫 文,大橋治三 写真","新潮社","1984-09","41年","1495","","","","","","","150","1","","芸術総記","jpn","119","A5"
"4106020432","9784106020438","桂離宮 (とんぼの本)","俵万智 他著","新潮社","1996-03","29年","1760","","","","","","","","","","建築","jpn","127","A5"
"4106022206","9784106022203","日本の建築遺産12選 (とんぼの本)","磯崎新 著","新潮社","2011-06-25","14年","1760","","","","","","","","","建築界の巨匠が今、あらためて問い直す「日本建築」の面白さ。古代から２０世紀まで、絶対に見ておきたい１２の名建築を「水平」と「垂直」のキーワードで解く。「３・１１後の建築」を展望するエッセイも収録。","建築","jpn","125","B5"
"410602263X","9784106022630","熱帯建築家 (とんぼの本)","隈研吾 著,山口由美 著","新潮社","2015-11-27","10年","2200","","","","","","","","","バワって、何者？　アジアにこんなすごい建物を作ったなんて！　海へとつながっていくプール、山に抱かれる建物、巨岩がめり込むロビー、森の庭に開かれたテラス、樹木が突き出た屋根……。〝モンスーンアジア?を舞台に築かれた、自然と一体化する独自の建築世界を読み解き、14のホテルとヴィラを徹底取材。スリランカが生んだ今注目の建築家、バワ作品を楽しむための初のガイドブック誕生！アジアンリゾートの先駆者にして今注目の建築家に迫る本邦初ガイドブック。ホテルをはじめ14のバワ作品の見方、楽しみ方を徹底案内","建築","jpn","128","B5"
"4121012968","9784121012968","美の構成学 (中公新書)","三井秀樹（1942－） 著","中央公論新社","1996-04-25","29年","858","","","","","376","3","","","","社会科学総記","jpn","186","B40/新書"
"4122062101","9784122062108","雪あかり日記／せせらぎ日記 (中公文庫)","谷口吉郎 著,谷口吉郎 著","中央公論新社","2015-12-20","10年","1430","","","","","","","","","","日本文学・評論・随筆・その他","jpn","541","A6/文庫"
"4130611437","9784130611435","都市を上映せよ","本田晃子 著","東京大学出版会","2022-01-25","4年","3740","","","","","","","","","ソ連時代、建築の理想や夢を映し出す一大メディアとなった映画は、社会主義都市のイメージを大衆に浸透させることに成功し、現在にいたるまで人々の「ソ連」のイメージと結びついてきた。映画は首都モスクワをいかに神話化し、解体したのか、スクリーン上の建築物が饒舌に語り始める。序 章

第1章　建築と映画の出会い――『全線』に見るソフホーズの形象
1　ファクトゥーラとファクトの美学
2　『全線』制作の背景
3　越境する映画
4　生命の工場
5　ソフホーズの曖昧な場所
おわりに

幕間─I

第2章　都市は運動する――『新しいモスクワ』に見るスターリンのモスクワ再開発計画
1　メドヴェトキンと社会主義リアリズム
2　動く家
3　二つのモスクワ
4　『明日のモスクワ』とソヴィエト宮殿
5　現在と未来、周辺と中央
おわりに

幕間─II

第3章　映画は建築する――『輝ける道』と全連邦農業博覧会
1　社会主義リアリズムとミュージカル映画
2　総合芸術空間としての農業博覧会
3　空間軸としての指導者像
4　三人のターニャ
おわりに

幕間─III

第4章　地下の宮殿――『僕はモスクワを歩く』と『ナースチャ』における地下鉄空間
1　地下鉄言説とソ連映画
2　スターリン期のモスクワ地下鉄駅
3　スターリン期の映画と地下鉄言説
4　『僕はモスクワを歩く』と公共交通空間としての地下鉄
5　『ナースチャ』と地下の宮殿
おわりに

幕間─IV

第5章　宮殿から地獄へ――ポスト・ソ連時代の映画における地下鉄空間
1　地下鉄言説の推移
2　ポスト・ソ連期の地下鉄表象
3　『パイロットたちの科学的セクション』と汚される空間
4　地下への下降、過去への遡行
5　『メトロ42』とポスト・ソ連期のパニック映画
6　特性のない空間
おわりに

終 章

あとがき
図版出典一覧
主要映画作品一覧","哲学","jpn","273","46"
"4130638505","9784130638500","これからの建築理論 (T＿ADS TEXTS)","東京大学 編","東京大学出版会","2014-12","11年","1540","","","524","1","","","","","世界の第一線で活躍している建築家、建築評論家を一堂に集め東京大学で行われた２つのシンポジウムを収録。登壇者への個別インタビューとエッセイを加え、日本と海外における建築理論の現在について多角的に迫る。","建築","jpn","221","B6"
"4130638513","9784130638517","もがく建築家，理論を考える (T＿ADS TEXTS)","東京大学建築学専攻Advanced Design Studies 編","東京大学出版会","2017-06-30","8年","1650","","","","","","","233","1","現代日本建築の魅力と多様性を、隈研吾、磯崎新、藤森照信ら日本を代表する建築家による作品解説とインタビューをまじえ見直す。ふたつの東京オリンピックのはざまで，時代の大きなうねりのなか形作られた現代日本建築の多様性を「理論」「技術」「都市」「人間」という四相から見直すシリーズの第1弾，「理論編」．日本を代表する建築家自身による作品解説とインタビューによる現代日本建築入門．大御所の建築家を集めて，何を企んでいるのか？（小渕祐介）　

01.なぜいま丹下健三から考えるのか（隈　研吾＋小渕祐介）

02.空間を感知するために（磯崎　新）

03.様式を共有する（香山壽夫）

04.建築の始源へ（藤森照信）

05.つなぐ建築（大野秀敏）

06.建築より大きく，都市より小さく（妹島和世）

07.日常の建築家（隈　研吾）

建築を考える／建築で考える――結びにかえて（木内俊彦） &amp;lt;br&amp;gt;
","建築","jpn","304","B40/新書"
"4163702903","9784163702902","磯崎新の「都庁」","平松剛 著","文藝春秋","2008-06-10","17年","2409","","","","","","","","","８５年、新宿新都庁舎案コンペ。建築界の天皇・丹下健三に、弟子の磯崎新が挑んだ。幻の「低層案」、そのキーワードは「広場」と「錯綜体」だった。建築界の知の巨人の夢と格闘の軌跡を追う、建築ノンフィクション。85年、新宿新都庁舎コンペ（設計競技）。建築界の天皇・丹下健三に、弟子の磯崎が挑み、敗れた「幻の」都庁をめぐるノンフィクション","日本文学・評論・随筆・その他","jpn","476","B6"
"4274228576","9784274228575","建築ってなんだ？","","オーム社","2022-04-08","3年","2420","","","","","","","","","建築を学ぶ人たちへ贈る、珠玉の問答集！

「そもそも建築と建物の違いはなんですか？」
「よいものを見る目はどうやって養うの？」
「絵がうまくなくても建築やれますか？」
「なぜ歴史を学ぶことは重要なのですか？」
学生のとき一度は次のような疑問を抱くのではないでしょうか。

この本は、これから建築を学ぶ新入生や学部生など対象に、
建築にまつわる「そもそもこれって？」という素朴な疑問や人生相談まで、
全76題におよぶ学生たちの問いかけに真摯に向き合い記した、珠玉の問答集です。

いわゆるオリエンテーション本とはひと味異なり、
回答者は各自の経験をもとに正直に記しています。
よって、回答内容は三者三様で、それぞれの主張は時に矛盾するときもあります。
でもそれは先生方によって考え方が違うことを示しています。
すなわち、それも建築の奥深さでもあると考えました。
本書を読むと、悩んだり、落ち込んだときに少し背中を押してくれる言葉が見つかるかもしれません。これから建築を学ぶ新入生や学部生など対象に、建築にまつわる「そもそもこれって？」という76題の学生の問いに向き合った問答集。1章　物事の「違い」に気づく観察力
2章　「できない」を価値にする創造力
3章　「夢中になれる」を見つける思考力
4章　これからを「生き抜く」ための未来力","建築","jpn","317","46"
"4306041719","9784306041714","パタン・ランゲージ","クリストファ－・アレクサンダ－ 他著,平田翰那 訳","鹿島出版会","1984-12","41年","10780","","","","","","","","","","建築","jpn","626","A5"
"4306043479","9784306043473","ルイス・カーン","著:ウルス ビュッティカー,翻訳:義人, 富岡,翻訳:逸子, 熊谷,原名:B¨uttiker,Urs","鹿島出版会","1996-09","29年","4620","","","","","","","","","","建築","jpn","188","B5"
"4306043762","9784306043763","不気味な建築","著:アンソニー ヴィドラー,原著:Vidler,Anthony,翻訳:哲蔵, 大島,翻訳:洋, 道家","鹿島出版会","1998-11","27年","3740","","","","","","","","","","建築","jpn","295","B6"
"4306043843","9784306043848","巨匠フランク・ロイド・ライト","編集:ラーキン,デヴィッド,編集:ファイファー,ブルース・ブルックス,原著:Pfeiffer,Bruce Brooks,翻訳:順子, 大木","鹿島出版会","1999-05","26年","3520","","","","","","","","","","建築","jpn","239","A5"
"4306043924","9784306043923","アーキグラム","ア－キグラム 編,浜田邦裕 訳","鹿島出版会","1999-09","26年","3740","","","","","","","","","","建築","jpn","145","B5"
"4306044319","9784306044319","ル・コルビュジエ建築の詩","富永譲 著","鹿島出版会","2003-07-11","22年","3080","","","","","","","1060","1","なぜ、コルビュジエの建築に惹かれるのだろうか。「白の時代」以降の主要住宅１２を取り上げ、その空間構成法を解き明かす。そこには建築的散策路が織り成す空間の詩法が読み取れる。ル・コルビュジエ研究の決定版。","建築","jpn","237","A5"
"4306044688","9784306044685","ミース・ファン・デル・ローエ真理を求めて","高山正實 著","鹿島出版会","2006-03-31","19年","3850","","","","","","","","","近代建築をリードし、２０世紀の巨匠として活躍したミース。その生涯を丹念に辿りながら、直弟子として間近で見聞きした設計姿勢と手法がいかなるものなのかを考察し、彼の作品群が現代に遺したものは何かを問う。","建築","jpn","113","A4"
"4306045218","9784306045217","アルヴァー・アールト","編集:シルツ,ヨーラン,原著:Schildt,G¨oran,翻訳:恵子, 吉崎","鹿島出版会","2009-01","17年","3850","","","","","","","","","スケッチや絵は、彼の主要目的である建築形態をあやつるための手段であった。アールト自身の言葉で綴られた、唯一のエッセイ集、ついに復刻。多数のスケッチが添えられた、アールトのデザインの源泉に迫る名著。","建築","jpn","214","B5"
"4306045307","9784306045309","弔ふ建築","日本建築学会 編","鹿島出版会","2009-06","16年","3740","","","","","","","","","忌み嫌われがちな施設・火葬場を、終の空間として見つめなおす実例集。世界の葬送の風景を解説し、日本の風土と現代の良質な施設、その計画・設計・運営を紹介。死と向きあい、冥福を祈る、終の空間を考える１冊。","建築","jpn","242","A5"
"4306046206","9784306046207","タウト建築論講義","著:ブルーノ タウト,原著:Taut,Bruno,翻訳:良子, 沢,翻訳:桃子, 落合","鹿島出版会","2015-03","10年","3850","","","","","","","","","語り継ぐべき純粋な建築観を復元した新訳。図版の選定までタウトの意思が反映された唯一の著作であり、その集大成となる大学講義録は、経済優先の建築の貧しさ、風土性の欠如など、今日に通じる課題が満ちている。","建築","jpn","363","A5"
"4306046362","9784306046368","メディアとしてのコンクリート","著:フォーティー,エイドリアン,原著:Forty,Adrian,翻訳:卓, 坂牛,翻訳:浩久, 邉見,翻訳:鴻逸, 呉,翻訳:大樹, 天内","鹿島出版会","2016-04-06","9年","4840","","","","","","","","","近代にはじまったコンクリートの意匠と文化の真価を、精選された建築写真とともに読み解く快楽。自然の材料か、歴史性を持ちうるか、芸術の対象たりうるか。「建築と素材」というテーマに新たな思考を切り開く歴史観。RIBA協会長賞受賞。コンクリートの意匠と文化の真価を読み解く思考の快楽。自然の材料か、歴史性を持ちうるか、芸術の対象たりうるか。「建築と素材」の課題に新たな思考を切り開く歴史観。〈受賞情報〉王立英国建築家協会協会長賞第一章 土と近代性
第二章 自然または不自然
コンクリートと石／不完全性／風化作用／自然の再加工（再構築）／持続可能性
第三章 歴史のない素メデイア材
コンクリートの歴史性／非歴史的な素メデイア材／過去と現在を混ぜ合わせる──戦後イタリア
第四章 コンクリートの地政学
コンクリートの国籍／国のコンクリート／ブラジル／日本
第五章 政治
ソヴィエト連邦と東欧におけるコンクリート／西欧におけるコンクリート／一九八九年以降
第六章 天と地と
フランスとドイツにおけるコンクリート造の教会、一九一九－三九年／一九四五年以降／教会と都市／貧しさとキッチュ
第七章 記憶か忘却か
第八章 コンクリートと労働
熟練か未熟練か／コンクリートと科学的管理法／専門家／建築家
第九章 コンクリートと写真
指標／時間／色／モノクローム／現場写真／コンクリートの「文化」への進出／コンクリートと芸術としての写真
第一〇章 コンクリートの復興
中性について／英雄的な、もしくは柔軟な／外側と内側","建築","jpn","409","A5"
"4306046664","9784306046665","ゴシックの匠","原名:Grote,Andreas,著:グローテ,アンドレアス,翻訳:浩, 柳井,翻訳:秋美, 岩谷","鹿島出版会","2018-06-09","7年","3850","","","","","","","","","大聖堂や城郭はいかに建設されたか。ウィトルウィウスの再発見から棟梁の修業と技術、社会制度に至るままで、豊富な図版とともに甦る。

「ヨーロッパ各地にそびえたつ華麗な大聖堂や壮大な城、堅固な要塞。現代のように高度な技術も機械もそして知識もない、はるか昔のひとびとは、こうした巨大な建築物をどのようにして建設したのでしょうか。誰もが抱く素朴な疑問に対して、同時代の図面や記録を示し具体的に答えたのが、本書です。その内容は、ウィトルウィウスの再発見を端緒として（1～2章）、中世・ルネサンスにおける棟梁の修行過程や建築術（3～9章）、社会や組織のシステム（10～11章）、さらには軍事や測量にまで及びます（12～13章）。」
（訳者解題より）1. ウィトルウィウス建築書
2. 中世の建築家
3. 修業の課程 
4. 構想図と計画 
5. 掘削と請負
6. 地中・水中の基礎
7. 建築開始
8. 運搬と据え付け
9. 小屋組みと他の木材
10. 監督と管理運営
11. 建築法規
12. 築城術と兵器 
13. 測量術
14. 棟梁とその依頼人
15. 中世における大工の棟梁","建築","jpn","149","A5"
"4306046877","9784306046870","白い壁、デザイナードレス","著:マーク・ウィグリー,翻訳:坂牛 卓,翻訳:邉見 浩久,翻訳:岩下 暢男,翻訳:天内 大樹,翻訳:岸 佑,翻訳:呉 鴻逸","鹿島出版会","2021-10-11","4年","4620","","","","","","","","","これまで語ることが避けられてきたル・コルビュジエ建築の白の意味、そして、モダニズム建築はなぜ白いのかを解き明かす書、待望の邦訳。

私たちは従来、装飾批判の観点からモダニズムを理解してきた。ところがマーク・ウィグリーは、モダニズム成立の背景に「ファッション」を見出した！　彼の徹底的なリサーチと執拗な叙述は、近代建築誕生の背後にあった被覆とファッションをめぐる建築家たちの闘争と挑戦を鮮やかに描き出す。伝統的なモダニズム理解を全面的に塗り替える、真っ白な必読書である。――加藤耕一

「モダニズム建築のデザインは当時の服飾改革運動に影響されていることを明らかにするのである。つまり白とはファションにおける装飾を?ぎ取った改革された服の建築的翻訳ということである。加えて、ファッションに強く影響を受けた建築家たちは数多くいたものの、その実態を否定的に捉える歴史家が、ファッション否定の歴史を編纂していったことをも示していくのである。なぜこんなことが、今まで明るみに出なかったのだろうか?　それは白を語ることが避けられてきたからである」
「白は十九世紀の装飾的な衣服を脱ぎ捨て、過去と断絶することを示すもの、という程度に理解するのでは不十分であると。白は脱皮した抜け殻を示すものではなく、新たな服としての意味を内包すると説くのである。その意味内容を解き明かすヒントは、建築家とファッションの密接な関係である。一般的にファッション史と建築史は独立した歴史として語られる。しかし双方は類似した様相を呈する。装飾的な服がココ・シャネルなどの近代のファッションデザイナーの手によって簡素で機能的なものに変化していく様は、近代建築誕生の様子と近しいのである」（まえがきより――坂牛 卓）伝統的なモダニズム理解を全面的に塗り替える、真っ白な必読書――加藤耕一近代建築の読み替え　坂牛 卓
謝辞
序文
テイク1　裸の王様
　モダニティの外見／空間の衣服／人工器官の組み立て／「眼」以降の建築
テイク2　流行警察
　血統書付きの番犬／クローゼット探偵
テイク3　表面を傷つける
　近代の服を作る／建築家のドレス／フェミニンを?りつける
テイク4　建築に服を着せ直す
　線を緩める／ファッションポリスを捕まえる／面を統制する／テニスでもいかが？
テイク5　アンチファッションというファッション
　アンチファッションドレスの建築／建築をタイプスーツに合わせる／モードからモダン、そしてまた戻る
テイク6　白はいい?をつく
　改革ファッション／白い塗装を塗る/白いコートを着せる／ファッションの純粋化
テイク7　ディープスキン
　まばゆい色／錯乱する白／ミルクピッチャーの先へ
テイク8　機械時代の壁紙
　白い個室を語る／ノマドを着飾る／ウインドウ・ショッピング
テイク9　性を負わされて
　さんご色の指先／皮膚による苦悩
テイク10　ホワイト・アウト
　色覚異常／流行遅れのスーツ／色付けされた歴史／自然化した白／／ヌードカラーのドレス／表面への回帰／結局
解題　邉見浩久
訳者あとがき","建築","jpn","471","A5"
"4306046885","9784306046887","バーナード・ルドフスキー","アンドレア・ボッコ 著,多木陽介 編集・翻訳","鹿島出版会","2021-09-13","4年","4180","","","2601","1","","","","","人間のためのデザイン。『建築家なしの建築』『人間のための街路』『みっともない人体』などの圧倒的な蒐集力と論考で知られ、都市から住宅、そして衣服、食…生活のすべてを観察し、関連づけ、デザインしたプロジェッタツィオーネ、ルドフスキー。その生涯と、150点以上の未発表図版を含む全プロジェクトを知る、待望の評伝。都市から住宅、そして衣服、食…生活のすべてを観察し、デザインしたルドフスキー。その生涯と、全プロジェクトを知る、待望の評伝。バイオグラフィ／［ルドフスキー論］一章　建築作品について――建築の自然な哲学／二章　生活技術について──生活の自然哲学／三章　好奇心教授法／写真家としてのルドフスキー／ルドフスキー全作品目録","建築","jpn","336","A5"
"4306050211","9784306050211","建築をめざして (SD選書)","ル・コルビュジエ 著,吉阪隆正 訳","鹿島出版会","1989-03","36年","2200","","","","","","","","","","建築","jpn","212","規格外"
"430605148X","9784306051485","東方への旅 (SD選書)","著:ル・コルビュジエ,翻訳:石井 勉,翻訳:伊勢 京子,翻訳:遠藤 泰人,翻訳:後藤 眞理子,翻訳:関根 純一,翻訳:長尾 重武","鹿島出版会","1979-02","47年","2200","","","","","","","","","","建築","jpn","249","B6"
"4306051625","9784306051621","見えがくれする都市 (SD選書)","槇文彦 他著","鹿島出版会","1980-06-30","45年","2200","","","","","","","","","","建築","jpn","230","B6"
"4306051749","9784306051744","建築の多様性と対立性 (SD選書)","ロバ－ト・ヴェントゥ－リ 著,伊藤公文 訳","鹿島出版会","1982-11","43年","2200","","","","","","","","","","建築","jpn","252","B6"
"4306051846","9784306051843","建築家なしの建築 (SD選書)","ベルナルド・ルドフスキ－ 著,渡辺武信 訳","鹿島出版会","1984-01","42年","2200","","","","","","","","","","建築","jpn","177","B6"
"4306052249","9784306052246","芸術としての建築 (SD選書)","著:S. アバークロンビー,原著:Abercrombie,Stanley,翻訳:秀和, 白井","鹿島出版会","1996-06","29年","1980","","","","","","","","","","建築","jpn","239","B6"
"430605263X","9784306052635","形の合成に関するノート／都市はツリーではない (SD選書)","著:クリストファー アレグザンダー,原著:Alexander,Christopher,翻訳:武司, 稲葉,翻訳:邦英, 押野見","鹿島出版会","2013-12","12年","2640","","","","","","","","","建築、都市の秩序や美しさを自覚的に生み出すプロセスとは。数学的手法“ダイアグラム”を用いてデザイン論を築き、ツリーとセミラチスの相反する構造を提唱して歴史的衝撃をあたえた２編。初期の考察を所収。","建築","jpn","253","B6"
"4306073297","9784306073296","「新訳」明日の田園都市","エベネザ－・ハワ－ド 著,山形浩生 訳","鹿島出版会","2016-10-07","9年","2640","","","","","","","","","近代都市計画の祖、ハワードによる住民の立場から考えられた初の都市計画論。
不朽の名著、新訳版刊行。

『明日の田園都市』は、他のどんな本よりも現代の都市計画運動を導き、その狙いを変えるのに貢献している。でもこれは、古典の伝統的な不運にも直面している。それを明らかに一度も読んでいない人々に糾弾され、そして十分に理解していない人々に受け入れられているのだ。人の生を中心として文明を築くにあたり、サー・エベネザー・ハワードの有名な本を再刊するよりも時節を得た貢献はあり得ないだろう――L・マンフォード（1951年版本文より）

繰り返すが、本書は都市計画文献の中で独特な位置を保ち、あらゆる都市計画文献の参考文献に挙げられ、主要図書館の棚に並び、都市計画に関するほとんどの本で言及されている。それなのに、都市計画をめぐる通俗著述家のほとんどは本書を読んだことがないらしい――Ｆ・Ｊ・オズボーン（1951年版本文より）

ハワードの考えていた田園都市というは、名前や、その後のレッチワースをはじめとするニュータウン群から想像されるような牧歌的な郊外住宅地ではない。
そもそも本書の大半が都市の物理形態よりは、社会システムや事業収益計算に費やされていることは、改めて指摘しておこう。でもそのわずかなフィジカルプランの部分ですら、ハワードがここで思い描いているのは、むしろ最新のテクノロジーを取り入れた超ハイテク都市だ。――訳者あとがきより近代都市計画の祖、ハワードによる住民の立場から考えられた初の都市計画論。技術変化と、それに伴う社会変化に対してどう取り組むかを現代的なプロジェクトとして提示した、近代都市計画の不朽の名著、新訳版。序文　F.J.オズボーン
この版への序文　F.J.オズボーン
田園都市の発想と現代都市計画　ルイス・マンフォード
著者の序文
第1章　「町・いなか」磁石
第2章　田園都市の歳入と、その獲得方法――農業用地
第3章　田園都市の歳入――市街地 
第4章　田園都市の歳入――歳出の概観
第5章　田園都市の歳出詳細
第6章　行政管理 
第7章　準公共組織――地方ごとの選択肢としての禁酒法改革 
第8章　自治体支援作業
第9章　問題点をいくつか検討
第10章　各種提案のユニークな組み合わせ
第11章　後に続く道
第12章　社会都市
第13章　ロンドンの将来
訳者あとがき","建築","jpn","289","B6"
"4306073424","9784306073425","エコロジカル・デモクラシー","ランドルフ・T・へスター 著,土肥真人 訳","鹿島出版会","2018-04-12","7年","6050","","","","","","","","","エコロジーとデモクラシー、どちらも単独では問題を解決できないが、両者が組み合わされたとき、都市の新たな希望が生まれる。世界をつなぐ15の原則に導かれた、都市デザインへの圧巻の大著。

すごい本である。…本書はデザインの質およびデザイナーの資質に対して、きわめて振幅の大きな評価の物差しを持っていることがうかがえる。デザインはモノや空間の造形として体現される。この本では、造形のあり方に対しては寛容であるが、決して造形を軽視はしない。造形を生み出すデザイナーに頼ることはないが、デザイナー個人の空間や場所、造形に対するきわめて深い洞察力と創造力の資質なしには、エコデモの未来は切りひらけないという。それはすなわちランディ自身の歩んできた道である。――佐々木 葉（早稲田大学教授）第1部　可能にする形態―――「隣の人たちと知り合いになれた」
　第1章 中心性――センター
　第2章 つながり
　第3章 公正さ
　第4章 賢明な地位の追求
　第5章 聖 性

第2部　回復できる形態―――生活、自由、そしてずっと続く幸福の追求
　第6章 特別さ
　第7章 選択的多様性
　第8章 密度と小ささ
　第9章 都市の範囲を限定する
　第10章 適応性

第3部　推進する形態――「まちが人々の心に触れるようにしなさい」
　第11章 日常にある未来
　第12章 自然に生きること
　第13章 科学に住まうこと
　第14章 お互いに奉仕すること
　第15章 歩くこと","建築","jpn","510","A5変"
"4306073572","9784306073579","生きた景観マネジメント","著:嘉名 光市,著:大影 佳史,著:栗山 尚子,著:阿久井 康平,著:麻生 美希,著:阿部 貴弘,著:阿部 大輔,著:大野 整,著:佐藤 宏亮,著:志村 秀明,著:杉崎 和久,著:髙野 哲矢,著:中島 宏典,著:沼田 麻美子,著:原田 栄二,著:松井 大輔,著:山下 裕子,著:三宅 諭,編集:日本建築学会","鹿島出版会","2021-02-04","5年","3080","","","","","","","","","環境の変化を受けながらも、いまも生き生きとある都市やまち、場所を物語る「生きた景観」を生み、育てるマネジメント手法とは。

「生きた景観」とは、景観を成立させているさまざまな環境の変化を受けながらも「いまも生き生きとある都市やまち、場所を物語る景観」である。まちや地域の営みを象徴し、空間と居住者・来訪者など人々が空間を使うことで生まれる場を表現する景観であり、観察者・参加者らも景観の担い手として関与する。こうした能動的な生きた景観を生み、育てるマネジメント手法を景観づくりの新たな展開の手がかりとして捉える。［本文より］環境の変化を受けながらも、いまも生き生きとある都市やまち、場所を物語る「生きた景観」を生み、育てるマネジメント手法とは。はじめに

第I部 生きた景観マネジメントへの視座
第1章 変わるまち、変わる景観
第2章 営みとともにある、生きた景観
第3章 景観マネジメントへの展望
第4章 生きた景観マネジメントの実践に向けて

第II部　生きた景観マネジメントの実践
第1章　生きた景観を生む魅力的な資源に着目する［資源編］
第1節　生きた景観を支える伝統文化
第2節　変化する空間に景観資源を見出す
第3節　生きた景観を生む公園マネジメント

第2章　生きた景観を生み、育て、受け継ぐ［主体編］
第4節　コミュニティとしなやかに生きる景観
第5節　「まち衆」による景観マネジメント
第6節　まちなか広場が生きた景観を育てる

第3章　直面する変化を乗り越える［変化編］
避けられない変化に向き合う
第7節　空洞化・衰退するまちの景観マネジメント
第8節　災害復興と地域になじむ景観マネジメント
社会や環境の変化に対応する
第9節　公共空間の再編と生きた景観
第10節　営みの変化と生きた景観――観光に着目して

第4章　持続可能な地域経営への展開［地域経営編］
第11節　生きた景観から考える地域の持続可能性
第12節　エリアマネジメントによる生きた景観
第13節　持続可能なエリアマネジメントと生きた景観
第14節　生きた景観マネジメントによる空間の再編","建築","jpn","229","A5"
"4306073599","9784306073593","都市の問診","饗庭伸 著","鹿島出版会","2022-04-11","3年","2200","","","","","","","","","「都市をたたむ」理論の先へ。
私たちは、私たちを支える都市をどのようにつくれるのか。都市計画では何ができるのだろうか。まちの臨床で考え抜かれた、都市を読み解き、言葉をつくり、計画を組み立てる方法を伝授する。

「医療と同じように、都市の問診は専門性がとても高い技術である。目の前の相手に対して、ただ相槌を打つ、ただ共感をする、ただ「相手の立場に立って考える」だけでは意味がない。目の前にいない人たちのことを考え、土地や建物や自然の声を聞き、空間を使った解決を考え、言葉を組み立てて伝える、そこまでのことをやらなくてはならない。私なりに考えて、実践してきた都市の問診の技術をまとめたものが本書である。」

「自然と人、農地と都市、ふたつの産業と住宅地と、私たちは国土を分けて使いこなしてきた。そしてその使いこなしのための制度を発達させてきた。その分け方を少し変えてみる、ひっくり返してみると、これまで使えないと思っていた制度を使うことができるようになるかもしれない。
私たちの社会がまだ、国土をすみずみまで使い切り、国民が抱える問題の総量をできるだけ減らす、ということをめざしているのであれば、さまざまなスケールで発達した制度を理解し、それを創造的に組み合わせて使いこなしていく、まだまだそんなことができるはずだ」

「大学では建築を勉強して、この仕事を続けてきて25年ほどになる。最初は住宅のことしかわからなかった。あちこちを見て、不十分ながら勉強を重ねてきて、ここに書いたような、大ざっぱな風呂敷を広げることができるようになった。その風呂敷は穴だらけのはずである。残りの仕事の時間は25年ほどだろうか。それほど勤勉ではないので、すべてを知ることはできないだろう。このアンソロジーは、そんな穴だらけの風呂敷を伝えるものである」――本文より「都市をたたむ」理論の先へ。空間の読み解き方、災害と復興、日常的な都市計画の理論を独自の視点でわかりやすく語る。はじめに
序章　都市計画の仕事
　都市の問診／急ぎ仕事と気長仕事
第1章　都市の読み解き
　流体的近代と住まい／都市の恒久性と仮設性／都市縮小のレイヤーモデル
第2章　フィールドワークと言葉
　都市計画の普遍語／フィールドワークとプランニング／フィールドワークの展望／言葉の組み立て方
第3章　災害と復興の臨床
　波を読む技術／近代復興から非営利復興へ／創造的復興のジャッジ
第4章　都市計画の役割
　縮小都市のデザイン原理／プランニングのエコロジー／市民が描く都市像／都市計画の立て方
第5章　都市開発の役割
　拠点のつくり方／住宅地に混ぜ込まれたインフラストラクチャー／暮らしや仕事のスーパーストラクチャー／賢い都市計画
第6章　未来の都市計画
　ふたつの交換と都市計画／中動態の設計／都市社会のつむぎ方
あとがき","建築","jpn","254","46"
"4306093271","9784306093270","バックミンスター・フラー","著:マーティン ポーリー,原著:Pawley,Martin,翻訳:武信, 渡辺,翻訳:武文, 相田","鹿島出版会","1994-05-10","31年","3520","","","","","","","","","","芸術総記","jpn","236","B6"
"4306093492","9784306093492","建築の解体","磯崎新 著","鹿島出版会","1997-03","28年","4620","","","","","","","","","","建築","jpn","433","A5"
"4309269249","9784309269245","Docomomo選モダニズム建築100＋α","大川三雄 著,渡邉研司 著","河出書房新社","2006-10","19年","1980","","","","","","","292","2","モダニズム建築の保存・研究を行う世界組織「ＤＯＣＯＭＯＭＯ」の日本支部が選んだ、１００のモダニズム建築を一挙掲載。９０個以上のコラムがより理解を助ける、建築ファン、建築業界の人必携の１冊。","建築","jpn","143","A5"
"4309415733","9784309415734","空間へ (河出文庫)","磯崎新 著","河出書房新社","2017-10-06","8年","1650","","","","","","","","","日本を代表する建築家にして理論家、その思想を切り開いた初著作が文庫化！　建築家、アーティスト、思想家に影響を与えた基本図書。","建築","jpn","584","A6/文庫"
"4309763197","9784309763194","図説西洋建築の歴史 新装版 (ふくろうの本 世界の文化)","佐藤達生 著","河出書房新社","2022-06-28","3年","2255","","","","","","","","","西洋建築の見方がわかる決定版ガイド！2500年に及ぶ壮大な西洋建築の歴史を、二つの流れから読みとく。","建築","jpn","148","B5"
"4320076788","9784320076785","建築を旅する (造形ライブラリ－)","岸和郎 著","共立出版","2003-04-10","22年","3850","","","","","","","1448","1","著者である岸和郎（建築家・京都工芸繊維大学造形工学科教授）が自らの建築観を世界的に著名な建築家であるル・コルビュジエ，ミース，カーンなどの作品を例に挙げそれらについて語りかける。建築家が持つ独特の感覚から展開されるストーリーはあたかも建築物や世界の都市を旅する感覚に読者を引き込ませるだろう。著名な建築物を例に挙げて著者の建築観を語る1章　序

2章　建築を旅する－鉄について

3章　ル・コルビュジエを旅する

4章　ミースを旅する

5章　カーンを旅する

6章　インターナショナル・スタイル以降
普遍性/地域性
抽象性/具象性
テクノロジー
ハイ・スタイル／ポップ

7章　建築を旅する－都市","建築","jpn","249","B5"
"4334045855","9784334045852","ヘーゲル哲学に学ぶ考え抜く力 (光文社新書)","川瀬和也 著","光文社","2022-01-19","4年","990","","","488","2","454","2","","","本書の目標は、19世紀ドイツの大哲学者・ヘーゲルの哲学を通じて、読者の皆さんが「考え抜く」ことの重要性を実感し、その経験値を積むことにある。「考え抜く力」は哲学の基本スキルである一方、これからのビジネスに欠かせない実践的スキルでもある。そして、考え抜くために必要なのは「結論が出ない苦しみに辛抱強く耐える」能力だ。本書では「生き方」「学問」「存在」「本質」「認識」「歴史」という六つのテーマに則してヘーゲルがいかにして「考え抜く」ことを成し遂げたかを見る。この思考を通じ、真に新たな価値を創造できる、人生100年時代の社会人力を身につけることができるはずである（「はじめに」より一部編集）。新進気鋭のヘーゲル研究者が21世紀のビジネスパーソンに贈る、実践的哲学新書。「考え抜く力」は人生100年時代の「社会人基礎力」である。19世紀ドイツのヘーゲル哲学が、21世紀のビジネスに効く理由とは？はじめに　哲学を学んで何の役に立つのか？
第一章　「生き方」を考え抜く
第二章　「学問」を考え抜く
第三章　「存在」を考え抜く
第四章　「本質」を考え抜く
第五章　「認識」を考え抜く
第六章　「歴史」を考え抜く
おわりに　考え抜く人になるために","哲学","jpn","280","B40/新書"
"4336058466","9784336058461","異形建築巡礼","石山修武 編著,毛綱毅曠 著,佐藤研吾 注釈","国書刊行会","2016-11-25","9年","5500","","","","","","","","","セルフビルドの可能性を拡張する世界的建築家・石山修武。その生涯を前衛として駆け抜けた博覧強記の建築家・毛綱毅曠（モン太）。二人の鬼才が日本全国を巡り論じ尽くした伝説的連載（「異形の建築」）を、40年の時を越え、初単行本化。均質化した世界に〈異形〉の一石を投じる快著！関西の三奇人建築家（安藤忠雄・毛綱毅曠・渡辺豊和）と六角鬼丈を論じた石山修武による書き下ろし「異形の建築群（または建築の異形群）」を併載。
日本に伝わる異形の建築を博覧強記の建築家二人が、巡り、論じる。石山修武・毛綱モン太による伝説の連載、初の単行本化。目次

まえがき　

Ⅰ　「異形」の再発見とその正統性
――日本近代建築の見直しへの一石
〈異〉と〈位〉の空間学――ラ・パボニー　アート・ガーデン　毛綱モン太
伴野一六邸異聞　石山修武
Ⅱ　螺旋・アニマ巡礼
――建築の始原へタイム・トリップ
　江戸三大奇館その一　毛綱モン太
　栄螺堂幻想辺　石山修武
Ⅲ　神々の宿る地形・建築
――日本的なるものの別系統
　江戸三大奇館その二　阪東霊場――笠森寺大悲閣　毛綱モン太
　巡礼パノラマ空間　石山修武
Ⅳ　機械のはじまりへ
――日本の遊戯機巧
　江戸三大奇館その三――妙立寺　毛綱モン太
　機巧の狭間を抜けること　石山修武
Ⅴ　擬洋風建築
――日本近代建築の伏流
　異人館　毛綱モン太
　職人気質の華のなかを　石山修武
Ⅵ　遊行者集団の人力掘削建築
――日本の仏を闇に視る
　〈曼荼羅起〉瑜伽洞　毛綱モン太
　田谷山瑜伽洞闇の内　石山修武
Ⅶ　異形の地平から
――日本近代建築を再考する
　〈位〉と〈異〉の領域学　毛綱モン太
　　BARRACK　石山修武
Ⅷ　メビウスの環、そして時代は廻る
――近代建築のもう一つの回路を求めて
　　はじめとおわり　毛綱モン太
　　BARRACK論そして異境へ　おわりのはじめに　石山修武

　　　＊

（書き下ろし）異形の建築群（または建築の異形群）

あとがきに代えて　異形の旅――毛綱モン太と久しぶりに会う
","建築","jpn","335","B5"
"4336071977","9784336071972","アイノとアルヴァ二人のアアルト","編集:アルヴァ・アアルト財団,編集:ギャラリー エー クワッド,著:ニーナ・ストリッツラー=レヴァイン,著:ウッラ・キンヌネン,著:皆川明,著:安東美穂子,著:パトリック・フレミング,著:白川裕信,著:岡部三知代,翻訳:宇井久仁子","国書刊行会","2021-03-25","4年","3080","","","","","4322","1","","","互いの才能を認めあい、影響しあい、補完しあいながら作品をつくり続けたアイノ・マルシオ（1894～1949）とアルヴァ・アアルト（1898～1976）。アイノがパートナーになったことで、アルヴァに「暮らしを大切にする」という視点が生まれ、モダニズム建築の潮流のなかで、アアルト建築はヒューマニズムと自然主義が共存する独自の立ち位置を築いた。
　結婚してからアイノが54歳の若さで他界するまで、二人が協働した25年間というかけがえのない創造の時間を、これまで注目されることの少なかったアイノの仕事に着目しながらたどり、アアルト建築とデザインの本質と魅力を見つめ直す。長年遺族のもとで保管されてきた初公開資料を多数収録し、アアルト・ファミリーへのインタビュー等も収録する充実の一書。

「創造の表現に辿り着く時、二人の中で互いの意識や思考がどのように交差し、重なり、響きあったのだろうか。それらを生んだ二人の日々の暮らしへの眼差しはとても興味深い。」―皆川明（本書より）互いを敬愛しあうパートナーとしてともに歩んだアアルト夫妻。妻アイノに光をあてつつ、アアルト建築とデザインの本質を見つめ直す。序文 トンミ・リンダ（アルヴァ・アアルト財団CEO）

イントロダクション　二人のアアルト

1章　イタリアから持ち帰ったもの
　1-1　アアルト事務所における協働の始まり
　1-2　マーケット広場およびサウナ計画
　1-3　ユヴァスキュラの労働者会館
　1-4　ムーラメの教会
　1-5　ヴィラ・フローラ

2章　モダンライフ
　2-1　トゥルクの自宅兼事務所
　2-2　最小限住宅展
　2-3　スニラのパルプ工場と住宅地区
　2-4　木造規格化住宅

3章　木材曲げ加工の技術革新
　3-1　ロウ チェア
　3-2　パイミオ チェア
　3-3　L -レッグ
　3-4　特許の取得

4章　機能主義の躍進
　4-1　パイミオのサナトリウム
　4-2　ヴィープリの図書館

5章　 アルテック物語
　5-1　アルテックの設立と創業者
　5-2　マニフェスト
　5-3　アルテックの販売ネットワーク
　5-4　レストラン・サヴォイのインテリア
　5-5　幼稚園、保育園、保健医療施設のためのインテリアと家具　
　5-6　マルミ空港旅客ターミナルのインテリア

6章　モダンホーム
　6-1　アアルトハウス
　6-2　マイレア邸

7章　国際舞台でのアアルト夫妻
　7-1　ミラノ・トリエンナーレ
　7-2　パリ万国博覧会フィンランド館
　7-3　ニューヨーク万国博覧会フィンランド館
　7-4　ベイカーハウス学生寮

エピローグ　分かち合ったヴィジョン
　E-1　アイノとアルヴァ・アアルト25周年記念展
　E-2　ファミリーコレクション

【論考】
・出会いと共鳴から生まれる創造　　皆川 明
・公共に尽くしたアイノ・アアルト　　岡部三知代
・アアルトの木製レリーフの芸術と技術　　安東美穂子／パトリック・フレミング
・アアルトのブランド戦略　　ウッラ・キンヌネン
・理性で整えたカタチ、感性に委ねられたカタチ　　白川裕信
・アルヴァ･アアルトとアイノ･マルシオ゠アアルトー近代建築とモダンデザインを追求するパートナー 　　ニーナ･ストリッツラー゠レヴァイン

【コラム】
・シネクラブ「プロイェクティオ」　　加藤 絢
・サヴォイ・ベース　　小野尚子
・日本人外交官 市河彦太郎・かよ子夫妻との交流　　三木敬介
・近代建築国際会議　　小野尚子
・マイレア邸への日本建築からの影響　　三木敬介
・アイノとアルヴァのガラス器デザイン　　小野尚子
・アイノ・アアルトと写真　　加藤 絢

【インタビュー】
・アアルト・ファミリー・インタビュー　ヘンリック・アアルト／ヘイッキ・アアルト゠アラネン
（","建築","jpn","321","A4変"
"4395000215","9784395000210","西洋建築史図集 3訂版","日本建築学会 編","彰国社","1981-12","44年","2750","","","","","","","671","2","","建築","jpn","228","B5"
"4395013015","9784395013012","家具・インテリア・建築のデザイン基礎","著:鈴木 敏彦,著:大塚 篤,著:小川 真樹,著:半田 雅俊,著:村山 隆司","彰国社","2012-05","13年","2970","","","","","","","","","身の回りの家具やプロダクツから、インテリア、建築へとスケールを広げる方法を記す。北欧の建築及びデザインの巨匠、アルネ・ヤコブセンの作品に触れながら、建築を総合的にデザインする方法をひもとく。","建築","jpn","113","B5"
"4395241069","9784395241064","けんちく世界をめぐる10の冒険 (建築文化シナジ－)","伊東豊雄建築塾 編著","彰国社","2006-10-20","19年","2096","","","","","","","369","2","せんだいメディアテーク以降、伊東豊雄の建築は、素材の存在感を重視し曲線を自在に使う方向に大きく様変わりしている。伊東豊雄はどこに向かおうとしているのかを、建築の１０の冒険としてグラフィカルに紹介。","建築","jpn","264","B6"
"4395320511","9784395320516","ここに棲む","ア－ツ前橋 監修","彰国社","2015-10-30","10年","1650","","","490","1","","","","","アーツ前橋で２０１５年１０月から開催の「ここに棲む」展のカタログ。建築家とアーティスト１４組が、地域と人の結びつきにせまる。","芸術総記","jpn","135","B5"
"4395320716","9784395320714","家具でつくる本の空間","藤江和子アトリエ 著","彰国社","2016-08-31","9年","2640","","","","","","","","","家具デザインの第一線で活躍する藤江和子氏は、伊東豊雄氏をはじめトップアーキテクトたちと協働し、
家具デザインの新たなフェーズを切り拓いてきた。
本書では、その作品群から図書館に焦点を当て、最初のアイデアから設計のプロセス、そしてディテールを明らかにする。
写真、スケッチ、模型写真、詳細図などを数多く用いて、ビジュアルに構成する。家具デザインのフェーズを切り拓いてきた藤江和子氏。今回図書館に焦点を当て、アイデア、設計プロセス、ディテールを明らかにする。＜空間の引力を高める＞ぎふみんなの森メディアコスモス
＜渦を巻くような流れをつくる＞台湾大学社会科学部棟図書館
＜街と人をつなぐ＞真壁伝承館
＜連続するアーチをゆるやかに通り抜ける＞多摩美術大学新図書館
＜いつでもだれでも自由につかえる＞茅野市民館","建築","","151","A5"
"4395320813","9784395320813","都市をつくりかえるしくみ","専門性をつなぐ参画のしくみ研究会 編著","彰国社","2016-11-29","9年","3300","","","","","496","1","","","都市や地域の問題解決には、現状を抽象化する力、他者と共有できる力、検証する力が求められる。
本書は、都市問題に取り組む際、システムズ思考をとることを提案。
経済理論・システム工学など多様な背景を持つ執筆陣が、都市問題解決へのアプローチを示す。都市問題に取り組む際、システムズ思考をとることを提案。多様な専門職を背景に持つ執筆陣が、都市問題解決へのアプローチを示す。第1章 都市をつくりかえる
　1.1 都市とは
　1.2 これまでの都市がどのようにつくられてきたか
　1.3 都市を考えるためのプラットフォームの構築
第2章 都市の課題のとらえ方
　2.1 人口減少･少子高齢化
　2.2 自動車社会の進展とまちなかの空洞化
　2.3 自然災害･都市災害
　2.4 都市の環境と物質･エネルギー系の課題
第3章 関連づけて解いていく
　3.1 多彩なモデルで関連を探る
　3.2 参画のための工学","建築","","263","B5"
"4395320961","9784395320967","建築的冒険者の遺伝子","ギャラリーIHA 編,法政大学デザイン工学部建築学科デザイン・ラボ・ユニット 編","彰国社","2017-08-02","8年","2530","","","","","","","","","1970～80年代、日本で湧きあがった建築的冒険を体現してきた建築家と、現代の若手建築家によるダイアローグ。
当時の建築的冒険はなんだったのか。その遺伝子はいま、どう受け継がれているのか。
70年代を起点に未来を展望し、これからの建築家像を探る。70～80年代の日本での建築的冒険を体現してきた建築家と現代の若手建築家によるダイアローグ。当時を起点に未来の展望を探る。建築的冒険者たちの海図
はじめに　1968/1970-1989/1991　北山 恒
キーノート：漂うモダニズムと私　槇文彦
レクチャー1：愛される建築をめざして　伊東豊雄×大西麻貴
レクチャー２：日本“建築”辺境論　六角鬼丈×宮崎晃吉
レクチャー３：建築のエシックス　坂本一成×能作文徳
レクチャー４：第二の自然としての建築とアジアの建築　長谷川逸子×大熊克和
付録：再録　漂うモダニズム　槇文彦","建築","","263","B6"
"4395321585","9784395321582","クロノデザイン","著:内藤 廣,著:浅見 泰司,著:赤松 佳珠子,著:山本 佳世子,著:和田 章,著:伊藤 香織,著:小野 悠,著:嘉門 雅史,著:神吉 紀世子,著:城所 哲夫,著:木下 勇,著:斎尾 直子,著:坂井 文,著:田井 明,著:竹内 徹,著:林 良嗣,著:福井 秀夫,著:船水 尚行,著:南 一誠,著:保井 美樹,編集:内藤 廣","彰国社","2020-11-04","5年","2200","","","","","","","","","20世紀は資本主義の経済倫理を背景に、限りない空間占有を追い求めた世紀であった。21世紀はどのように変質するのだろうか。本書では、空間価値から時間価値にシフトした「クロノデザイン」を掲げ、建築・都市・土木・情報という4領域での議論を通じて、その輪郭を浮き彫りにする。21世紀のデザインのかたちとして、空間価値から時間価値にシフトした「クロノデザイン」を掲げ、その輪郭を浮き彫りにする。はじめに　内藤廣
１．建築をめぐるクロノデザイン／赤松佳珠子、木下勇、坂井文、神吉紀世子、竹内徹
２．都市をめぐるクロノデザイン／浅見泰司、斎尾直子、嘉門雅史、福井秀夫、南一誠　　
３．土木をめぐるクロノデザイン／内藤廣、城所哲夫、田井明、林良嗣、船水尚行
４．情報をめぐるクロノデザイン／山本佳世子、伊藤香織、小野悠、保井美樹
総括　クロノデザインはいかに可能か／内藤廣、浅見泰司、赤松佳珠子、山本佳世子、和田章
おわりに　和田章","建築","jpn","224","46"
"4395321704","9784395321704","教養としての都市論","三浦展 著","彰国社","2021-08-03","4年","2090","","","","","","","745","1","街を歩き、楽しみ、そして「これから」を問い続ける三浦展が、都市を感じる源泉となった33冊を案内。ここに登場する33の都市論から何を感じ、どんな眼差しを都市に向けてきたのか、その軌跡をたどりながら、あなたも生きた街を味わってみませんか？　本書に登場する33冊にぴったりのBGMも紹介！街を歩き、楽しみ、そして「これから」を問い続ける三浦展が、都市を感じる源泉となった33冊を案内。アッジェのパリ／最暗黒の東京／ユルバニスム／モデルノロジオ／?東綺譚／都市計画家　石川栄耀／評伝　石川栄耀／木村伊兵衛のパリ／絵でみる20年後の日本／2001年の日本／人があつまる／マチノロジー／パタン・ランゲージ／あのころangle　街と地図の大特集1979／イラスト・ルポ　若者の街／見えがくれする都市／東京の原風景／東京漂流／繁華街を歩く　東京編／ヴェネツィア／都市という劇場／看板建築／昭和二十年東京地図／集合住宅団地の変遷／九龍城砦／TOKYO STYLE／養老天命反転地／集落の教え／東京シェア生活／台湾人の歌舞伎町／路地研究／首都圏住みたくない街／Sensuous city［官能都市］","建築","jpn","256","46"
"4395321712","9784395321711","建築現場ものづくり魂！","木谷宗一 著,川﨑一雄 イラストレーション","彰国社","2021-12-02","4年","2200","","","","","","","","","本書は、建設会社、なかでも建築現場で働きたいと考えている人たちに、施工管理の仕事や、専門家とのかかわりの中でどうやってものづくりを成し遂げていくのかを、川﨑一雄氏の楽しいイラストとともに紹介する。
現場経験豊富な筆者の文章には、『施工がわかるイラスト建築生産入門』を読む前に知ってほしい働き方のエッセンスが満載。本書は、建築現場で働きたいと考えている人たちに、施工管理の仕事や専門家とのかかわりで進めるものづくりを紹介する。第１章　知っているようで知らない建設会社
第２章　設計者から施工者へ。ものづくりを決める鍵
第３章　現場で働く人々
第４章　ものづくりの心
第５章　変わる建設会社
第６章　建設会社　根ほり葉ほり","建築","jpn","250","B6"
"4395321739","9784395321735","現代建築宣言文集［1960ー2020］","五十嵐太郎 編,菊地尊也 編","彰国社","2022-02-02","4年","3300","","","","","","","","","本書は、1960年のメタボリズムから2020年まで、現代の建築概念を揺るがしてきた建築家や批評家による50の言説を再録・解読するアンソロジーである。各言説には、五十嵐太郎、菊地尊也ほか東北大学五十嵐研究室による解説文も掲載。

約半世紀にわたる言説の蓄積を振り返ることで、現代の位置を確かめ、未来につなぐ。1960年のメタボリズムから2020年まで、現代の建築概念を揺るがしてきた建築家や批評家による50の言説を再録・解読。〇1960年代　メタボリズム／東京計画1960／都市破壊業KK／「美観条例」は不毛である　他
〇1970年代　神殿か獄舎か／都市ゲリラ住居／街路の記号論／奥の思想／街並みの美学　　他
〇1980年代　建築と文化／機能から様相へ／消費の海に浸らずして新しい建築はない　他
〇1990年代　あいまいもこ／コミュニケーションが開く建築／非作家性の時代に　他
〇2000年代　粒子へ砕く事／アクティビティと空間／「原っぱ」と「遊園地」／建築の四層構造　他
〇2010年代　地域社会圏モデル／建築とは〈からまりしろ〉をつくることである／ザハ、無念　他","建築","jpn","429","46"
"439532178X","9784395321780","建築家の基点","坂牛卓 編著","彰国社","2022-05-06","3年","2750","","","","","","","","","建築家の作品は、創造の「基点」が人生の初期に現れ、現在まで継続的に展開している。本書は、建築家・坂牛卓氏による、建築家13人のインタビュー集。巨匠から躍進する建築家まで、作品のテーマ、アプローチを聞き出す。「物」「間」「関係性」「世界」という視点から読み解かれ、全体を通してみると、日本の現代建築への理解が深まるだろう。建築家の作品は、創造の「基点」が人生の初期に現れ、現在まで継続的に展開している。坂牛卓が建築家13人から基点を聞き出す。1章　物　安田幸一（研ぎ澄まされた線）、長谷川豪（身体の外側に出る）、宇野友明（自分でつくる物）、門脇耕三（自律するエレメント）
2章　間　伊東豊雄（体内感覚）、長谷川逸子（ガランドウ）
3章　関係　坂本一成（矛盾）、青木淳（非目的性）
4章　世界を原点とする建築家　山本理顕（社会性）、古澤大輔（転用）、田根剛（未来の記憶）、豊田啓介（複雑性）、中山英之（映画性）","建築","jpn","304","46"
"4396313055","9784396313050","宮大工千年の知恵 (祥伝社黄金文庫)","松浦昭次 著","祥伝社","2002-10","23年","598","","","321","1","","","150","1","","日本文学・評論・随筆・その他","jpn","229","A6/文庫"
"4416812094","9784416812099","平屋に暮らす","tutto 編","誠文堂新光社","2012-02","14年","2090","","","","","373","1","","","レトロで懐かしさも感じさせる平屋。本書は、平屋に暮らす２０軒の家族を取材。平屋に住む人々の、平屋に対する思いと、こだわりの間取り、暮らしぶりやインテリアを紹介。平屋好き必見の１冊。","建築","jpn","191","A5"
"4479392548","9784479392545","表参道を歩いてわかる現代建築","著:米田 明,著:押尾 章治,著:後藤 武,著:内野 正樹","大和書房","2014-06","11年","2200","","","","","489","1","","","建築の見方が変わる、まったく新しい現代建築入門。安藤忠雄、伊東豊雄、ヘルツォーク＆ド・ムーロン他、表参道エリアの名建築３４作品を収録。第一線で活躍中の建築家が、現代建築のエッセンスを平易な言葉で解説。","建築","jpn","120","A5"
"4479392572","9784479392576","僕の場所","隈研吾 著","大和書房","2014-04","11年","1650","","","","","261","1","","","既存の枠組みに果敢に挑戦する創作姿勢は、いかにして形づくられたのか。世界の第一線で活躍する著者が自らの人生史を織り混ぜながら、四半世紀に及ぶ活動から生み出された作品の創作プロセスについて語る。","日本文学・評論・随筆・その他","jpn","247","B6"
"4479782710","9784479782711","京都発BROWN．のVINTAGE STYLE","杉本康子 著","大和書房","2014-01-01","12年","1980","","","","","","","553","1","細部に魂が宿る、古くて美しいものたち。使えるものも役に立たないものも、生活に取り入れるのがビンテージスタイル。アメリカ、パリ、ロンドンからこつこつ集められたビンテージアイテムのコレクションを紹介。","家事","jpn","185","B5"
"4480074880","9784480074881","建築家の解体 (ちくま新書)","松村淳 著","筑摩書房","2022-06-09","3年","1078","","","544","1","","","","","「スター建築家」から「顔の見える専門家」へ――。安藤忠雄、隈研吾、谷尻誠……「建築社会学」を探究する社会学者が、来たるべき建築家の職業像を示す。「スター建築家」から「顔の見える専門家」へ――。安藤忠雄、隈研吾、谷尻誠……来たるべき建築家の職業像を示す。","建築","jpn","320","B40/新書"
"448009217X","9784480092175","反オブジェクト (ちくま学芸文庫)","隈研吾 著","筑摩書房","2009-05-11","16年","1210","","","491","1","","","","","","建築","jpn","291","A6/文庫"
"448009265X","9784480092656","自然の家 (ちくま学芸文庫)","著:フランク・ロイド ライト,原著:Wright,Frank Lloyd,翻訳:義人, 富岡","筑摩書房","2010-01-06","16年","1540","","","","","","","","","","建築","jpn","327","A6/文庫"
"4480431241","9784480431240","権力の館を歩く (ちくま文庫)","御厨貴 著","筑摩書房","2013-12-10","12年","1210","","","","","","","","","","政治(国防・軍事含む)","jpn","425","A6/文庫"
"4480434402","9784480434401","セルフビルドの世界 (ちくま文庫)","石山 修武 著・文・その他,中里 和人 写真","筑摩書房","2017-04-08","8年","1540","","","","","2419","1","","","完全に自分で建てたような船の上の家から、低予算で手作り感覚で作られた家まで。貝殻製公園、アウトサイダーアート的な「秘密の家…","建築","jpn","288","A6/文庫"
"4480510923","9784480510921","新・建築入門 (ちくま学芸文庫)","隈研吾 著","筑摩書房","2022-03-14","3年","1210","","","","","","","","","「建築とは何か」という困難な問いに立ち向かい、建築様式の変遷と背景にある思想の流れをたどりつつ、思考を積み重ねる。書下ろし自著解説を付す。===建築は、一見すると哲学とも思想とも関係のない即物的なもので、定義など簡単にできそうである。ところが、建築ほど定義しづらいものはない――。20世紀末、構築的なものへの批判に晒され混乱をきわめた「建築とは何か」という問いに、著者は建築史と思想史を縒り合わせながら、真正面から立ち向かう。一本の柱が原野に立てられた太古から、ゴシック、古典主義、ポストモダニズム建築まで。建築様式の歴史的変遷の背後にはどのような思想があったのか。本書は、ひとつひとつ思考を重ねつつ、歴史的視座を与えようとした意欲的主著である。著者自身による自著解説を付した、待望の文庫版。===建築を根源から考えぬいた名著この本を書くことで、僕は変わることができた。===【目次】まえがき　第一章　建築の危機　1 すべてが建築である／2 脱構築＝脱建築　第二章　建築とは何か　1 物質／2 シェルター／3 空間　第三章　構築　1 洞窟／2 垂直／3 構造第四章　構築と拡張　1 多柱室／2 比例／3 台座／4 ルーフ／5 視覚補正　第五章　構築と自然　1 生贄／2 植物／3 身体　第六章　構築と主体　1 家型原型説／2 外部対内部／3 光による統合　第七章　主観対客観　1 主観的救出と客観的救出／2 ローマという統合／3 ゴシックという主観　第八章　建築の解体　1 透視図法／2 書き割りとテクノロジー／3 絶対的な主観　第九章　普遍の終焉　1 普遍対逸脱／2 新古典主義／3 幾何学と自然／4 自然と崇高　第十章　建築のモダニズム　1 自然の逆転／2 社会の発見／3 理想都市とマルクス／4 構築の否定とミース／5 構築を超えて文庫版あとがき ―― 歴史を乗り越えた「建築とは何か」という困難な問いに立ち向かい、建築様式の変遷と背景にある思想の流れをたどりつつ、思考を積み重ねる。書下ろし自著解説を付す。まえがき　第一章　建築の危機　1 すべてが建築である／2 脱構築＝脱建築　第二章　建築とは何か　1 物質／2 シェルター／3 空間　第三章　構築　1 洞窟／2 垂直／3 構造第四章　構築と拡張　1 多柱室／2 比例／3 台座／4 ルーフ／5 視覚補正　第五章　構築と自然　1 生贄／2 植物／3 身体　第六章　構築と主体　1 家型原型説／2 外部対内部／3 光による統合　第七章　主観対客観　1 主観的救出と客観的救出／2 ローマという統合／3 ゴシックという主観　第八章　建築の解体　1 透視図法／2 書き割りとテクノロジー／3 絶対的な主観　第九章　普遍の終焉　1 普遍対逸脱／2 新古典主義／3 幾何学と自然／4 自然と崇高　第十章　建築のモダニズム　1 自然の逆転／2 社会の発見／3 理想都市とマルクス／4 構築の否定とミース／5 構築を超えて文庫版あとがき ―― 歴史を乗り越えた","建築","jpn","240","A6/文庫"
"448068980X","9784480689801","建築という対話 (ちくまプリマー新書)","光嶋裕介 著","筑摩書房","2017-05-09","8年","968","","","","","","","","","建築家になるために大切な人や土地、風景との対話や学び方について、内田樹氏の《凱風館》設計で鮮烈デビューした著者が綴る。","建築","jpn","256","B40/新書"
"4480836470","9784480836472","ザハ・ハディッドは語る (The Conversation Series)","ザハ・ハディッド 著,ハンス・ウルリッヒ・オブリスト 著,滝口範子 訳","筑摩書房","2010-09-22","15年","1980","","","","","1512","1","","","「ローマ国立２１世紀美術館」「ＢＭＷ工場」から自身の「アラブ性」まで。大胆でドラマティックなフォルムの建物、多くの都市計画や文化施設を手掛ける建築家が、創造の源泉とみずからの仕事を語る。","建築","jpn","171","B6"
"4532194644","9784532194642","宮大工棟梁・西岡常一「口伝」の重み (日経ビジネス人文庫)","西岡常一 著,西岡常一棟梁の遺徳を語り継ぐ会 監修","日経BPM（日本経済新聞出版本部）","2008-09","17年","765","","","","","","","","","","伝記・系譜","jpn","295","A6/文庫"
"4561217673","9784561217671","共に働くことの意味を問い直す","山口一郎（哲学） 監修,露木恵美子 編著,柳田正芳 編集","白桃書房","2022-06-18","3年","2000","","","609","2","","","409","1","山口一郎氏と露木恵美子氏の共著による『職場の現象学』は、HRアワード2020に入選するなど高く評価されている。

本書は、『職場の現象学』の入門として企画された姉妹書である。『職場の現象学』では、職場で起こるさまざまな事象を現象学の理論で解釈するという新しい試みがなされたが、本書では、新型コロナ禍でのリモートワークやオンライン会議が日常化するなかで出てきた、職場におけるコミュニケーションや創造的な場づくりに対する新たな問いに対して、より具体的で身近な事例を用いて解説した本である。筆者らは、新型コロナ禍は人々の働き方を変えたが、そこで生じている言うに言われぬ違和感の正体は、現象学の考え方やモノの見方を身に着ければ理解できるという。

職場は「人と人の関係性」によって成り立っているのに、職場でやりとりされている、言葉に表現できない情動（感情や感覚）的コミュニケーションは、あまり重要視されてこなかった。そこに焦点をあてた本書は、新型コロナ禍を乗り越える過程で、多くの職場が遭遇する「リモートか対面か」という問いに対するヒントにあふれている。

【主要目次】
第1章　悩める職場のコミュニケーション
第2章　職「場」とは何か
第3章　なぜ今現象学なのか？　「現象学」とは何か？
第4章　職場から生まれる創造性コロナ禍で生まれた職場のコミュニケーショ ンや創造的な場づくりに対する新たな問いに対し、より具体的で身近な事例を用いて解説。はじめに
第1章　悩める職場のコミュニケーション
第2章　職「場」とは何か
第3章　なぜ今現象学なのか？　「現象学」とは何か？
第4章　職場から生まれる創造性
あとがき","経営","jpn","204","A5"
"4568400503","9784568400502","日本建築様式史","太田博太郎 監修","美術出版社","1999-08","26年","2750","","","","","","","","","","芸術総記","jpn","216","A5"
"4576071122","9784576071121","ツリーハウスで夢をみる","著:ロラン,アラン,著:アンドレ,ギスラン,著:デュフール,ダニエル,原著:Laurens,Alain,原著:Andr´e,Ghislain,原著:Dufour,Daniel,翻訳:千晶, 山瀬,翻訳:日本ツリーハウス研究会","二見書房","2007-08","18年","1980","","","","","","","","","フランスのツリーハウス職人がヨーロッパ各地に造った“木を傷めない小屋”を、デザイン担当の水彩画家が描く絵と、実際の写真とで紹介。木の上で本を読んだり昼寝をする、そんな生活の一端を感じる１冊。","諸芸･娯楽","jpn","190","A5"
"4582207154","9784582207156","インポッシブル・アーキテクチャー","編集:埼玉県立近代美術館,編集:新潟市美術館,編集:広島市現代美術館,編集:国立国際美術館,監修:太郎, 五十嵐","平凡社","2019-02-08","7年","2970","","","","","","","","","「実現しなかった建築」という先鋭的テーマで巡回展を行う展覧会の公式図録。マレーヴィチ、ミース・ファン・デル・ローエなど、未完成建築ゆえの実験性と斬新さを一挙紹介。実現しなかった建築、という先鋭的テーマの展覧会公式図録。マレーヴィチから現代まで、未完成建築ゆえの実験性と斬新さを一挙紹介。","建築","jpn","247","A4"
"458254472X","9784582544725","様式とかたちから建築を考える","五十嵐太郎 著,菅野裕子 著","平凡社","2022-06-17","3年","3080","","","","","","","","","様式名で分類するだけでは、
建築を十分に楽しめない。
 
様式とは何かを理解し、
かたちが語るメッセージを読みとくこと。
そのために日本近代の様式建築と西洋の歴史建築を接続しながら、
豊富な挿図・写真で詳説する。

【目次】

言語化して初めて見ることが可能になる　文：五十嵐太郎

1 観察編＝日本近代の様式建築をひもとく ?横浜を中心に
　1．シークエンスの中で読む古典主義建築のデザイン
　　日本銀行本店本館
　2．序列のあるデザイン要素
　　旧横浜正金銀行本店本館（神奈川県立歴史博物館）
　3．引用されたイメージを読む
　　旧英国総領事館（横浜開港資料館旧館）
　4．2つのイオニア
　　旧三井銀行横浜支店（三井住友銀行横浜支店）
　　旧露亜銀行横浜支店（ラ・バンク・ド・ロア）
　5．日本のマニエリスム
　　旧安田銀行横浜支店（旧富士銀行横浜支店、東京藝術大学大学院映像研究科馬車道校舎）

インターミッション＝日本橋の装飾

2 様式論＝建築を思考するフレームワーク
　1．擬洋風を考える［開智学校］
　2．時間を操作する複製建築［三菱一号館］
　3．ポストモダンと西洋の様式
　4．様式における日本的なもの

3 歴史編＝西洋の古典主義と装飾
　1．古典主義とゴシック ?ギリシア・ローマから中世へ
　2．反復する古典 ?ルネサンスから新古典主義まで
　3．装飾の排除から復権へ

4 図解編＝柱頭の解説
　1．日本近代の柱頭の表現
　2．古典主義建築のオーダー

おわりに　人間の目は知っているものしか見ない　文：菅野裕子

参考文献
初出一覧

建築を学ぶ者なら必ず知っておくべき西洋古典建築の基本を日本の明治期建築で読み解く、建築学における必携の書。写真・図面多数掲載言語化して初めて見ることが可能になる　文：五十嵐太郎

1︱観察編＝日本近代の様式建築をひもとく ～横浜を中心に
　1．シークエンスの中で読む古典主義建築のデザイン
　　日本銀行本店本館
　2．序列のあるデザイン要素
　　旧横浜正金銀行本店本館（神奈川県立歴史博物館）
　3．引用されたイメージを読む
　　旧英国総領事館（横浜開港資料館旧館）
　4．2つのイオニア
　　旧三井銀行横浜支店（三井住友銀行横浜支店）
　　旧露亜銀行横浜支店（ラ・バンク・ド・ロア）
　5．日本のマニエリスム
　　旧安田銀行横浜支店（旧富士銀行横浜支店、東京藝術大学大学院映像研究科馬車道校舎）

インターミッション＝日本橋の装飾

2︱様式論＝建築を思考するフレームワーク
　1．擬洋風を考える［開智学校］
　2．時間を操作する複製建築［三菱一号館］
　3．ポストモダンと西洋の様式
　4．様式における日本的なもの

3︱歴史編＝西洋の古典主義と装飾
　1．古典主義とゴシック ～ギリシア・ローマから中世へ
　2．反復する古典 ～ルネサンスから新古典主義まで
　3．装飾の排除から復権へ

4︱図解編＝柱頭の解説
　1．日本近代の柱頭の表現
　2．古典主義建築のオーダー

おわりに　人間の目は知っているものしか見ない　文：菅野裕子

参考文献
初出一覧
","建築","jpn","308","46"
"4582633943","9784582633948","マッキントッシュの世界 (コロナ・ブックス)","木村博昭 著","平凡社","2002-03","23年","1760","","","","","","","1205","1","白いインテリア、家具のハーモニー。個人住宅のモダーンで明るいインテリアは今も新鮮。１９世紀末に花開いたアール・ヌーヴォーの建築家の代表作を紹介。建物の外観、内装、家具までトータルデザインを楽しむ本。","写真・工芸","jpn","125","A5"
"4582634974","9784582634976","聴竹居 (コロナ・ブックス)","著:松隈 章,著:熊倉 功夫,著:矢ケ崎 善太郎,写真:古川 泰造","平凡社","2015-03","10年","1870","","","1227","1","","","","","昭和初期に建てられた、日本の気候・風土と日本人の暮らしに適った理想の住宅が、京都・大山崎に今も残る。近年、天皇・皇后両陛下が行幸されたことで話題となった聴竹居を、各室の細部まで初公開づくしの公式ガイド。","建築","jpn","143","B5"
"4582836348","9784582836349","「生きられた家」をつむぐ (くうねるところにすむところ：家を伝える本シリ－ズ)","奥山明日香 著","平凡社","2013-11","12年","2200","","","","","","","","","建築の解釈に多くの影響を与え続けている、多木浩二の著作『生きられた家』に触発され、シェアハウスの日常性をみずみずしい感性でつむぎだした「建築女子」による珠玉の家の本。家を伝える本シリーズ、復刊第７弾。","建築","jpn","39","A4"
"4582859550","9784582859553","ぼくは縄文大工 (平凡社新書)","雨宮国広 著","平凡社","2020-09-17","5年","946","","","","","440","2","","","主に石斧を使って丸木舟や小屋を造る「縄文大工」。
豊富な写真とともに、石斧や黒曜石などの太古の道具でものづくりをすることの面白さを紹介する。
大航海が行われた３万年前の船をつくり台湾から与那国島まで走らせた記録、工夫に溢れた住居の復元などから新たな縄文人像を探る。
また自らも実践する「縄文暮らし」で、囲炉裏の灰で歯を磨いたり、“うんちの長さ研究”をするなど、ユニークな生活にも迫る。

主に石斧を使って古代丸木舟や小屋を造る「縄文大工」。大航海時代だった３万年前の船と工夫に溢れた住居の復元から縄文人像を探る。《目次》
はじめに
第一章 縄文大工になったわけ
大工の道を歩み出した修業時代／匠の世界に求めたもの
雨宮大工の開業

第二章 能登に縄文小屋を建てる
石斧との出会い／石斧をつくる／縄文の遺物が語る住まいを求めて
縄文小屋を設計する／石器でつくる創造的住まい
たかが縄、されど恩人／「縄文小屋づくり」から見えたもの
古民家に学ぶ自然素材の利用法／森の寿命と環境破壊

第三章 三万年前の丸木舟で大航海
「原始人の石斧」で舟づくり／丸木舟は旧石器時代に存在するか
高性能な丸木舟をつくる道具とは？／ご神木の命をいただいて
杉の女神が大変身／丸木舟発進！
現代人がつくった三万年前の舟／龍になった「丸木舟」

第四章 縄文暮らしから生まれた哲学
「三畳の小屋」暮らし／囲炉裏レシピ／囲炉裏の火が語りかけてくるもの
黒曜石の切れ味／髭を剃らないエコ活動／住みかの本質は動物が知っている
〝縄文式健康法〟／ギネス級の〝うんち〟／石斧の素晴らしさ
持続可能な暮らしのための道具

おわりに
参考文献
","日本歴史","jpn","224","B40/新書"
"4622076004","9784622076001","真夜中の庭","植田実 〔著〕","みすず書房","2011-06","14年","2860","","","","","","","","","「ムーミン」「クマのプーさん」「家なき子」「ゲド戦記」ほか、古今のロングセラーの建築的フレームと細部を浮き彫りに。ファンタジーの街、児童文学の森に分け入る大人のための読書案内。","建築","jpn","197","B6"
"4622076551","9784622076551","建築を考える","ペ－タ－・ツムトア 〔著〕,鈴木仁子 訳","みすず書房","2012-05","13年","3520","","","","","","","","","中世の石工が石を彫るように身をけずり、魂を込めてつくり続けているＰｅｔｅｒ  Ｚｕｍｔｈｏｒ。詩的で情感にみちた類希なる建築空間を創り出す巨匠の、美、光、風景。簡潔で美しい文体で綴られた初エッセイ集。","建築","jpn","113","A5"
"4622078694","9784622078692","空気感","ペ－タ－・ツムトア 〔著〕,鈴木仁子 訳","みすず書房","2015-07","10年","3740","","","","","","","","","「心に触れる建物を生み出したい」と語るスイス建築の巨匠、ペーター・ツムトア。本書は、彼が意を注いで検討する９＋３の観点を、愛蔵の図版を数多く示しながら明かした講演録。","建築","jpn","71","B5"
"4622086662","9784622086666","アイリーン・グレイ 新版","ピーター・アダム 著,小池一子 訳","みすず書房","2017-11-02","8年","5940","","","","","","","","","「家は住むための機械ではない。人間にとっての殻であり、延長であり、解放であり、精神的な発散である。外見上調和がとれているというだけではなく、全体としての構成、個々の作業がひとつにあわさって、もっとも深い意味でその建物を人間的にするのである」（アイリーン・グレイ）
「あなたの家で過ごした二日の間に、その家の内外のすべての構造に指令を出している、類い稀な魂を称賛する機会をもつことができてとてもしあわせです。モノトーンな家具とその設営ぶりにこれほどの風格と魅力、機知に富んだ形をあたえているのはその類い稀な魂なのです」（ル・コルビュジエ）

1910年代半ばには日本人漆職人・菅原精造との共同作業を結実させて先端デザイナーとして脚光を浴び、1920年代にはル・コルビュジエも称賛――どころか異様なまでに執着しつづけることになるモダニズム住宅の粋「E1027」を完成させたアイルランド人女性。アーティストとしての気質を貫きながら「建築」を模索しつづけたその生涯を、晩年に交流したイギリス人映画プロデューサーが豊富な図版を駆使して綴った初の本格評伝。ル・コルビュジエも嫉妬に駆られたモダニズム住宅の粋「E1027」生みの親。晩年に交流した著者による初の本格評伝。図版多数収録はじめに

少女のころ
学生時代
パリへ
プロフェッショナルの生活
漆礼賛
第一次世界大戦
一九二〇年代へ――ロタ通り
店の経営――ジャン・デゼール
モンテカルロとその先
ジャン・バドヴィッチ
ターニングポイント
建築をめざして
E1027
建築家としての生活
自分のための家――タンプ・ア・ペア
人々のための建築
第二次世界大戦
新たな出発
最後の家――ルウ・ペルー
遅れてきた栄誉

エピローグ

訳者あとがき
参考文献
索引映画「ル・コルビュジエとアイリーン　追憶のヴィラ」　;Bunkamuraル・シネマ;ル・コルビュジエ;追憶のヴィラ;アイリーン","建築","jpn","332","A5"
"462208869X","9784622088691","安藤忠雄 建築を生きる","三宅理一 著","みすず書房","2019-12-26","6年","3300","","","","","","","1492","1","「いまや何百という単位で世界中に建築作品がつくられ、直島やヴェネチアなどで作品めぐりができるスケールにまで広がって、「安藤忠雄」なるものは世界的な出来事として理解されている。アンドー・ウォール、アンドー・キューブといった語も昨今の建築語彙として定着しつつあるようだ。日本以上に海外ではひとりの建築家の枠をこえ、ひとつの文化現象として理解されはじめている。
しかし安藤忠雄をほんとうに理解するためには、その人に刷りこまれた信条や生き方、美学や土地に対する見方を十分に知らなければならない。メディアの上で生産され消費されている建築家像とは異なったレベルで安藤忠雄の実像に迫りたい。これが本書を執筆する動機であり、そのために各地をまわり、建築家本人からも詳しい話をうかがった」

生い立ちから現在までを同時代的背景とともにたどりつつ、住宅、商業施設、教会・寺院、学校・図書館、ミュージアム・劇場ほか種々の建築作品と環境・文化プロジェクトを精緻に読みとく。世界の「アンドー」の全体像に迫る建築史家渾身の書き下ろし。本格評伝にして作品論の決定版。生い立ちから現在までをたどりつつ、各種建築作品を精緻に読みとく。世界の「アンドー」の全体像に迫る本格評伝にして作品論の決定版第1章　生い立ち
第2章　建築へ
第3章　長屋が世界を変える
第4章　住宅の時代
第5章　旅と文明
第6章　幾何学と光
第7章　生まれ変わる商業施設
第8章　宗教空間への洞察
第9章　批判的地域主義の旗手として
第10章　持続的な集合住宅を求めて――六甲の集合住宅
第11章　木の建築をめざす
第12章　公害の島を生まれ変わらせる――直島での実験
第13章　ミュージアムの建築家として
第14章　阪神・淡路大震災をこえて
第15章　東京大学教授として
第16章　安藤事務所というチーム
第17章　世界に対するメッセージ
第18章　書籍の空間
第19章　フランソワ・ピノーとの仕事――欧州の歴史との対話
第20章　上海へ
第21章　大阪人として

注
あとがき","建築","jpn","320","A5"
"4622089793","9784622089797","建築の難問","内藤廣 著","みすず書房","2021-07-20","4年","3960","","","","","","","","","「わたしが考える建築は、建築の原型へ遡行していくようなある種の〈普遍的な凡庸さ〉を求める傾向があります。かつてはその先にある姿形を〈素形〉と呼んだことがあります。一方で、建築はそこに存在しているだけでいやおうなく何かを表明してしまいます。すなわち〈表現すること〉と無縁ではいられません。ここに表現者として個人の問題が生まれてきます。
つまり〈凡庸さ〉とは匿名性のことで、〈個人〉とは作家性のことです。このせめぎあいに、心ある建築家なら誰でも苦しんできたといってもよいと思います。そしてわたしの場合、より〈凡庸さ〉に近いところに位置するのが問題なのかもしれません。だから〈個人〉の作家性を至上とする建築界とは距離ができてしまうのです。
問いかけられる難問に答えることで本書で挑もうとしているのは、その垣根を乗りこえることです。わたし自身の思考を俎上にあげて再検証し、その作業を通してふたつの異なるOSを橋渡しする新たな回路を模索することです。それは建築に対する世のなかの誤解を解くことにつながるかもしれないし、閉じられた建築の価値に風穴を開けることになるかもしれません」

建築・都市・土木の分野を自在に往還、3・11以後は三陸の各種復興委員会に名をつらねた著者によるラディカルな建築論、渾身の問答集。聞き手・真壁智治。建築・都市・土木の分野を自在に往還、3・11以後は三陸の各種復興委員会に名をつらねた著者のラディカルな建築論、渾身の問答集。はじめに

序　建築を和解の場にするということ

第1章    建築という言葉の難問
建築を定義する
存在としての建築、現象としての建築

第2章　建築を支えてきた難問
建築は世界とつながれるのか
建築で人は幸せになれるのか

第3章　建築に備わる難問
空間について
時間について
場所について

第4章　建築内存在としての難問
モダニズムという問題
「中心」と「周縁」
「私」と「公」
「中央」と「地方」
「都市」と「地域」
「継承」と「切断」
作品性あるいは作家性について
建築は芸術か

第5章　建築を生むための難問
架構について
材料・構法・構造
「素形」と「素景」について
プレハブリケーション
土木と建築
アンビルトという方法
建築は批評性をもちうるか
つくり手と使い手

第6章　社会と歩む建築が抱える難問
3・11と建築
建築を伝える
都市をつくる
建築家とは誰なのか
建築を評価する
新しい凡庸さについて
建築への問いかけ

第7章　建築を愛しうるかという難問
建築の外面と内面
建築と社会
建築を語る
建築を愛する

注
長いあとがき","建築","jpn","283","46"
"463524119X","9784635241199","にっぽん建築散歩","小林泰彦 著","山と渓谷社","2019-11-15","6年","1540","","","","","","","","","","旅行","jpn","158","A5"
"4635241238","9784635241236","続にっぽん建築散歩","小林泰彦 著","山と渓谷社","2020-11-14","5年","1540","","","","","","","","","","旅行","jpn","158","A5"
"464208410X","9784642084109","日本建築を作った職人たち","浜島一成 著","吉川弘文館","2022-04-30","3年","2640","","","","","","","","","木造の古建築を手がけた「木工」と呼ばれる職人たち。古来、彼らは伝統技術をいかに保持し、今日まで発展させてきたのか。律令政府から中世寺社、江戸幕府に至る造営組織の変遷を追究。東寺・高野山・伊勢神宮などで活動した木工の実態を、系図などをもとに解き明かし、中世から続く内裏の大工・木子氏や、建築様式と木工との関連性にも説き及ぶ。古代から近世に至る造営組織の変遷を追究。東寺・伊勢神宮などで活動した木工の実態に迫り、内裏の大工・木子氏にも説き及ぶ。はじめに／Ⅰ 造営組織の歴史（古代の造営組織〈律令制以前／律令制以後／律令制の弛緩〉／中世の造営組織〈主な寺社における工事管理組織／木工の組織／中世における行政組織〉／近世の造営組織〈江戸幕府／建築技術書〉／Ⅱ 木工の系譜（東寺〈木工の系譜（十六世紀まで）／木工の系譜（近世）〉／高野山〈木工の系譜（十一世紀末から十五世紀：院政期から応仁の乱）／木工の系譜（十六世紀から十九世紀：応仁の乱後から江戸幕末）〉／伊勢神宮〈藤井氏について―中世を中心に／櫟氏について／近世の式年遷宮／大工職の補任状と補任料〉／北野天満宮〈木工の系譜―十五世紀後期～十六世紀後期の大工職撤廃令まで／木工の系譜―大工職撤廃令後～十八世紀初期／大工職について〉／木子氏について〈禁裏御大工四職について／室町時代後期から江戸時代初期／江戸時代中・後期／幕末から明治―喜古整形（弘化元年～明治四十年〈一八四四～一九〇七〉）〉）／終章 建築様式と木工との関連性","建築","jpn","192","46"
"4756241972","9784756241979","世界のタワー","","パイインターナショナル","2012-02-08","14年","1980","","","","","","","","","ドバイのブルジュ・ハリファ、パリのエッフェル塔、東京スカイツリーなど、誰もが知っている有名なタワーから、あまり知られていない隠れた絶景タワーまでをまとめた写真集。美しく楽しい景色を楽しめる１冊。","写真・工芸","jpn","191","A5"
"4756244114","9784756244116","いい階段の写真集","BMC 〔著〕,西岡潔 写真","パイインターナショナル","2014-01-12","12年","2200","","","","","","","","","めくるめく階段の世界。愛好家待望の初・階段写真集！

街歩きや建物が好きな人、建築マニアの中でも、愛好者の多いのが階段。東西の近代建築から、高度経済成長期の珠玉のビルまで、美しい階段を上がっては見下ろし、降りては段裏を眺め、手すりを愛で、螺旋に酔いしれる1冊。読後は、知らず知らずのうちに、階段を隅々まで眺めている自分に気づくかもしれません。「階段の魅力は、その素材・用途・つくられた年代など、そして見る角度によって、実に多彩な表情を見せてくれること。重厚な歴史的建築の階段に時を感じ、建築家の斬新なアイデアに驚き、階段をつくった職人の技術にぜひ触れてみてください」（本文より）愛好家待望の初・階段写真集。東西の近代建築から、高度経済成長期の珠玉のビルまで、美しい階段を昇っては見下ろし、降りては段裏を眺め、手すりを愛で、螺旋に酔いしれる。美しくて楽しい階段鑑賞のすすめ。","写真・工芸","jpn","199","A5"
"4756247342","9784756247346","美しい建築の写真集","著:竹内 厚","パイインターナショナル","2016-01-16","10年","1980","","","","","","","","","美しい建築とおいしい珈琲を楽しめる喫茶店・ホテルのラウンジの写真集明治、大正の近代建築から60〜70年代のモダニズム建築の美しい喫茶店・ホテルのラウンジを掲載。建物の内観と外観、さらに窓や柱・照明・家具など細部の見どころを美しい写真とテキストで紹介します。北は北海道、南は長崎と日本全国の名建築の喫茶店、ホテルのラウンジを31件網羅。いずれも気持ちのいい空間、居心地のいい時間を味わえるお店ばかりです。美しい建築とおいしい珈琲。この２つを満たす建物を求めて全国を訪ね、明治、大正時代に建てられた近代建築や、１９６０～７０年代のモダニズム建築など、美しい喫茶店やホテルのラウンジを３１件紹介。","写真・工芸","jpn","173","A5"
"4756252567","9784756252562","直しながら住む家","小川奈緒 著,安彦幸枝 写真,小池高弘 写真","パイインターナショナル","2020-04-10","5年","1980","","","1139","2","1072","5","","","ハーフセルフリノベーション、古家再生、DIY…家を自分の手でつくり変えていく、自由としあわせ。

郊外の築古物件を、2度に渡ってリノベーション。ペイントや棚の設置など簡単DIYも日常の一部。「時間をかけ、手をかけるほど、家づくりは楽しい」「初心者でも女性でも忙しくても、やらないなんてもったいない」ーーーそんなやる気と勇気が湧いてくる、オリジナルな家づくりのかたち。築40年超の和風住宅に暮らす文筆家の小川奈緒が、プロの手を借りながらDIYで２階の改修作業を行った、今注目の「ハーフセルフリノベーション」の過程も詳細に紹介します。また、間取り図、費用のこと、こだわるべきポイント、設計のプロのアドバイスなど、リノベーションの実用的ヒントが満載。リノベーションの予定や興味がある人、家やインテリアが好きな人、「家をもっと心地よくしたい」と願う人も必読の一冊！","家事","jpn","140","B5"
"4756254101","9784756254108","弘前れんが倉庫美術館","田根剛 著","パイインターナショナル","2022-07-14","3年","3960","","","","","","","","","築100年の煉瓦倉庫を現代アートの美術館に甦らせる、再生までの全記録

弘前れんが倉庫美術館は、パリを拠点に国際的に活躍する建築家の田根剛が、日本国内で初めて設計を手掛けた美術館です。本書では、田根が取り組む「記憶を継承する建築」はどのように行われたのか、その全貌を明らかにします。弘前の歴史、煉瓦倉庫の変遷、考古学的なリサーチから導きだされた建築のコンセプト。既存の建物を解体・分析して修復する壮絶な現場の記録。そして完成後の美術館と弘前の風景までを紹介します。また、プログラムの構成や空間の使い方など、弘前から世界へと発信する美術館運営の新たな取り組みにも迫ります。日本の古き良き風景が失われる中、未来へ繋ぐ建築とはどのようなものなのか、煉瓦倉庫の再生までを追った美術館の軌跡です。","建築","jpn","256","B5"
"476015468X","9784760154685","SDGsとトイレ (進化するトイレ)","日本トイレ協会 編","柏書房","2022-08-24","3年","3300","","","1185","1","","","","","日本にいると想像しにくいかもしれないが、清潔なトイレを安心して使えない人は世界中に23億人もいる。そのうち5億人はトイレがない環境で生活しており、野外で用を足さざるをえないのだ。また世界には、学校に清潔なトイレがないために通学をあきらめる女子児童・生徒もたくさんいる。
教育を受ける権利や就労の機会も失うなど、トイレ環境の良し悪しが女性の人生に大きな影響を与えていることは知っておきたい。誰もが使えるトイレ環境の整備は、今日も世界各地で進められている。
先進国では当たり前の水洗トイレについても、一度立ち止まって考えてみたい。一人あたり年間10kgのCO2が水洗トイレから排出しており、地球温暖化に加担しているのだ。生活用水の2割をトイレが占め、一人あたり1日に45リットルも使っている計算である。深刻な水不足が懸念される日本において、見過ごすことのできない問題だ。
では、どうしたらよいのか。本書では、国内外の最新事情を熟知する執筆陣が、水を使わないドライトイレや雨水の活用など、これからのトイレの進むべき未来を考える。トイレから世界を眺めてみたらSDGsが身近になってきた！――人権や環境とのかかわりが浮かび上がりトイレの未来形が見えてくる！はじめに

第１章　トイレから読み解くSDGs――17の目標とトイレ
　１　SDGsとは何か？
　　（１）SDGsの概要
　【コラム】自分とSDGsはつながっている（弁当を例に考えてみよう）
　　（２）SDGsからみたトイレへの取り組み
　　（３）トイレからのアプローチ
　【コラム】SDGsを漫画で学べるトイレットペーパーを全国に届けた高校生の活動
　２　トイレと人権
　　（１）人権とSDGs
　　（２）水とトイレの権利
　　（３）トイレを利用する権利
　　（４）トイレを利用する権利とはどのような人権なのか
　　（５）トイレを人権として考える意味
　　（６）さいごに

第２章　安全な水とトイレ――トイレなき世界を変えよう
　１　安全な水とトイレ――約5億人が野外排泄をしている世界
　　（１）世界のトイレ事情
　　（２）トイレがないことのリスク
　　（３）トイレ革命に取り組む2つの国
　２　日本から世界へ――国際社会の取り組みと日本の国際協力
　　（１）国際社会、国連の取り組み
　　（２）日本の国際協力
　３　世界のトイレ改善活動
　　（１）一般社団法人日本トイレ協会が先導した、世界のトイレ活動
　　（２）世界でトイレ活動を行うNGO
　　（３）日本国内の団体の活動
　　（４）世界のトイレを救う日本人による身近なアイディア
　【コラム】公共トイレ清掃員の性別に対する意識調査
　４　日本の技術、ノウハウを活かせ！
　　（１）トイレのノウハウで「豊かで快適な住まいの実現」へ
　　（２）排泄物処理剤を使った新しいトイレ（モンゴル、ボリビア）
　　（３）SDGsの目標達成への貢献について（TOTOグループの場合）

第３章　誰一人取り残さない日本のトイレ
　１　「誰一人取り残さない」ということ
　２　障害のある人とトイレ
　３　女性とトイレ
　４　性的マイノリティとトイレ
　　（１）トイレの課題を理解するための基礎知識
　　（２）トランスジェンダーの困りごとから、今後のトイレのあり方を考える
　　（３）性自認にかかわらず、利用しやすいトイレを考える
　５　子どもとトイレ
　　（１）SDGsと「子どもと排泄」
　　（２）乳幼児期
　　（３）学童期
　　（４）教育／便育

第４章　水洗トイレは持続可能か
　１　汲み取りトイレと水洗トイレ――エコだった昔のトイレ
　　（１）下肥として利用してきた時代
　　（２）明治・大正・昭和期のトイレ
　　（３）水洗トイレに追いつかなかった下水道
　【コラム】温水洗浄便座の普及
　２　水洗トイレのその先はどうなっているか
　　（１）下水道の仕組み
　　（２）水洗トイレと下水道がもたらす海の汚染","建築","jpn","260","46"
"4761513632","9784761513634","まちづくりの仕事ガイドブック","饗庭伸 編著,小泉瑛一 編著,山崎亮 編著","学芸出版社（京都）","2016-09-05","9年","2090","","","493","3","","","323","1","まちづくりに関わりたい人、本気で仕事にしたい人必見！デザイナー、デベロッパー、コンサル、公務員まで44職種を5分野「コミュニティと起こすプロジェクト」「設計・デザイン」「土地・建物のビジネス」「調査・計画」「制度と支援のしくみづくり」の実践者が紹介。14人の起業体験談からは進化する仕事の今が見えてくる。まちづくりを本気で仕事にしたい人、必見！デザイナーから公務員まで多様な44職種を実践者たちが紹介。14人の起業体験談も充実！第１章　コミュニティとともにプロジェクトを起こす
＜インタビュー＞まちづくりセンター（タイトル未定）
／世田谷まちづくりセンター・浅海義治
＜仕事紹介＞
コミュニティデザイナー／studio-L・山崎亮
まちづくりセンター【NPO】／岡崎まち育てセンターりた・三矢勝司
まちづくりセンター【自治体】／（元）練馬まちづくりセンター、法政大学・杉崎和久
まちづくり会社／街元気・石上僚
エリアマネジメント／ワテラス・松本久美
地域おこし協力隊・集落支援員／徳島大学・田口太郎
アートコーディネーター／Bank Art・池田修
社会起業支援／ETIC・瀬沼希望
復興まちづくり【活動を起こす】／石巻2.0・小泉瑛一
復興まちづくり【仕事をつくる】／イトナブ石巻・古山隆幸
マンションのコミュニティデザイン／ヒトトワ・荒昌史
地域の経済に向き合う　／コトラボ合同会社・岡部友彦
リソースコーディネーター／つむぎや代表・友廣裕一
＜コラム：まちづくりのパートナー＞【公民館】鹿児島県鹿屋市柳谷集落（執筆・山崎亮）

第２章　まちの設計・デザイン
＜インタビュー＞組織設計事務所のパブリックデザイン
／日建設計都市デザイングループ公共領域デザイン室・田中亙
＜仕事紹介＞
建築設計事務所／オンデザイン・小泉瑛一
工務店／六車工務店・六車誠二
組織設計事務所／梓設計・佐藤伸也
ゼネコン／竹中工務店設計部・米津正臣
ランドスケープデザイン事務所／オンサイト・長谷川浩己
土木デザイン事務所／ワークビジョンズ・西村浩
プロダクトデザイナー／NOSIGNER・太刀川英輔
グラフィックデザイナー・アートディレクター／UMA・原田祐馬
新しい設計事務所／HAGISO・宮崎晃吉
新しい都市デザイン／モクチン企画・連勇太朗
新しいカフェ／Fabcafe・岩岡孝太郎
＜コラム：まちづくりのパートナー＞【福祉】社会福祉法人 佛子園（執筆・山崎亮）

第３章　土地・建物を動かすビジネス
＜インタビュー＞建築・不動産・都市デザインのしくみに関わる／UDS・梶原文生
＜仕事紹介＞
鉄道会社／京王電鉄・芦川正明
都市再生／UR都市機構・栗原徹
ディベロッパー／NTT都市開発・石橋一希
建築・不動産プロデュース【リノベーション】／リビタ・内山博文
建築・不動産プロデュース【コーポラティブハウス】／アーキネット・織山和久
再開発コンサルタント【プロジェクト】／アール・アイ・エー 東京支社・永澤明彦
再開発コンサルタント【開発の企画】／日本設計・東濃誠
家守／（株）POD・橘昌邦
新しい“場”づくり／ツクルバ・中村真広
町に寄りそいお金を生むまちづくり／京都移住計画、addspice・岸本千佳
＜コラム：まちづくりのパートナー＞【","建築","jpn","207","B6"
"476152622X","9784761526221","エリアリノベーション","著:馬場 正尊,著:Open A,著:嶋田 洋平,著:倉石 智典,著:明石 卓巳,著:豊田 雅子,著:小山 隆輝,著:加藤 寛之,編集:馬場 正尊,編集:Open A","学芸出版社（京都）","2016-05-25","9年","2420","","","669","1","625","1","452","2","建物単体からエリア全体へ。この10年でリノベーションは進化した。計画的建築から工作的建築へ、変化する空間づくり。不動産、建築、グラフィック、メディアを横断するチームの登場。東京都神田・日本橋／岡山市問屋町／大阪市阿倍野・昭和町／尾道市／長野市善光寺門前／北九州市小倉・魚町で実践された、街を変える方法論。建物単体からエリア全体へ。この10年でリノベーションは進化。不動産、建築、グラフィック、メディアを横断し街を変える方法論。この本の目的と使い方
　エリアリノベーションとは
　エリアリノベーションの法則を探して
　6つの街をめぐって
　街の変化を比較する9つの視点

第1部エリアリノベーションとは
1章エリアリノベーションの背景
「まちづくり」という言葉からの脱却
郊外化のメカニズム
資本の流れと風景の関係
マスタープラン型から、ネットワーク型へ
2章基本構造：3つのポイント
空間ができるプロセスの逆転
職能を横断するプレイヤーの登場
街を変える4つのキャラクター
１）不動産キャラ
不動産エージェントの果たす役割
新しい関係性をつくる職能
クリエイティブな契約書に滲みでる試行錯誤
２）建築キャラ
　建築家と工務店が融合した職能
３）グラフィックキャラ
　グラフィックデザインが先行してつくる世界観
４）メディアキャラ
　プロモーションの新潮流
　地域×メディアの効力
3章ローカライズ：9つのポイント
変化の兆し／サイン
きっかけの場所／スペース
事業とお金の流れ／マネタイズ
運営組織の形／オペレーション
地域との関係／コンセンサス
行政との関係／パートナーシップ
プロモーションの手法／プロモーション
エリアへの波及／インパクト
継続のポイント／マネジメント
4章計画的都市から、工作的都市へ
産業構造の風景化
工作的都市の出現

第2部エリアリノベーションの実践
01　東京都神田・日本橋－馬場正尊
02　岡山市問屋町－明石卓巳
03　大阪市阿倍野・昭和町－小山隆輝・加藤寛之
04　尾道市－豊田雅子
05　長野市善光寺門前－倉石智典
06　北九州市小倉・魚町－嶋田洋平
","建築","jpn","255","B6"
"4761527471","9784761527471","都市の〈隙間〉からまちをつくろう","大谷悠 著","学芸出版社（京都）","2020-10-29","5年","2420","","","","","916","1","1000","1","日本に先駆けて急激な人口減少を経験した都市、ライプツィヒ。空き家と空き地の大量出現に大混乱する行政と市場をしり目に、〈隙間〉で生き生きと活動を始めたのは、資金もスキルもない「素人」たちだった！自分たちの手でまちをつくりつづける6事例の試行錯誤から、不安定な時でもシステムに頼らず生き抜くヒントを探る。大量の空き家と空き地で生き生きと活動する、資金もスキルもない素人たち。6つの試行錯誤から困難な時代を生き抜くヒントを探る巻頭写真［日本の家］

序章｜都市の〈隙間〉とはなにか
都市の〈隙間〉からまちをつくるということ
空き家・空き地を「問題の解決」で語る限界
アリになって都市の〈隙間〉に潜り込んでみよう

1章｜都市の〈隙間〉を巡るライプツィヒの30年史
ライプツィヒにようこそ！
30年間外れ続けた人口予測
前史：革命世代と英雄都市ライプツィヒ
1990年代：縮小都市、ライプツィヒはまだ救えるか？
2000年代前半：都市に穴をあける「穿穴都市」政策
2000年代後半：空き家・空き地で盛り上がる住民の活動
2010年代：「ドイツで一番住みたいまち」のあらたな課題
4度変化したライプツィヒにおける〈隙間〉の意味
［コラム］都市の〈隙間〉に芽生えた4つの仕組み

　

2章｜都市の〈隙間〉におこった5つの実践
都市の〈隙間〉は住民の活動に大きな役割を果たした
No.1　本の子ども ― 空き家と失業者がつくるクリエイティブな絵本工房
No.2　ロースマルクト通りの中庭 ― プライベート空間を地域に開く
No.3　みんなの庭 ― ゴミだらけの空き地に生まれた都市農園
No.4　ギーサー16 ― 廃工場を占拠したスクォッターによる文化施設
No.5　クンツシュトッフェとハウスプロジェクトLSW33 ―不動産市場から引っこ抜かれたものづくりのコロニー
〈隙間〉に生まれた「素人」たちの活動

3章 ｜日本の家：まちを「つくりつづける」素人の暇人たち
言葉や文化の壁をこえて集えるまちのリビング
I. 黎明期：暇だから始めた「家」づくり
II. 転換期：ごはんの会の始まり
III. 発展期：さまざまな人びとがあつまる地域のリビングへ
IV. 再転換期：メンバーの交代とあたらしい体制
「いいとこ取り」できない体験から得られる気づき
「スカスカ」と「ギチギチ」を繰り返す空間

終章｜〈隙間〉から見えてくる都市の未来
〈隙間〉を読み解く3つのポイント
（１）制御できないからこそ住民と行政が顔つき合わせる契機となる
（２）「素人」がまちをつくることを後押しする
（３）多様性と偶然性に満ちた生々しいかかわり合いの舞台
都市の〈隙間〉でモヤモヤした未来を引き受ける訓練をしよう

あとがき","建築","jpn","240","46"
"476152782X","9784761527822","住まいから問うシェアの未来 (住総研住まい読本)","著:岡部 明子,著:鈴木 亮平,著:山道 拓人,著:猪熊 純,著:前田 昌弘,著:門脇 耕三,著:小川 さやか,編集:住総研「シェアが描く住まいの未来」研究委員会","学芸出版社（京都）","2021-08-02","4年","2420","","","","","","","","","シェアは資本主義の行き詰まりを超える希望か？シェアの現場を訪ねてみると、お金を払って共同利用していても、それに留まらず、空気や匂い、音、人間関係、責任が否応なくシェアされている。それが煩わしいときもあるが、暮らしを豊かにしていた。住まいを起点に、シェアを生きる基盤とする未来に向けた地殻変動を感知するシェアは資本主義の行き詰まりを超える希望か？世界の、住まいをシェアする現場を訪ねシェアが「生きる基盤」となる社会を探る。はじめに
序章　 シェアを問い直す―選択する「行為」から社会の「基盤」へ……岡部 明子
1　シェアリングエコノミー
2　人口減少下のシェア
3　リアルに空間をシェアすると
4　シェアは「手段」
5　シェアは「媒介」
6　シェアは「基盤」

第１部　住まいを起点としたシェアの実践から

第１章　シェアを道具に暮らしの未来をつくる……鈴木 亮平
1　想いを継承するために
2　縮小時代のシェア
3　住まいを地域に開く
4 「食」でつながる暮らし
5　変化する働き方の受け皿
6　ビジネスの隙間の受け皿
7　シェアとともに暮らす
8　シェアを武器に

第２章　シェアをコンヴィヴィアルな道具にする七つの方法……山道 拓人
1　住まいが産業化したプロセス“二つの分水嶺”
2　シェアを道具にする七つの方法
3　シェアの方法から想像する住まいの未来

　第２部　シェアを媒介するものとしての空間・住まい

第３章　似たもの同士のシェア、違うものを認めるシェア……猪熊 純
1　建築によって開かれるシェアの可能性
2　人口減少社会におけるシェア
3　似たもの同士のシェア
4　違うものを認めるシェア
5 「公」「共」「私」の関係を問い直す
6 「公」「共」「私」を両立する空間 
7　近代的な社会構造をリノベーションする 

第４章　災害を生き抜く、人と人以外（モノ）のシェア……前田 昌弘
1　災害が可視化する人と人以外（モノ）の働き
2　環境に働きかける主体とシェア
3　環境が人に働きかけることで生まれるコミュニティ
4　個別的な関わりを連鎖していくシェアにむけて

　第３部　個人を基盤とした社会から、シェアを基盤とした社会へ

第５章　戦後の住まいに見る理想としてのシェアの思想とその現在……門脇 耕三
1　古くて新しい問題としてのシェア
2　戦後の住まいをかたちづくったふたつの形式
3　集合住宅とコミュニティ
4　集合住宅の変質
5　資本主義の中から復活したシェアの思想と住まいの類型
6　シェアを通じた住まいの未来

第６章　語られないシェアが基盤となる社会……小川 さやか
1　長屋暮らしと語られない「シェア」
2　シェアを否定することで生まれる路上の秩序
3　シェアが自然になるとき

第７章　シェアを基盤とした未来へ……岡部 明子
1　シェアを基盤に生きるインフォーマル地区の人たち
2　人口減少下の空き家問題
3　「自分のもの」にするという「行為」
4　「自分のもの」にすることの正当性が多元的な未来

あとがき

コラム
・「シェア」から「コモンズ」へ―韓国ソウル市のシェアリングシ","建築","jpn","248","A5"
"4761528044","9784761528041","北欧建築ガイド 500の建築・都市空間","小泉隆 著,九州産業大学小泉隆研究室 著","学芸出版社（京都）","2022-03-03","3年","2970","","","","","","","","","デンマーク、スウェーデン、フィンランド、ノルウェー、アイスランドの173都市から500の建築を紹介する北欧建築ガイドの決定版。近現代の美術館、図書館、教会、店舗、役所、学校、ホテル等の名作から、サウナや公園、街路等の公共空間、野趣に富む伝統建築、注目の都市開発エリアまで、多彩な空間を1000枚超の写真で体験！173都市から500の建築を厳選した決定版ガイド。美術館、図書館、教会、ホテル、サウナ、公園等を1000枚超の写真で体験Introduction

デンマーク│Denmark
コペンハーゲン│Copenhagen
カストラップ│Kastrup
ドラエア│Dragør
イスホイ│Ishøj
ロドオウア│Rødovre
アルベアツルン│Albertslund
バウスヴェア│Bagsværd
デュッセゴー│Dyssegård
ヘレルプ│Hellerup
チャロッテンルン│Charlottenlund
コンエンス・リュンビュー│Kongens Lyngby
クランペンボー│Klampenborg
スコスホーヴェス│Skovshoved
ホルテ│Holte
コッケダール│Kokkedal
フムレベック│Humlebæk
フレゼンスボー│Fredensborg
ヘルシンゲル│Helsingør
ドロニングメッレ│Dronningmølle
ロスキレ│Roskilde
フレデリクソン│Frederikssund
ボーレ│Borre
グルボースン│Guldborgsund
スラーエルセ│Slagelse 
オーデンセ│Odense
ファーボー│Faaborg
ミゼルファート│Middelfart
コリン│Kolding
ヘンネ│Henne
オーフス│Aarhus
ヴィビュ│Viby
ホイビャア│Højbjerg
エーブルトフト│Ebeltoft
シルケボー│Silkeborg
ヘアニン│Herning
ホルステブロ│Holstebro
ラナース│Randers
オールボー│Aalborg
ネアスンビュ│Nørresundby
テナー│Tønder
ボーンホルム島│Bornholm Island

スウェーデン│Sweden
ストックホルム│Stockholm
ドロトニンホルム│Drottningholm
グスタフスベリ│Gustavsberg
アーランダ│Arlanda
ウプサラ│Uppsala
ファルン│Falun
スンドボーン│Sundborn
スンツバル│Sundsval
イェブレ│Gävle
ヴェーデルスタッド│Väderstad
ボダフォールス│Bodafors
ハパランダ│Haparanda 
ルーレオ│Luleå
ベーナムー│Värnamo
コスタ│Kosta
ベクショー│Växjö
カルマル│Kalmar
セルヴェスボリ│Sölvesborg
マルメ│Malmö
リムハム│Limhamn
ルンド│Lund
ヘルシンボリ│Helsingborg&lt;br","建築","jpn","240","A5"
"476152815X","9784761528157","コミュニティシップ","橋本崇 編著,向井隆昭 編著,吹田良平 監修","学芸出版社（京都）","2022-04-27","3年","2860","","","","","","","","","小田急の地下化によって生まれた跡地「下北線路街」。デベロッパーの小田急電鉄は、住民の主体性・個人商店の価値を重視する「支援型開発」により数々の新名所を生み出してきた。人口減少、持続可能性など業界共通の課題に実践で応えた当事者が語る開発プロセスから、コミュニティシップ溢れる街のつくりかたを学ぶ。住民の主体性を重視する「支援型開発」によりコミュニティシップ溢れる街づくりを実践した下北線路街プロジェクトの先駆的取組み・はじめに
・下北線路街AREA MAP
・下北沢サイトマップ/シモキタ徒歩20分圏エリアマップ
・序文　人と街との幸福な関係――“シモキタ”にみるコミュニティシップ（橋本崇）

■1章　鉄道事業者の挑戦、支援型開発という街づくり――コミュニティシップ溢れる街のつくりかた
01　下北線路街プロジェクトとは
02　プロジェクト、動き出す
03　まず歩いて街を知る。現地調査
04　全体構想を策定する
　【関係者・事業者インタビュー】
　・プロジェクト全体構想、事業基本計画策定者が考えたこと
　・コミュニケーション戦略立案者が考えたこと
05　下北線路街、出発
06　街の人による、街と自分のための活動
　【カタログ】　街の人による、街と自分のための活動
07　持続可能な街づくりの新手法
08　支援型開発のこれから
　【プロジェクト分析】　パーパスモデルで見るBONUS TRACK――新たなチャレンジや個人の商いを支援する長屋
　【プロジェクト分析】　デザインルールで見るBONUS TRACK
　【カタログ】　下北線路街　全ブロック施設ガイド
　【関係者・事業者インタビュー】　関係者が考えたこと、事業者が考えていること
　【ヒストリー】下北線路街完成までの流れ

■2章　地域の人たちがはじめた挑戦――コミュニティシップ溢れる街のつかいかた
・商店連合会 会長の場合　出る杭は打たずに支える
・地主、商店街組合副理事長の場合　創造への挑戦はやがて消費を超える
・地主の場合　街がつながり、人がつながり、街は繁栄する
・住民、飲食店経営者の場合　積極的に変化を受け入れるという価値観
・住民、商店主の場合　ありがとうの交換で街をつなげる
・BONUS TRACKテナントの場合　挑戦する人のための不動産、自ら挑戦する不動産屋
・住民の場合　好きなことを楽しむという街への関わり方

■3章　コミュニティシップをめぐる5つの考察
01　Well-being論から考察するコミュニティシップ
　◎幸せは天下のまわりもの
　　―鼎談　矢野和男（株式会社日立製作所フェロー）×橋本崇×向井隆昭
02　都市空間学から考察するコミュニティシップ
　◎ライフスケーピング　未来に近づいていく情景
　　―武田重昭（大阪公立大学大学院 農学研究科 緑地環境科学専攻 准教授）
03　都市社会学から考察するコミュニティシップ
　◎街と市民の新しい関係をめぐる社会学的考察
　　―三浦倫平（横浜国立大学大学院 都市イノベーション研究院 準教授）
04　都市論から考察するコミュニティシップ
　◎挑戦する者は挑戦している者が居る場所を好む　
　　―吹田良平（アーキネティクス代表取締役）
05　都市論から考察するコミュニティシップ
　◎","建築","jpn","224","A5"
"4761532602","9784761532604","ポルトガルの建築家アルヴァロ・シザ","伊藤廉 著","学芸出版社（京都）","2020-09-03","5年","3960","","","","","","","","","モダニズムを超えた静謐な空間で世界的評価を得てきた建築家。そのキャリアは母国の民主化の歴史と共に進化し、風土とも密接に繋がってきた。ノートや図面、紙ナプキンにまで絶えず描き続けるスケッチ、寡黙ながら時に発せられる辛らつな言葉、建築への純粋な愛情。知られざる素顔と作品の魅力を弟子である著者があぶりだす絶えず描き続けるスケッチ、時に発せられる辛らつな言葉、建築への純粋な愛情。世界的建築家の素顔と土地に根差した作品の魅力。1 脚本家としてのタヴォラ、役者としてのシザ―カーサ・デ・シャ・ダ・ボア・ノヴァ
2 プライア／砂浜―レサのスイミングプール
3 革命と建築―キンタ・ダ・マラゲイラの社会住宅
4 コピーは犯罪か？―ボウサの集合住宅
5 宗教と建築―マルコ・デ・カナヴェーゼスのサンタ・マリア教会と教区センター
6 アドルフ・ロース―アヴェリーノ・ドゥアルテ邸
7 ミース・ファンデルローエ賞―ボルジェス＆イルマオン銀行
8 変形―ポルト大学建築学部
9 18世紀都市計画の再解釈―リスボン・シアード地区再開発
10 巡礼地サンティアゴ・コンポステーラ（前）―ガリシア現代美術館
11 巡礼地サンティアゴ・コンポステーラ（後）―サンティアゴ大学情報科学学部
12 コルクと建築―セトゥーバル教育大学
13 ドウロ川―アルヴァロ・シザ事務所
14 塩田と菓子オヴォシュモーレス―アヴェイロ大学図書館
15 大航海時代―Expo'98リスボン万国博覧会ポルトガル館
16 参照―セラールヴィシュ現代美術館
17 ロンドン―サーペンタイン・ギャラリー・パビリオン（2005）
18 ビルバオ―ビルバオ大学オーディトリウム
19 デザインプロセス―オビドス・キンタ・ド・ボンソセッソの住宅
20 ポルトガル文学―カミロ・スタディセンター
21 ワインと建築―キンタ・ド・ポルタルとアデガ・マイオール
22 寡黙なハイテク建築―ヴィアナ・ド・カステロ図書館
23 バルセロナ―コルネリャ・デ・リョブレガットのスポーツコンプレックス
24 広場と公園―アリアードス広場
25 メニーノ（少年）・シザ―イベレ・カマルゴ美術館
26 スパ―ヴィダゴのゴルフクラブハウスとペドラスサルガーダシュのスパ
27 生涯最高の建築―アルハンブラ宮殿チケットセンター・コンペ案","建築","jpn","411","A5"
"4761532610","9784761532611","ストリートファイト","著:ジャネット・サディク=カーン,著:セス・ソロモノウ,監修:中島 直人,その他:Janette Sadik-Khan,その他:Seth Solomonow,翻訳:中島 直人,翻訳:石田 祐也,翻訳:関谷 進吾,翻訳:三浦 詩乃","学芸出版社（京都）","2020-09-10","5年","3850","","","","","","","","","歩行者空間化したタイムズスクエア、まちに溢れるプラザや自転車レーン。かつて自動車が幅を利かせていたニューヨークの街路は、歩行者と自転車が主役の空間へと変貌を遂げた。小さな実践を足掛かりに大きく都市を変え、人間のための街路を勝ち取った、元ニューヨーク市交通局長による臨場感とアイデアに満ちた闘いの記録。口絵
日本語版へのまえがき　──ジャネット・サディク＝カーン、セス・ソロモノウ

はじめに　新たな街路のコードづくり　──主役は車から歩行者へ
1章　街路をめぐる闘い
2章　都市の命運を握る高密化
3章　交通局を変える都市アジェンダ
4章　街路の読み解き方
5章　歩行者に従おう
6章　生まれ変わったタイムズスクエア　──歩行者空間化への闘い
7章　良いアイデアは盗むもの　──メデジン、ボゴタ、ロンドン
8章　自転車レーンへの反発
9章　シェアバイク　―─シェアリングエコノミーの最前線
10章　数字だけでは測れない安全性
11章　避けては通れないバスの話
12章　「データ」が変える街路の豊かさ
13章　交通インフラストラクチャーの本質
14章　終わることのない闘い
謝辞

訳者解題
原注
索引ジェイコブズ;モーゼス;ヤンゲール;都市;再生;計画;政策;まちづくり;公共;空間;道路;交通;歩行者;自転車;パブリック;スペース;タクティカル;アーバニズム;アーバン;プレイス;メイキング;デザイン;プランニング自動車中心の街を、歩行者と自転車が主役の空間へ。広場や自転車レーンなどの小さな実践で都市を変えた、アイデア溢れる奮闘記。","建築","jpn","363","A5"
"4763409557","9784763409553","平成都市計画史","饗庭伸 著","花伝社","2021-02-09","5年","2750","","","","","875","1","","","2021年度日本都市計画学会賞論文賞
2022年日本建築学会著作賞
第12回不動産協会賞
受賞いたしました。

「拡大」と「縮小」のはざまに、今をつくる鍵がある

「法」と「制度」のせめぎあいのなかで、「少しでも良い都市」を目指し展開してきた日本の都市計画。
スプロールからシュリンクに向かっていった平成期、想定外の災害に何度も直面しつつ、私たちはどのように都市をつくってきたのか？
規制緩和、コミュニティ、地方分権、復興などのキーワードを手掛かりに、“もっとも近い過去”の軌跡をたどり、現在と未来の行方を探る。

都市計画の新たな基礎文献、誕生都市計画学者のトップランナーが描く、平成期都市計画の歴史絵巻。都市をつくり、使う私たちの現在地を照射する、30年間の総括。序　章　地の歴史を描く
第１章　都市にかけられた呪い
第２章　バブルの終わり
第３章　民主化の４つの仕掛け
第４章　都市計画の地方分権
第５章　コミュニティの発達と解体
第６章　図の規制緩和と地の規制緩和
第７章　市場とセーフティネット――住宅の都市計画
第８章　美しい都市はつくれるか――景観の都市計画
第９章　災害とストック社会――災害の都市計画
第10章　せめぎ合いの調停――土地利用の都市計画
終　章　都市計画の民主化","建築","jpn","368","46"
"4763420151","9784763420152","人をつなぐ街を創る","小柴直樹 著","花伝社","2022-07-11","3年","1980","","","","","","","","","街づくり先進都市・世田谷の現場で培われてきた制度、手法、そして「合意形成」のあり方

100万人に迫る人口を擁し、住宅地、商業地、そして都心の貴重な自然を有する東京都世田谷区。多彩な街づくりの現場で試行錯誤を重ねてきた区職員が思う、「人をつなぐ街」をつくるための要点とは。

行政主導から住民参加、そして行政参加へ──街づくりの軌跡と未来へのヒントを探る先進的な取り組みで知られる世田谷区の街づくり。数々の現場で試行錯誤を積み重ねてきた区職員が明かす、合意形成の極意とは。Ⅰ部　街づくり先進都市・世田谷
第１章　世田谷区という街づくりの舞台
第２章　世田谷区における街づくりの発端
第３章　世田谷区街づくり条例の歩み
第４章　街づくりが抱える課題の解決
Ⅱ部　事例から見る街づくりへの新たな試み
第５章　密集市街地の防災街づくり──太子堂２・３丁目地区
第６章　小田急線上部利用の街づくり──下北沢駅周辺地区
第７章　京王線沿線の街づくり──明大前駅周辺地区・下高井戸駅周辺地区　
第８章　都市計画道路沿道の街づくり──補助216号線・補助52号線・放射23号線
Ⅲ部　合意形成のために
第９章　住民参加の街づくりの歩みと未来　
第10章　街づくりの推進に期待すること
第11章　信頼関係の構築と合意形成　
第12章　誰も置き去りにしない街づくりの心得","建築","jpn","256","46"
"4766131622","9784766131628","天井美術館","五十嵐太郎 著,菊地尊也 著","グラフィック社","2019-01-04","7年","3190","","","","","","","","","","建築","","176","B5"
"4766136012","9784766136012","アンビルト","クリストファー・ビーンランド 著,井原恵子 訳","グラフィック社","2022-08-08","3年","4180","","","","","","","","","有名建築家たちが設計・計画したが、実現されなかった建築や構想、都市計画を集めたビジュアルブック。
アンビルト（未建築）とはいえ、建築家が描いた奇妙でエキサイティングなスーパーストラクチャーの数々に圧倒されるはず。有名建築家の未完の計画を集めたビジュアルブックイントロダクション ／ 1. POWER 権力による変革（「ピッツバーグ市民センター」含む7プラン）　／ 2. PRESTIGE 都市の姿（「東京湾計画」含む8プラン）　／ 3. CULTURE 文化施設（「シンガポール・クラウド」含む計5プラン） ／ 4. CONNECTIONS 都市をつなぐ道（「ベーリング海峡横断計画」含む計8プラン） ／ 5. HYPERMODERN MOVEMENT ハイパーモダン・モビリティ（「シェフィールドのミニトラム」含む計5プラン） ／ 6. NEW CITIES 新しい都市（「ミネソタ実験都市」含む計5プラン） ／ 7. URBAN FANTASIES 都市のビジョン（「マンハッタン・ドーム」含む計9プラン） ／ 3つのESSAY ／ 著者について ／ 謝辞 ／ 図版クレジット ／ 参考図書 ／ 索引","建築","jpn","208","A4変"
"476770149X","9784767701493","好きなことはやらずにはいられない","アルキテクト 編","建築技術","2015-08-31","10年","1650","","","","","758","1","","","1. 私はどこにいるのか？
2. 創造の端緒は発見にあり
3. ことばの中で育ち形の中に住む
4. DISCONT：不連続統一体

吉阪隆正とは
　1917年生まれ。33年ジュネーブ・エコール・アンテルナショナル卒業。41年早稲田大学理工学部建築学科卒業、教務補助として大学に残り59年教授となる。80年63歳で逝去。
　1950年～52年フランス政府給費留学生として渡仏、ル・コルビュジエのアトリエに勤務。54年吉阪研究室（64年U研究室と改称）を創設。ヴェネチア・ビエンナーレ日本館、呉羽中学校、アテネ・フランセ、大学セミナーなどを設計する。
　今和次郎に師事し、農村、都市、地域への提案を展開。『住居学汎論』など多数の著作があり、『吉阪隆正全集』全17巻としてまとめられている。
　日本建築学会会長、生活学会会長を歴任。日本山岳会理事を務め、赤道アフリカ横断とキリマンジャロ登頂、早大アラスカ・マッキンレー遠征隊隊長、そしてヒマラヤK2遠征を組織するアルピニストである。地球をその足で駆け巡り、人と人をつなぐ、ことばとかたち、生活とかたちを『有形学』へと語り続けた。
建築家、教育者、探検家、アルピニスト、文明批評家として、国際平和を説き、多くの人材を生み出した吉阪隆正。「吉阪隆正集」に収められた言葉とダイアグラム、スケッチ、そして建築の形姿を凝縮した１冊。","建築","jpn","253","B40/新書"
"4767802598","9784767802596","Frank Lloyd Wright (エクスナレッジムック)","上田義彦 著","エクスナレッジ","2003-03","22年","3960","","","","","","","","","","写真・工芸","jpn","","A4変"
"4767803691","9784767803692","ガウディが知りたい！ (エクスナレッジムック)","","エクスナレッジ","2004-02","22年","2640","","","","","","","1171","1","建築という芸術に身を捧げたガウディ。その真実に様々な角度から迫る。彼を取り巻く世界の巨匠エピソードも満載。誰も見たことがない空撮によるガウディ他、全作品、バルセロナ・ガイドｍａｐを完全網羅した保存版。","建築","jpn","190","A4変"
"4767803748","9784767803746","イサム・ノグチ生誕100年 (エクスナレッジムック X－knowledge home特別編集)","","エクスナレッジ","2004-07","21年","2640","","","","","","","","","日々旅にして旅を栖としたコスモポリタン、イサム・ノグチ。彼が地球上に遺した贈り物は、彫刻にとどまらず、庭園や家具など、数えきれない分野にわたる。生誕１００年を記念して、イサム・ノグチの真実に迫る。","家事","jpn","191","A4変"
"4767803756","9784767803753","バウハウス (エクスナレッジムック X－knowledge home特別編集)","","エクスナレッジ","2004-10","21年","2640","","","","","","","","","２０世紀の両大戦間に存在した、この建築と芸術の工房が歴史に刻んだものは計り知れない。バウハウス宣言から８５年を経て、今日の我々が目にするものとは何か。本書では、バウハウスの実像を今改めて見直す。","家事","jpn","183","A4変"
"4767803764","9784767803760","フランク・ロイド・ライトのルーツ (エクスナレッジムック X－knowledge home特別編集)","","エクスナレッジ","2005-01","21年","2640","","","","","","","","","２０世紀建築の巨匠として称されるフランク・ロイド・ライト。有機的建築の誕生から生涯をかけたその変遷をめぐり、ライト建築の現在を見つめる。ライト建築の１００点を超える写真を掲載。","家事","jpn","157","A4変"
"4767810612","9784767810614","最高に楽しい「間取り」の図鑑 (エクスナレッジムック)","本間至 著","エクスナレッジ","2010-12","15年","1980","","","685","2","150","2","","","","建築","jpn","247","B5変"
"4767814049","9784767814049","世界の名建築解剖図鑑","著:オーウェン ホプキンス,原著:Hopkins,Owen,翻訳:唯, 伏見,翻訳:由理, 藤井,翻訳:沙織, 小室","エクスナレッジ","2013-08","12年","3080","","","","","","","","","古代から現代までの幅広い年代を扱い、かつ図版を多用した建築図鑑。歴史的建造物と現代建築の垣根を取り払い、建築の新しい見方を提示。固有にとらわれない、一般的な建築の原理を解説する。","建築","jpn","175","A4"
"4767816726","9784767816722","死ぬまでに見たい世界の名建築なんでもベスト10","光嶋裕介 著","エクスナレッジ","2014-06-27","11年","1980","","","","","823","1","","","世界各国で「名建築」を見てきた著者が、テーマ別にベスト１０をセレクト。美しい写真とともに、それぞれについて見どころや名建築たらしめる理由について解説する。テーマごとに描き下ろしたドローイングも掲載。","建築","jpn","167","B5変"
"4767820448","9784767820446","日本の最も美しい名建築","田中禎彦 文,小野吉彦 写真","エクスナレッジ","2015-09","10年","1980","","","","","","","","","ネオバロックの宮殿から、赤煉瓦の銀行、大工が建てた擬洋風の学校、煉瓦造の産業遺産、近代和風の駅舎、著名な建築家のホテルまで、日本が誇る５１の珠玉の名建築を収録。日本の建築界の歴史が学べる写真集。","建築","jpn","174","B5"
"4767820634","9784767820637","くらべてわかる世界の美しい美術と建築 (エクスナレッジムック)","五十嵐太郎 編著","エクスナレッジ","2015-10-29","10年","3080","","","","","","","","","美術と建築の共通点がわかることで、町でも美術館でも、もっと深く楽しむことができる。いずれも視覚芸術であり、多くの共通点をもつ２つのジャンル、美術と建築を比較しながら、両方の入口から相互に読み解く本。","建築","jpn","231","A4"
"4767822378","9784767822372","東京レトロ建築さんぽ","倉方俊輔 著,下村しのぶ 写真","エクスナレッジ","2016-11-14","9年","1980","","","","","","","743","1","くねくねした階段、ゴージャスな照明、絶妙な色合いのタイル、絵画のような天井、繊細なデザインのステンドグラス…いわゆる建築専門書にはない、見落としがちな建物の見どころを、美しいビジュアルで紹介！建築好きはもちろん、カメラ好き、インテリア好きに刺さること間違いなし！古い建物がどんどん取り壊されていく中、その価値は高まる一方。「戦前の建物」に焦点をあて、その魅力に迫った今までにない、たてものビジュアルガイドです。","旅行","","191","A5"
"4767823110","9784767823119","小さな家。","","エクスナレッジ","2017-04-28","8年","1760","","","985","2","925","1","686","2","","家事","","159","B5"
"4767823528","9784767823522","世界の建築家解剖図鑑","著:大井 隆弘,著:市川 紘司,著:吉本 憲生,著:和田 隆介","エクスナレッジ","2018-05-31","7年","1980","","","635","1","","","429","4","ルネサンス～21世紀海外建築家 完全図解!!
ルネサンスから21世紀まで600年に渡り、60⼈以上の名建築家の⽣い⽴ちから、⼈物像や思想、代表的作品、⼈間関係まで、その功績と⼈⽣をイラストですっきり図解!!時代順の構成なので、⼈物を切り⼝に、建築の歴史も学ぶことができます。","建築","","175","A5"
"4767823838","9784767823836","東京モダン建築さんぽ","倉方俊輔 著,下村しのぶ 写真","エクスナレッジ","2017-09-16","8年","1980","","","495","6","","","","","昭和の匂いを色濃く残し、戦後から1970年代までに建てられたモダンビルやマンション。元祖タワマン、昭和最先端ワンルーム、宇宙船のような丸窓、職人技が光るタイルなどなど、高度成長期に生まれた、カッコイイ愛すべきビルやマンションの建て壊しが激しく進む…今こそ見るべき、東京の名建築 48選！","旅行","","207","A5"
"4767823919","9784767823911","あるノルウェーの大工の日記","著:オーレ・トシュテンセン,翻訳:牧尾 晴喜,翻訳:リセ・スコウ,翻訳:中村 冬美","エクスナレッジ","2017-10-04","8年","1870","1870","10","693","2","","","","","世界14か国で出版のベストセラーエッセイ、待望の日本版
屋根裏の改築依頼の電話から、施主への引き渡しまでの日々が、現役大工のクラフトマンシップ豊かなディテールとともに綴られる。建設業界の現状や、近しくも遠い国ノルウェーの人々の暮らし・働くことの誇りと喜びが、ユーモアあふれる率直な語り口から浮かび上がるシンプルなのに深いエッセイ。決して波乱万丈ではない健全な仕事人の物語。","外国文学その他","","292","B6"
"4767824788","9784767824789","歩いて、食べる東京のおいしい名建築さんぽ","甲斐みのり 著","エクスナレッジ","2018-06-18","7年","1540","","","","","","","","","","旅行","","160","B6"
"4767826403","9784767826400","緑の家。","","エクスナレッジ","2019-06-27","6年","1760","","","746","2","","","","","人気の建築家が手がけた、緑を上手に採り入れて暮らしている13軒の住宅と、そこに暮らす人の緑や生活へのこだわりを紹介した1冊。建物の平面図にあわせた植栽図面、育てやすい植物の詳細写真などを多数掲載する他、小さい敷地でも緑を取り込む方法やマンションでも楽しめるインドアグリーンなども紹介。造園家の視点からの庭づくりのコツも解説します。","家事","","168","B5"
"4767826497","9784767826493","名建築と名作椅子の教科書","アガタ・トロマノフ 著,中村雅子 訳","エクスナレッジ","2019-09-29","6年","1980","","","","","","","","","18世紀から現代まで。世界の建築家55人が手がけた名建築と名作椅子を時系列で学べる本です。オットー・ヴァグナー、アントニ・ガウディ、ル・コルビュジエ、アルヴァ・アアルト、磯崎新、安藤忠雄、レム・コールハース、ザハ・ハディド、サンティアゴ・カラトラバなど。建築家たちは椅子のデザインに何を狙ったのか――建築作品と並べることで、デザインを紐解きます。建築家による椅子デザインのビジュアル解説書、ありそうでなかった一冊です!!","建築","","160","B5"
"476782768X","9784767827681","1000％の建築 つづき","谷尻誠 著","エクスナレッジ","2020-05-30","5年","1980","","","","","","","","","谷尻ファン待望の一冊がパワーアップして復刊！！2012年に刊行した『1000%の建築』に、当時実現できなかった糸井さんとの対談を加筆！そして、寄稿ページも一新し、8年分の年表も追加しました！身近なものの見方をちょっと変えてみる。建築家・谷尻誠のの考え方や建築のおもしろさを子どもにでも分かるような、やさしい語り口と楽しい絵で紹介します。","建築","jpn","176","B5"
"4767829089","9784767829081","世界の名建築解剖図鑑 新装版","著:オーウェン ホプキンス,監修:伏見 唯,監修:藤井 由理,編集:伏見 唯,翻訳:小室 沙織","エクスナレッジ","2021-07-17","4年","3080","","","","","2000","1","","","古代ギリシャから現代の建築までを網羅した、西洋建築のビジュアルガイド完全版!
様式だけでなく、構造やディテール、仕上げなどのさまざまな切り口から、
ヨーロッパを中心とした西洋建築を深く知ることができます。

1章では各建築様式の平面構成やファサード、造作について、
2章では建築をかたちづくる柱やアーチ、素材、形状について、
3章ではより細部に着目し、壁仕上げの種類や模様・装飾、窓や扉、屋根、階段など……
すべて写真や図、イラストをもとに詳細に解説しています。

西洋建築史のテキストとしてはもちろん、観光のための詳細なガイドとして、またイラストやCGの背景用素材としても活用できます。

【目次】
■1章:建築の種類■
古典的な神殿 神殿の正面/正面の形式/柱間/種類/内部空間
中世の大聖堂 西側立面/南側翼廊立面/平面/教会の平面/断面/造作
ルネサンス様式の教会 外観/平面/内観
バロック様式の教会 外観/平面/内観
要塞建築 キープ型/コンセントリック型/外観
カントリーハウスとヴィラ
正面を通りに向けた建物
公共建築
モダンブロック
高層建築

■2章:建築の構造■
柱とピア 種類/古典建築のオーダー/古典建築以外の柱頭
アーチ 構成要素/丸アーチ/尖頭アーチ/そのほかの形状のアーチ/種類
近代的な構造 コンクリート/鉄骨/建物の形態

■3章:建築の細部■
壁と仕上げ 石積み(石材の種類、仕上げ、ルスティカ)/煉瓦(置き方、積み方、モルタル目地、種類)/木材/瓦とタイル/コンクリートとプラスター/ガラス/金属と合成素材/大規模な壁面の造作/仕上げ面の造作/モールディング/装飾豊かな細部
窓と扉 窓の種類/扉の種類/開口部の表現(古典的な開口部、ペディメントの種類、ゴシック様式の開口部)/窓の形状/出窓とバルコニー/屋根窓/扉の形状
屋根 種類/瓦と葺材の種類/切妻屋根(破風の種類)/尖塔(種類)/ドーム(外観、内観、種類)/構造(トラス、ヴォールト、リブヴォールトの種類)
階段とリフト 階段の構成要素/階段の種類/リフトとエスカレーター

用語集","建築","jpn","175","A4"
"4771034753","9784771034754","建築家として生きる","松村淳 著","晃洋書房","2021-03-30","4年","2970","","","","","","","","","日本の建築家はいかにつくられ、継承されてきたのか。
現場の建築家たちはこの職業とどう向き合い、実践してきたのか。
ごく一部の有名建築家を除き、建築家として働く人たちの実態は、これまで意外なほど明らかにされていない。建築家という存在そのものがゆらぎはじめている現代、専門的な教育を受け、難関の資格試験をクリアし、建築家を自認するようになる彼・彼女たちは、どのように考え、動き、働いているのか。非意匠系の建築設計者、地方都市で活躍する建築家、さらには建築家を自認しない建築家など、さまざまな建築家の姿を、背景にある時代性とともに考察し、その輪郭を描きだす。建築家として働く人たちの実態は、これまで意外なほど明らかにされていない。さまざまな建築家の姿を、背景にある時代性とともに考察しその輪郭を描きだす。序　章　建築家の分析枠組み
　１　問題の所在
　２　分析視角
　３　本書の課題、対象・研究方法
　４　後期近代という視点
　５　本書の構成

　　第Ⅰ部　建築家の生成と変容をめぐって

第１章　職能の確立と消費社会との関連性
　１　本章の目的
　２　戦後復興期における建築家の役割
　３　芸術としての住宅
　４　商品化住宅の成熟
　５　まとめ

第２章 「スター文化人」としての建築家の誕生
　１　現代版ルネサンス的万能人としての建築家
　２　野武士の時代
　３　安藤忠雄の卓越化の方法
　４　二極化していく建築家――一九九〇年代以降の状況
　５　まとめ

　　第Ⅱ部 「建築家のエートス」と職業としての建築家

第３章 「建築家のエートス」を涵養する場としての大学
　　　　――標準化されない技術の習得を通したエートスの獲得過程
　１　本章の目的
　２　基礎教育を通した支配的ハビトゥスの形成
　３　講評会という教育装置
　４　建築家のエートスと大学教育
　５　まとめ

第４章　建築家になる
　１　本章の目的
　２　建築家の自認と建築設計者のカテゴリー
　３　建築士の業務
　４　建築家へのファーストステップ
　５　建築家を名乗る
　６　まとめ

第５章　建築家として生きていく
　１　本章の目的
　２　建築家のマネタイズ
　３　文学界の機序と建築家のとるべき戦略
　４　短期的な生産周期の事業としての下請け仕事
　５　長期的な生産周期の事業への取り組み
　６　変えるところと変えないところ
　７　地方におけるキャリアの達成
　８　まとめ

第６章　建築家ではない設計者たちの職業世界
　１　本章の目的
　２　住宅会社の「設計士」――住宅産業界の機序とハビトゥス
　３　住宅会社の建築士の住宅観と報酬に対する考え方
　４　建築家のハビトゥスは、他の業界でどのように作用するか
　５　設備設計士の職業世界
　６　まとめ

補　論　建築士受験のセルフエスノグラフィ
　１　はじめに
　２　一級建築士を目指す
　３　一級建築士への挑戦
　４　一級建築士の設計製図問題をどう解くのか
　５　一級建築士製図二年目
　６　資格学校の面々
　７　そして最後の本番
　８　リスク社会としての後期近代と資格

　　第Ⅲ部　後期近代と建築家の変容

第７章　脱埋め込み化の進行と建築家の役割の変容
　　　　――一九七〇年代以降の建築と都市をめぐる状況から
　１　はじめに――脱埋め込みの進行
　２ 「個」としての建築家の後景化
　３　外観が消えたハコとしてのショッピ","建築","jpn","302","A5"
"4777903044","9784777903047","美しい椅子 5 (〔エイ〕文庫)","島崎信 著,生活デザインミュ－ジアム 著","枻出版社","2005-05","20年","748","","","","","","","","","","家事","jpn","171","A6/文庫"
"4785101105","9784785101107","小さな家","ル・コルビュジエ 著,森田一敏 訳","集文社（渋谷区）","1980-10","45年","1650","","","","","","","806","1","","建築","jpn","85","B6"
"4786902160","9784786902161","藤森照信、素材の旅","藤森照信 著","新建築社","2009-01","17年","2640","","","","","","","","","聚楽土、大理石、スレート、土佐漆喰、青森ヒバ、竹、漆、大谷石、柿渋、島瓦…。建築用の自然素材を訪ねて、全国各地を巡った１６年間４６回の取材の中から、厳選２０をカラー写真とともに紹介する。","建築","jpn","259","A5"
"4790716899","9784790716891","住まいがつたえる世界のくらし","藤木庸介 編","世界思想社","2016-11","9年","2970","","","","","","","","","気候風土や住居、さらには習俗習慣、生業、信仰など、人々の生活そのものが形づくる世界各地の居住文化をわかりやすく解説。","建築","","212","A5"
"4794210698","9784794210692","京の職人衆が語る桂離宮","笠井一子 著","草思社","2001-07","24年","1760","","","","","","","150","1","桂離宮を元の姿に修復するとはどういうことか。そこにはどんな困難があったのか。実際に修理した棟梁、左官、表具師らと彼等を束ねたディレクターが初めて明かす復元の苦労話。","日本文学・評論・随筆・その他","jpn","254","B6"
"4794967535","9784794967534","無窓","白井晟一 著","晶文社","2010-09","15年","2090","","","","","2496","1","","","戦後のモダニズム建築全盛の潮流に背を向け、哲学的ともいわれる独自の作風を貫き通した建築家が遺す唯一のエッセイ集。伝統論争に火をつけた「縄文的なるもの」他、美や創造を巡るスリリングな論考を収録。","建築","jpn","285","B6"
"4794973233","9784794973238","戦争と建築 増補版","五十嵐太郎 著","晶文社","2022-07-27","3年","2640","","","","","","","","","近代的な高層ビルが崩壊した9・11は、建築界でも大事件だった。その後のアフガン空爆、イラク戦争という大規模な破壊行為の一方で、大都市では防犯を名目にした管理態勢が水面下で整備されつつある。
この不穏な時代、建築と都市はどこへ向かうのか。そもそも、これらは戦争といかにかかわってきたのだろう。建築は常に戦争に巻き込まれてきた。ならば、破壊と再生・防御の歴史を見つめ直すことは、建築のまだ見ぬ可能性につながるはずだ。
ルネサンス要塞建築のデザイン。知恵を絞った第二次世界大戦下の建物偽装例。震災と空襲をへた東京の変貌。戦争による技術革新と、B・フラーやイームズ夫妻の関係。街頭の監視カメラと防犯事情に、オウム施設と朝鮮半島非武装地帯。そして、NYグランド・ゼロの開発……。
2003年に刊行され大きな話題を呼んだ1冊に、ウクライナ侵攻と9・11の受容についての新たな書き下ろし2篇を加えた増補版。戦争によって建築はどう変容してきたか？&lt;p&gt;
一章　戦時下の都市
前線都市
防空都市
&lt;/p&gt;
&lt;p&gt;
二章　戦争とデザイン
直線か、曲線か――伊東忠太と岸田日出刀を中心に
空からのまなざし――視覚的無意識としての近代都市
技術の母としての戦争――フラーとイームズ
&lt;/p&gt;
&lt;p&gt;
三章　日常におけるサバイバル
サバイバルのための東京リサイクル
反フラット建築論に抗して
再発見されたエレクトリック・ラビリンス
&lt;/p&gt;
&lt;p&gt;
四章　テロリズムと恐怖の空間
セキュリティ戦争の都市
９・１１がもたらしたもの――ミノル・ヤマサキの嘆き
忘却しないために――リベスキンドと希望の建築
&lt;/p&gt;
&lt;p&gt;
増補
9／11メモリアル・ミュージアム――圧倒的な不在と膨大な情報を見る
ロシアのウクライナ侵攻を受けて、建築に何が可能か
&lt;/p&gt;
&lt;p&gt;
アンバランスな時代の二一世紀型戦争
増補版あとがき――恐怖にとりつかれた都市
&lt;/p&gt;","建築","jpn","280","A5"
"482220071X","9784822200718","名建築が生まれた現場","江村英哲 著,菅原由依子 著","日経BP","2016-09-02","9年","2640","","","","","","","","","レンゾ・ピアノ、ノーマン・フォスター、OMA…。
欧米の著名な設計事務所を7社訪ね、写真とインタビューで現場の躍動感を伝える。

雄弁な建築家であっても、設計事務所の「経営」を語ることはほとんどありません。
有名な建築や計画案が生まれた「仕事場」を見る機会はなかなかないはずです。
世界をまたにかけて活躍する海外建築家の事務所であればなおさら。そうした情報は皆無と
言っても過言ではありません。

本書では、世界的に署名な欧米の7つの設計事務所を、日経アーキテクチュアの記者2人が
現地で取材しました。
主宰者やパートナーのインタビューを交えながら、「設計の進め方」や「経営スタイル」を豊富な
写真とともにお伝えします。

◆取り上げるのは以下の7事務所です。
　1.レンゾ・ピアノ・ビルディング・ワークショップ（イタリア）
　2.フォスター＆パートナーズ（英国）
　3.ペリ・クラーク・ペリ・アーキテクツ（米国）
　4.OMA NYオフィス（米国）
　5.ホプキンス・アーキテクツ（英国）
　6.MVRDV（オランダ）
　7.ゲンスラー（米国）

一流の設計事務所には、経営にも一流の哲学がある──。
これからの設計組織や働き方を考えるうえで必携の1冊です。

【主な内容】
■まえがき

■１章「レンゾ・ピアノ・ビルディング・ワークショップ（RPBW）」
　拡大せず「工房」にこだわる/教えるのではなく「つくる過程」を通して育成

■２章「ペリ・クラーク・ペリ・アーキテクツ（PCPA）」
　人材を育み次代に「伝承」/プロ意識を共有し厚遇で組織堅持

■３章「フォスター・アンド・パートナーズ」
　建築を「拡張」する設計集団/組織力とアトリエ的柔軟さで新領域を開拓

■４章「オフィス・フォー・メトロポリタン・アーキテクチャー（OMA）」
　常識の「転換」が推進力/「AMO」が需要掘り起こし「OMA」が形づくる

■５章「ホプキンス・アーキテクツ」
　意匠と科学の「融合」で環境設計に新風/最先端のグリーンビル武器に世界のクライアントを魅了

■６章「MVRDV」
　若さから「脱皮」して成長続ける/挑戦者のDNAを胸に体制一新で拡大目指す

■７章「ゲンスラー」
　5000人の個性を「集結」して成長/社内人材をデータ化し全世界で有効活用

■あとがき一流の設計事務所には、経営にも一流の哲学がある──。これからの設計組織や働き方を考えるうえで必携の1冊です。まえがき
━━━━━━━━━━━━━━━━━━━━━━━━━━━━
【１】Renzo Piano Building Workshop（レンゾ・ピアノ・ビルディング・ワークショップ）
　拡大せずに工房スタイルで「成熟」へ
　教えるのではなく「つくる過程」を通して育成
　◆インタビュー｜古参スタッフに聞く
　　温かい人柄もレンゾの才能｜石田俊二氏｜RPBWコンサルタント
━━━━━━━━━━━━━━━━━━━━━━━━━━━━
【２】Pelli Clarke Pelli Architects（ペリ・クラーク・ペリ・アーキテクツ）
　人材を育み次世代に 「伝承」
　プロ意識を共有し厚遇で組織を堅持
　◆インタビュー｜創業者に聞く
　　学びやのような事務所が理想
　　シーザー・ペリ氏｜創業者、フレッド・クラーク｜共同創業者
　◆インタビュー｜古参スタッフに聞く
　　厳しい設計報酬の交渉も辞さない
　　光井純氏｜光井純&amp;アソシエーツ建築設計事務所代表、PCPAジャパン代表
　◆インタビュー｜PCPAの働き方
　　仕事と私事の見事な切り替え｜米山薫里氏｜スタッフ
━━━━━━━━━━━━━━━━━━━━━━━━━━━━
【３】Foster + Partners（フォスター・アンド・パートナーズ）
　建築を 「拡張」 する設計集団
　組織力とアトリエ的柔軟さで新領域を開拓
　◆インタビュー｜フォスター・アンド・パートナーズの働き方
　　高度な専門性と大胆な設計プロセスの統合
　　横松宗彦氏｜アソシエイトパートナー
　◆インタビュー｜デザイン責任者に聞く
　　過去の成功体験に固執しない｜デヴィッド・ネルソン氏｜デザイン総合責任者
━━━━━━━━━━━━━━━━━━━━━━━━━━━━
【４】OMA（オフィス・フォー・メトロポリタン・アーキテクチャー）
　常識の「転換」が推進力
　「AMO」が需要掘り起し「OMA」が形づくる
◆インタビュー｜OMAニューヨークオフィスの働き方
　　反論から生まれる新たな方向性
　　アリサ・ムラサキ・サルツゲイバー氏、近藤洋介氏｜ともにスタッフ
━━━━━━━━━━━━━━━━━━━━━━━━━━━━
【５】Hopkins Architects（ホプキンス・アーキテクツ）
　意匠と科学の 「融合」 で環境設計を開拓
　最先端のグリーンビル武器に世界のクライアントを魅了
　◆最新プロジェクト紹介｜新日比谷プロジェクト（東京）
　　鹿鳴館をイメージした「ダンシングタワー」
━━━━━━━━━━━━━━━━━━━━━━━━━━━━
","建築","jpn","207","A5"
"4838103069","9784838103065","京都名庭園 (Suiko books)","水野克比古 著","光村推古書院","2002-11","23年","1980","","","608","1","","","","","京都市内を中心として、すべて一般公開されている９８カ所の名庭園を収録した写真集。美しい庭園の写真を楽しむのはもちろん、庭園散策のガイドとしても活用できるようデータも掲載した。","写真・工芸","jpn","116","B5"
"4844137581","9784844137580","街灯りとしての本屋","田中佳祐 著","雷鳥社","2019-07-30","6年","1760","","","","","","","541","2","","家事","","159","A5"
"4845918129","9784845918126","クリティカル・ワード 現代建築","","フィルムアート社","2022-03-18","3年","2420","","","1633","1","","","","","","建築","jpn","315","B6"
"4860730259","9784860730253","原っぱと遊園地","青木淳 著","王国社","2004-10","21年","2200","","","","","","","","","","建築","jpn","237","B6"
"4860730437","9784860730437","がらんどう","古谷誠章 著","王国社","2009-05","16年","2090","","","1422","1","","","","","アンパンマンミュージアムから茅野市民館まで、狐ケ城の家からジグハウス・ザグハウスまで、一貫して大らかな空間の使い方と全体に包まれる居心地にこだわり続けてきた気鋭の建築家による初めての論集。","建築","jpn","220","B6"
"4860730607","9784860730604","人の集まり方をデザインする","千葉学 著","王国社","2015-08","10年","2035","","","","","814","1","","","「日本盲導犬総合センター」「大多喜町役場」など、世評高い作品を生み出し続けている著者が、長年練りあげてきた思考と実践の全て。建築の設計において最初に問うべきテーマを考察する。","建築","jpn","222","B6"
"4860730720","9784860730727","空間のちから","内藤廣 著","王国社","2021-01-22","5年","2090","","","1197","1","","","","","","建築","","237","B6"
"4861007380","9784861007385","北欧デザインの巨人たち","萩原健太郎 著,永禮賢 写真","ビー・エヌ・エヌ新社","2011-05","14年","1980","","","","","923","1","","","デンマーク、スウェーデン、フィンランドをめぐる、いつだって古くて新しい北欧デザイン紀行。建築、家具、インテリアから、器、テキスタイルまで、北欧デザイン界の巨匠たちのあしあとを追うフォトドキュメント。","芸術総記","jpn","175","A5"
"486152010X","9784861520105","京都の洋館 (京都モザイク)","","青幻舎","2004-05","21年","1320","","","","","420","1","","","古都・京都のまちに今も息づく洋館から、レストランやカフェー、ギャラリーなど、実際に楽しめる館を中心に４０軒あまりを紹介。過去と現在の魅力が交錯する、京都ならではの洋館への案内状。","諸芸･娯楽","jpn","111","B6"
"4861521289","9784861521287","大大阪モダン建築","高岡伸一 編著,三木学 編著,橋爪紳也 監修","青幻舎","2007-11-01","18年","1760","","","","","","","","","かつて、日本が誇るモダンシティがあった…。活力ある都市文化が花開いた、大大阪時代の代表的な近代建築の特色と見どころを、美しいカラーと平易な解説で紹介。時を超えて輝く、大大阪時代の建築ガイド。","建築","jpn","167","B6"
"4861522714","9784861522710","白井晟一","白井晟一 著,白井昱磨 監修,谷内克聡 監修","青幻舎","2010-09","15年","3080","","","","","3751","1","","","磯崎新、安藤忠雄らに多大な影響を与えた建築家・白井晟一。その代表的建築物を広く紹介するとともに、図面、模型、書、エッセイなども収録。孤高と謳われた白井晟一の幅広い足跡を辿り、創造の核に迫る好著。","建築","jpn","183","B5"
"4861525950","9784861525957","藤森照信のクラシック映画館","藤森照信 著,中馬聰 写真","青幻舎","2019-09-27","6年","2750","","","","","","","","","あの建築探偵が日本の「映画館」の誕生と隆盛の歴史を解き明かす！クラシック映画館探訪記、全国の名物映画館の貴重写真も多数掲載。","建築","","228","A5"
"486152606X","9784861526060","東京の家","ジェレミー・ステラ 著,河西香奈 訳,デイビッド・B・スチュワート 訳","青幻舎","2017-04","8年","3850","","","","","","","","","隈研吾、坂茂、妹島和世などの設計による、東京の現代建築の個人住宅をフランス人写真家が独自の視点で写しだす新しい建築写真集。","建築","","","B5"
"4861528232","9784861528231","装飾をひもとく","五十嵐太郎 著,菅野裕子 著","青幻舎","2021-01-28","5年","2530","","","","","","","","","江戸時代より経済・文化の中心として栄えた日本橋の近現代建築をディテールから徹底図解。日本橋の風景を「装飾」から再発見する一書。","建築","","167","B5変"
"4861528607","9784861528606","建築家・坂倉準三「輝く都市」をめざして","松隈洋 著","青幻舎","2021-12-06","4年","2750","","","","","","","","","新宿西口広場ができるまで。「坂倉準三」の都市デザインに迫る!
これまで見たことのない坂倉準三の百貨店建築の数々をオールカラーで紹介!!

モダニズム建築の巨匠ル・コルビュジエに師事した建築家・坂倉準三。彼の活動を通して、戦後復興の建築・都市の歴史と、髙島屋をはじめとする百貨店建築を通して試みた、建築が人流を都市へと誘導する都市インフラデザインについて紹介する。これまであまり知られてこなかった彼の百貨店建築が、都市デザインへの足がかりとなり、東急渋谷ターミナルや新宿西口広場などの代表作へつながる坂倉のデザインの礎になったことを明らかにする。

◉ 貴重な図面・写真・資料を100点以上収録!!
◉ 掲載事例:パリ万博日本館、髙島屋和歌山支店、髙島屋大阪店(ニューブロードフロア)、南海会館、東急会館、新宿西口広場ル・コルビュジエに師事した建築家・坂倉準三の都市デザインに迫る。「髙島屋資料館TOKYO」建築展の全記録はじめに

序章　坂倉準三と髙島屋の出会いと戦前の仕事
　0–1　パリ万国博覧会日本館
　0–2　「 選擇・傳統・創造」展
　0-3　レオナルド・ダ・ヴィンチ展

第Ⅰ章　髙島屋和歌山支店
　Ⅰ-1　髙島屋和歌山支店
　interview1　坂倉準三建築研究所の建築と髙島屋について振り返る　藤木忠善
　Ⅰ–2　坂倉と髙島屋の協働　1940–1957

第Ⅱ章　髙島屋大阪店
　Ⅱ–1　髙島屋大阪難波新館改増築・ニューブロードフロア
　Ⅱ–2　南海会館

第Ⅲ章　建築から都市デザインへ
　Ⅲ–1　渋谷東急会館
　Interview2　変貌する都市を記録する　山田脩二
　Ⅲ–2　新宿西口広場・地下駐車場
　再掲論考　追想̶新宿駅西口広場̶　吉村篤一
　interview3　建築家・東 孝光が描いた、新宿西口広場と塔の家　東 利恵","建築","jpn","152","A5変"
"4861528712","9784861528712","白井晟一入門","渋谷区立松濤美術館 編著","青幻舎","2021-11-04","4年","2970","","","","","","","","","今こそ、私たちは白井建築を体感しよう。
全建築・約80件に迫る！

白井晟一(1905～1983)は京都で生まれ、京都高等工芸学校(現京都工芸繊維大学)図案科卒業後、ドイツで哲学を学ぶなど異色の経歴をもつ建築家。日本での建築のありかたを問い続け、丹下健三も加わった「伝統論争」などの論客として知られる白井は、そのユニークなスタイルから孤高の建築家、哲学の建築家などとも評される。

一方で、自著を含め多くの装丁デザインを手がけており、そのなかには「中公新書」の書籍装丁など現在まで使用されているものもある。書家としても知られ、多彩な活動で建築の枠組みを超え、独自の美学を形成した。本書は、初期から晩年までの白井建築や活動の全体像にふれる、いわば白井晟一の入門書である。

■巻頭論考
「白井晟一と二つの塔　懐霄館とノアビル」（白井昱磨）
「美術館とはいかなる建物だったのか（鯨に呑み込まれたヨナのように考えてみる）」（岡崎乾二郎）
＊白井晟一研究を展開する羽藤広輔（信州大学工学部建築学科 准教授）の論考、その他各地学芸員による論考を多数掲載。

■掲載作品
河村邸(旧近藤浩一路邸)、嶋中山荘(夕陽の家)、渡辺博士邸(試作小住宅)、歓帰荘、秋ノ宮村役場、煥乎堂、松井田町役場、親和銀行本店、親和銀行東京支店、懐霄館(親和銀行電算事務センター)、滴々居、虚白庵、サンタ・キアラ館、ノアビル、石水館(静岡市立芹沢銈介美術館)、渋谷区立松濤美術館、ほか

【展覧会情報】
渋谷区立松濤美術館 開館40周年記念「白井晟一 入門」
第1部／白井晟一クロニクル：2021年10月23日(土)～12月12日(日)
第2部／Back to 1981 建物公開：2022年1月4日(火)～1月30日(日)個別の人間に内省をうながす建築を目指した白井晟一。哲学的イメージで語られる建築と人物像に、新しい視点と豊富な資料で迫る入門書序章：建築家となるまで
第1章：戦前期 渡欧をへて独学で建築家へ
第2章：1950～60年代 人々のただなかで空間をつくる
第3章：1960～70年代 人の在る空間の深化
終章：1970～80年代 永続する空間をもとめて
アンビルトの未来建築計画","建築","jpn","244","B5"
"4861528941","9784861528941","イラストで読む建築日本の水族館五十三次","宮沢洋 編著,Office Bunga 編著","青幻舎","2022-07-25","3年","2530","","","","","","","","","“建築”を知れば水族館が2倍楽しい!!
大人から子どもまで楽しめ、旅にお供する、新しいタイプの建築入門書、シリーズ第1弾創刊

日本は、世界の五分の一の100館近い水族館を有する知る人ぞ知る「水族館大国」であり、技術面からも「水族館先進国」といえます。そして、大量の水を保持し生物の生命を預かるという特殊な施設である水族館は、技術の進歩や関係者の努力と工夫とともに進化を続ける、「生きた建築空間」でもあります。

これまで水族館は、建築家の晴れ舞台といえる美術館・博物館・図書館などに比べて、建築的視点で語られることは多くありませんでした。本書は、水族館が、大人から子どもまで幅広い世代が建築を体感し楽しむことができる、貴重な存在として注目し、最先端技術やさまざまな工夫までイラストとテキストでわかりやすく解説し、建築的魅力を伝えるものです。


《本書の内容》
★全国から厳選した53館を「東京・千葉・神奈川エリア」「西へ南へ（静岡～沖縄）」「東へ北へ（茨城～北海道）」の3エリアで「一筆書き」のコースを設定。
〇プロに聞く、水族館の仕組みと工夫
〇ガラスの普及とともに進んだ水族館の歴史170年
〇イラストで見どころを解説、厳選水族館53館
〇お魚情報は「お魚POINT」でチェック
〇設計者別索引
〇スタンプ集印帳　ほか

［イラスト解剖］プロに聞きました！ 水族館の仕組みと工夫20
Q1. 日本にはなぜ水族館が多いの？
Q2. 水族館はどこでもつくれるの？
Q3. 水槽の海水は塩を入れてつくるの？
Q4. 水族館にはなぜ「ろ過装置」が必要？
Q5.「 ろ過」ってどういう仕組みなの？
Q6. 水族館の建設費って高いの？
Q7. 継ぎ目のない水槽はどうつくる？
Q8. 曲面の水槽はどうつくるの？
Q9. 大水槽はつくるのが大変？
Q10. 大きな魚はどこから水槽に入れるの？
Q11. 小さな魚はサメに食べられないの？
Q12 . 水槽に自然光を入れるのは難しい？
Q13. 大水槽の汚れはどう掃除する？
Q14. 展示する生物はどう決める？
Q15. 設計は何から？
Q16. 形の発想は？
Q17. 水族館の省エネは進化している？
Q18. 水族館は普通の建物より短寿命？
Q19. 水族館ってもうかるんですか？
Q20.「 いつかつくりたい水族館」を教えて！“建築”を知れば水族館が2倍楽しい!! 大人から子どもまで楽しめ、旅にお供する、新しいタイプの建築入門書、シリーズ第1弾創刊日本の水族館 五十三次MAP
はじめに
予習1　［イラスト解剖］プロに聞きました！ 水族館の仕組みと工夫20
予習2　［歴史をひもとく］水槽ブームから建築家の時代へ　「建築×水族館」の170年
Part 1. 東京・千葉・神奈川
Part 2. 西へ、南へ
Part 3. 東へ、北へ","建築","jpn","208","A5"
"4861827124","9784861827129","ヒトラーの家","原著:Stratigakos,Despina,著:ストラティガコス,デスピナ,翻訳:京子, 北村","作品社","2018-09-25","7年","5060","","","","","2934","1","","","3つの家に隠された真実
総統（フューラー）は自らの私的空間さえも宣伝（プロパガンダ）の武器にした――。

第三帝国時代の膨大な史料をひもとき、邸宅の設計図から、インテリアや家具などの詳細、知られざる重要人物、当時の内外の報道に至るまで詳述。
ナチズムの恐るべき実態に新たな角度から迫る。
［図版多数収録］


「第三帝国時代にあれほど多くの注目を集めていたにもかかわらず、ヒトラーの家庭空間はこの時代の政治史および建築史にはめったに登場しない。ヒトラーの住居で行なわれた数々の外交会議についての記事を書いた人々は、その背景となる空間にはほとんど言及しなかった。ヒトラーが自分の家を、すぐれた指導者かつ教養ある人間としての自らのアイデンティティを演出する舞台セットとして、積極的に利用していたにもかかわらずだ。
〔……〕結局のところ、総統の家やそれを作り出した人々がこれまであまり注目を浴びてこなかったいちばんの理由は、学者たちが第三帝国のプロパガンダをあまりに当然のものとして受け入れてきたからなのかもしれない。そのプロパガンダとは要するに、ヒトラーの家庭空間は、政治やイデオロギーの世界の外にあるというものだ。筆者はしかしこれとは逆に、ヒトラーの家庭はきわめてイデオロギー的な空間であり、ナチ体制が生み出したヒトラーに関するプロパガンダのなかでも、とくに大きな成功を収めたものの中心に、明確に据えられていると考えている」（本書「序文」より）序文　家が持つパワー
第I部
第1章　ヒトラー、家を構える――一九二八年、独身生活に訪れた転換期
第2章　首相の暮らし――古い邸宅、新しい体制
第3章　洗練されたインテリア―一九三五年、プリンツレゲンテン広場のアパートの改装
第4章　ヴァッヘンフェルト・ハウスからベルクホーフへ――帝国を代表する家庭
第5章　ゲルディ・トロースト――ヒトラーが選んだもうひとりの建築家
第II部
第6章　選挙政治と「私人ヒトラー」の発明
第7章　アルプスの誘惑――プロパガンダと「山の男」
第8章　ベルヒテスガーデンの名士――外国報道における神話の形成
第9章　戦争と英語圏メディアにおける私人ヒトラーの扱いの変化
第10章　地下室の秘密――爆撃、略奪、ヒトラーの家庭生活の再解釈
第11章　「アドルフはもうここには住んでいない」――騒動が絶えないヒトラーの家のその後
謝辞／訳者あとがき
図版クレジット／参考文献／原註／索引","外国歴史","jpn","496","A5"
"4863241186","9784863241183","関係人口をつくる","田中輝美 著,シーズ総合政策研究所 企画","木楽舎","2017-10-24","8年","1540","","","","","","","","","&quot;【地域を元気にする「第3の人口」！”過疎最先端地域”島根から学ぶ、地域との関わり方】

人口減少時代を迎えた日本。いま地方都市では、過疎化や少子高齢化が進み、全国の地方自治体が移住・定住に力を入れている。でもよく考えてみると、どこかの定住人口が増えれば、結局どこかが減ることになるのではないか?

実は、人口が減ることなく“増えるばかり&quot;&quot;で、地域を元気にできる「第三の人口」がある。それは、住んでいなくても継続的に特定の地域に関わる人を指す「関係人口」だ。この関係人口の存在が日本の地方をおもしろくし、社会をよくしていくヒントになるのではないだろうか?例えば、ひと月のうち一週間をどこかの地域で過ごして自分の商いをはじめたり、東京で地域のおいしいものを食べる会を開いたり、東京でとある地域の情報のみをラジオで発信したり……。

一例として、本著で共通しているのは、東京にいながら島根のソーシャルな事例を学び、島根との関わり方を考える講座「しまコトアカデミー」の受講生だったということ。本書には、同講座がどのように関係人口を増やしていったのかが描かれている。そして、そのことが結果的に島根への移住者を増やし、島根を元気にすることにつながっているということもだ。

これからの地方、そして日本の未来をよりよくしていくかもしれない「関係人口」という考え方。“過疎最先端&quot;&quot;の島根を舞台にした、最先端の地域との関わり方、学んでみませんか。&quot;地域を元気にする「第3の人口」！”過疎最先端地域”島根から学ぶ、地域との関わり方はじめに

　ふるさと島根が恥ずかしい……！

　「住んでなきゃダメなのかよ」

　新しい潮流が起きていた

　関係人口との出会い

　この本の読み方ガイド



第1章　いまなぜ関係人口なのか

　人口減少時代、不毛な奪い合い？

　地方は消滅するのか

　「地域おこし協力隊」は全国で4000人

　自称「ふるさと難民」たち

　「関わり」がほしい

　地域の役に立ちたい

　潮流は生かせているのか～移住・定住

　潮流は生かせているのか～交流・観光

　目指せ、第三の道

　

第2章　関係人口ってなんだろう？

　定住と交流の間を狙え

　どの地域も関係人口は増やせる

　新しい軸はインパクト？

　必要なのは「関係案内所」



第3章　関係案内所しまコトアカデミー

　関係人口の実例10連発

　3人のキーパーソン

　学ぶ、体験する、自分ごとの3ステップ

　移住しなくて、いいんです



第4章　メイン講師 指出一正さん―ソトコト編集長が関わるワケ

　日本一のオタクが地域に出会う

　みんな日本の地方に興味がある

　ロハスからソーシャルへ

　「渡りに船」……ではなかった

　時代の空気を伝える

　戦略的“ゆるさ”

　定員15人 少人数制の意味

　編集という新しいキーワード　



第5章　企画運営 藤原啓さん―地元シンクタンクの“賭け”

　名物編集者・小黒一三さんとの縁

　「絶対にこの人がいい」

　悩んだ受講料の設定

　地域×自分を考える

　集客に苦戦

　「あなたがいる」

　いわゆる“地域活性化”への違和感

　チャレンジの場としての地域

　結果としての移住



第6章　メンター 三浦大紀さん―人をつなげる魔法

　出身ではないけど力になりたい

　人を動かすのは人である

　インターンコーディネートに必要な3つの力

　面白いことは掛け合わせでできる

　懇親会にフル参加

　しまコトファミリーの頼れるお父さん&lt;b","政治(国防・軍事含む)","jpn","255","B6"
"4864631506","9784864631501","ローマに","板屋緑 著","武蔵野美術大学出版局","2022-06-01","3年","2860","","","","","","","","","コロッセオやパンテオンは脇役で、

ミケランジェロやベルニーニも通行人でしかない!?

観光ツアーでは体験できない、ひと味違うローマ逍遥



古代ローマ人が生み出した堅牢な《ローマン・コンクリート》による建造物の遺構を基礎に、様々な時代の要素を重ね、繫ぎ合わせるようにして更新、発展を続ける都市ローマ。無数に走る小路を巡り、そこかしこに遺されたローマの人々の2000年以上にわたる幸せを探求する行為の跡をたどりながら、特有の空間の仕組み《十文字交差軸性》を手がかりに、新たな視点でローマの奇跡を読み解いていく。著者による写真、スケッチを多数掲載。



【目次】

はじめに

I.陶片の山から

II.小路を行く

III.白い柱に寄り添って

IV.弟分の丘から身を乗り出して

V.水道橋を追いかけて

VI.塔が建っている

VII.古代の輪郭を指でなぞって

VIII.幾つもの中心に佇んで

クアットロ・フォンターネの辻で、おわりに古代の遺構を中心に様々な時代の建造物をたどりながら、ローマの奇跡を読み解く。観光ツアーでは体験できないひと味違うローマ逍遥。はじめに

I.陶片の山から

II.小路を行く

III.白い柱に寄り添って

IV.弟分の丘から身を乗り出して

V.水道橋を追いかけて

VI.塔が建っている

VII.古代の輪郭を指でなぞって

VIII.幾つもの中心に佇んで

クアットロ・フォンターネの辻で、おわりに","建築","jpn","192","B5変"
"4864800073","9784864800075","食と建築土木","著:後藤 治,監修:後藤 治,イラスト:坂本 千明,その他:松野 勉,その他:藤森 照信,その他:河北 幸高,その他:大江 正章,写真:小野 吉彦,著:二村 悟,その他:島村 菜津","LIXIL出版","2013-11","12年","2530","","","","","1428","1","1077","1","地域の特産と呼ばれるような「食」の世界と結びついている、農山漁村部で見られる不思議な構造物たちを紹介。不思議の謎解きを通し、地域の「食」のもうひとつの味わいを楽しむ１冊。","建築","jpn","207","A5"
"486480012X","9784864800129","takram design engineering／デザイン・イノベーションの振り子 (現代建築家コンセプト・シリ－ズ)","田川欣哉 著,渡邉康太郎 著,緒方壽人 著","LIXIL出版","2014-09","11年","1980","","","","","3684","1","","","多くの企業とともに多彩なプロジェクトを進めるｔａｋｒａｍ  ｄｅｓｉｇｎ  ｅｎｇｉｎｅｅｒｉｎｇ。本書では、彼らの思考方法やコンセプトとともに、それらが結晶化した作品を紹介する。","建築","jpn","154","A5"
"4864800170","9784864800174","シェアの思想／または愛と制度と空間の関係","著:編集協力   門脇 耕三,著:國分功一郎,著:青井哲人,著:吉村靖孝,著:猪熊純,著:中川エリカ,著:仲俊治,著:西田亮介,著:橋本健史,著:古澤大輔,著:連勇太朗,著:pha,著:能作文徳,著:西沢大良,編集:門脇 耕三,著:千葉雅也","LIXIL出版","2015-07","10年","2860","","","","","1149","1","","","２１世紀のマーケット・トレンド「シェア」。本書では、近代社会制度、政治、経済、哲学、建築などの文脈を読み取りながら、社会史・思想史的な展開のなかに位置づけ直し、「シェア」の実像と可能性を考えていく。","建築","jpn","359","B6"
"486480026X","9784864800266","ユートピアへのシークエンス","鈴木了二 著","LIXIL出版","2017-02-15","8年","3630","","","","","","","","","近代建築の傑作とはなにか。建築家・鈴木了二が語るベスト・セレクション、１１作品。近代建築・デザイン成立のダイナミックなプロセスとそれぞれの作家のありようが生き生きと語られる。","建築","","","B6"
"4864800278","9784864800273","建築のポートレート","香山壽夫 写真・文,長島明夫 編","LIXIL出版","2017-02-28","8年","2420","","","","","","","","","碩学の建築家・香山壽夫による写真と文で、建築のエッセンスを鮮やかに捉える写文集。著者が撮影してきた無数の写真から、３６点を厳選。それぞれの写真にあらためて向きあい、文章を書き下ろした。","建築","","","B5"
"4864800308","9784864800303","403architecture［dajiba］／建築で思考し、都市でつくる (現代建築家コンセプト・シリーズ)","403architecture［dajiba］ 著","LIXIL出版","2017-09-13","8年","1980","","","","","","","","","","建築","","160","A5"
"4864800332","9784864800334","みんなの家、その先へ","伊東豊雄 編","LIXIL出版","2018-01-15","8年","2750","","","","","","","","","東日本大震災をきっかけに始まったプロジェクト「みんなの家」。伊東豊雄、山本理顕など建築家有志によって始まった本プロジェクトは、2016年の熊本地震でも大きな成果を残した。これからの「みんなの家」を考える提言書として貴重な役割を担う1冊。","建築","","150","B5変"
"4864800340","9784864800341","中山英之｜1／1000000000 (現代建築家コンセプト・シリーズ)","中山英之 著","LIXIL出版","2018-03-17","7年","1980","","","","","","","","","作品を通して建物の建つ「土地」やあたりまえの「生活」に対する人々の認識を超えて、これまでの世界をつくりかえる新たな空間を提示する中山英之。代表作をイラスト・写真で辿りながら、建築と世界の諸要素をつなぐ壮大な物語を紡ぐ。日英バイリンガル。","建築","","159","A5"
"4864800421","9784864800426","仲俊治／2つの循環 (現代建築家・コンセプトシリーズ)","仲俊治 著","LIXIL出版","2019-06-28","6年","1980","","","","","","","","","建築家・山本理顕の思想を継ぐ、社会派・環境派の建築家の提言。人気のコンセプトシリーズ第26弾。","建築","","159","A5"
"486480043X","9784864800433","建築のあたらしい大きさ 新版","石上純也 著","LIXIL出版","2019-10-11","6年","2200","","","2290","1","","","","","絶版のまま長らく復刊を待望されていた、石上純也の豊田市美術館個展カタログ『建築のあたらしい大きさ』新装版。極小から極大へ、視点をめくるめく変化させながら未来の建築の可能性を示唆したする一冊。","建築","","227","46"
"4864800529","9784864800525","能作文徳／野生のエディフィス (現代建築家コンセプト・シリーズ)","能作文徳 著","LIXIL出版","2021-02-08","5年","1980","","","","","","","","","","建築","","","A5"
"4864803099","9784864803090","乾久美子そっと建築をおいてみると 第2版 (現代建築家コンセプト・シリ－ズ)","乾久美子 著,藤村龍至 著,西沢立衛 著","LIXIL出版","2015-08","10年","1980","","","3797","6","","","2759","2","建築家・乾久美子のプロジェクトを、ヴィジュアルとテキストによって紹介したコンセプト・ブック。プロジェクトのヴィジュアルとともに、彼女がこれまで抱いてきた関心や動機が総括的に語られた１冊。","建築","jpn","159","A5"
"4864803110","9784864803113","平田晃久／建築とは〈からまりしろ〉をつくることである (現代建築家コンセプト・シリーズ)","平田晃久 著","LIXIL出版","2017-10-10","8年","1980","","","","","","","","","","建築","","159","A5"
"4864809038","9784864809030","建築の皮膚と体温","","LIXIL出版","2013-11","12年","1650","","","","","","","","","“イタリアモダンデザインの父”ジオ・ポンティ。建築に「軽やかさ」「薄さ」を求め、その皮膚に「動き」をもたらした彼の表現とは…。ＩＮＡＸライブミュージアムの展覧会と併せて刊行された書。","建築","jpn","63","B5"
"4865281754","9784865281750","冒険する建築","伊東豊雄 著","左右社","2017-06-20","8年","2750","","","","","","","","","","建築","","117","B6"
"4865282505","9784865282504","住まいが都市をつくる","小沢明 著","左右社","2019-09-30","6年","2750","","","1205","1","","","","","","建築","","263","B6"
"486528284X","9784865282849","新・住宅論 (放送大学叢書)","難波和彦 著","左右社","2020-07-31","5年","2750","","","","","","","","","","建築","","395","B6"
"4865282874","9784865282870","遊環構造デザイン (放送大学叢書)","仙田満 著","左右社","2021-01-15","5年","2750","","","","","","","","","","建築","","357","B6"
"4865282947","9784865282948","評伝フィリップ・ジョンソン","マーク・ラムスター 著,松井健太 訳,横手義洋 監修","左右社","2020-10-30","5年","6930","","","","","","","","","","建築","","566","A5"
"4870711915","9784870711914","対訳日本人のすまい","著:平井 聖,原著:Jelinek,Martie,翻訳:真次郎, 桐敷,翻訳:イエリネク,マーティ","市ケ谷出版社","1998-09-22","27年","2420","","","","","885","1","","","","建築","jpn","139","B5"
"4871406903","9784871406901","建築への旅建築からの旅","","エーディーエー・エディタ・トーキョー","2017-05-27","8年","2750","","","","","2552","2","","","","建築","","295","B5"
"4872597265","9784872597264","立原道造 風景の建築","岡本紀子 著","大阪大学出版会","2021-04-25","4年","3960","","","","","","","","","詩人建築家である立原道造の創作活動を、詩と建築設計の双方から浮かび上がらせる。卒業設計としての浅間山麓の芸術家村構想、浦和の別所沼を立地とした週末住居《ヒアシンスハウス》のスケッチや図面の変容過程を分析し、それらに内在する詩的世界を考察。１９３０年代の潮流としてのモダニズム建築とその設計思考を受容しながら、土地の来歴や人間の生の営みにも意識を向けてきた立原の建築的思索を探究する。

モダニズム建築の豊穣な可能性

詩人は謳う、言の葉が織りなす幻想の空間を。建築家は造形する、ゲニウス・ロキ（地霊）との豊かな対話の律動を──
風を愛した夭折の詩人建築家・立原道造は、その清冽な短い生涯のなかで、まさに時空を自在に舞う一陣の涼風のごとく、詩文に、絵画に、そして空間造形に、己の建築幻想のありったけを結晶化した。その透徹した魂にとって、廃墟の孤影は再生への希望でもあり、アンビルトを運命づけられた図匠は、未来の生活の記憶でもありえた。立原の初期の創作から、大学以降の詩作と設計活動にいたるまで、その芸術的感性と生の刹那的な共振を、緻密な考証と大胆な仮説によって鮮やかに描き切った、分野横断的な好著。

……桑木野幸司（大阪大学大学院文学研究科教授）　　帯文より立原道造の創作をスケッチや設計図を中心に分析し、それらに内在する詩的世界を捉え、詩と建築設計の双方から読み解く。序　風になった青年 ―立原道造の身体感覚　　

第一章　詩人の原風景
　　　１　鉛筆画のなかの日本橋　　
　　　２　夕暮れの町、少年の眼差し　　
　　　３　橘町近辺を描いたパステル画　

第二章　建築への志向
　　　１　ソネットにみる音楽性と構築性
　　　２　モダニズム建築の潮流　　　　　　　　　　　　　　　　　　　　　　　　　　　　　　　　
　　　３　同時代の建築家の日本的意匠への関心
　　　４　建築家としての資質　　　　　
　　　５　課題設計「図書館」にみる公共建築への視座　　　　

第三章　生成する建築イメージ ―『方法論』
　　　１　テクスト＝もうひとつの建築のすがた
　　　２　『方法論』における視覚イメージと建築体験　
　　　３　現代の建築のイデア ―人間に根づけられたる建築

第四章　信濃追分での詩作と、浅間山麓の別荘建築群
　　　１　十四行詩「はじめてのものに」の世界
　　　２　軽井沢と北軽井沢の別荘地 ―洋風の山荘建築と新しい共同体　　　　　　　　
　　　３　芸術家村構想の芽生え　

第五章　芸術家コロニイの構想と設計
　　　１　ヴォルプスヴェーデとダルムシュタットの芸術家村
　　　２　芸術家コロニイの全体計画
　　　３　住居建築としてのロッジとコテッジ ―小住宅Ｃ型を中心に　　
　　　４　三つの文化施設 ―音楽堂、図書館、象徴としての白い美術館

第六章　ヒアシンスハウスの世界
　　　１　詩のなかの建築 ―「石柱の歌」「晩秋」
　　　２　ヒアシンスハウス誕生の経緯　　　　　　
　　　３　四枚の図面から読み解くヒアシンスハウス　
　　　４　詩と設計図の交錯 ―「午後に」の深淵

結　遠景としてのヒアシンスハウス

　　　あとがき
　　　参考文献
　　　図版出典一覧","建築","jpn","320","A5"
"4872750888","9784872750881","10＋1（ten plus one） no．17 特集：バウハウス1919－1999","","LIXIL出版","1999-06","26年","1650","","","","","","","","","","社会","jpn","219","B5"
"4872751019","9784872751017","10＋1（ten plus one） no．23 特集：建築写真","著:山田脩二,著:大橋富夫,著:仲佐猛,著:宮本隆司,著:ホンマタカシ,著:磯達雄,著:阿野太一,著:新良太,著:倉石信乃,著:大島哲蔵,著:五十嵐太郎,著:清水重敦,著:飯沢耕太郎,著:トーマス・ダニエル,著:ロルフ・ザクセ,著:デボラ・ファウシュ,編集:メディア・デザイン研究所","LIXIL出版","2001-03","24年","1650","","","","","","","","","現在までの「建築写真というスタイル」の系譜を探るとともに、最近の建築作品の理念や新しい都市風景を可視化する写真家を紹介する。","社会","jpn","217","B5"
"4872751507","9784872751505","ちいさな図版のまとまりから建築について考えたこと (現代建築家コンセプト・シリ－ズ)","石上純也 著","LIXIL出版","2008-09","17年","1980","","","","","","","","","著者らのプロジェクトを、図面、写真など小さな図版と文字のかたまりに細分し、それらが等価にも見える関係性を紙面の上で探し、そこから浮上するあいまいな全体像を形づくることで、新しい建築の可能性を探る。","建築","jpn","159","A5"
"4872751701","9784872751703","設計の設計","著:柄沢 祐輔,著:田中 浩也,著:藤村 龍至,著:ドミニク・チェン,著:松川 昌平,編集:メディア・デザイン研究所","LIXIL出版","2011-09","14年","2420","","","","","","","","","","建築","jpn","316","B6"
"4875025009","9784875025009","近未来モビリティとまちづくり (NSRI選書)","安藤章 著","工作舎","2019-08-26","6年","1540","","","729","2","","","","","変わる！ みちとまち
より安全で安心なモビリティサービスが渇望される現在、
電気自動車（EV）市場が成長し、自動運転車開発への期待が高まり、
CASE革命は確実に進む。そんな時代の潮流を捉え、
「移動＝生きる＝交通」が人間生活にとっての本質と見すえ、
「モビリティ（移動）」を楽しめる、幸福なまちづくりが追求・実現されている。
AIやICTなど、最先端技術を駆使しながらの都市空間の分析から
環境に、次世代に負担をかけない近未来モビリティ・デザインの可能性を探る
日建設計総合研究所の取り組みと、研究開発最前線からの提言。幸福なまちづくりを実現させるための交通システムとは。日建設計総合研究所が、モビリティ（移動）・デザインの可能性を提言する。［刊行に寄せて］CASE革命を社会的観点から見る　森川高行
第1章　モビリティとは何か
第2章　モビリティ観のパラダイムシフト
第3章　モビリティの新しい潮流
第4章　未来をひらくモビリティ研究
第5章　モビリティ社会再構築への提言
第6章　公共心を育むモビリティマネジメント交通システム;日建設計;都市計画;モビリティ;CASE;MaaS;電気自動車;自動運転車","建築","jpn","245","B6"
"4875025335","9784875025337","変わり続ける！シブヤ系まちづくり","渋谷未来デザイン 編・著","工作舎","2021-11-24","4年","2200","","","150","1","","","","","渋谷ヒカリエ、渋谷スクランブルスクエア、MIYASHITA PARK…100年に一度のダイナミックな変貌の途上にある渋谷。まちづくりのエキスパートたちの、立場を越えた対話の向こうに、未来の街のあるべき姿が見えてくる。オールカラー。ビジュアル多数。100年に一度のダイナミックな変貌の途上にある渋谷。まちづくりのエキスパート達の対話の向こうに未来の街のあるべき姿が見える。はじめに
SHIBUYA CHRONICLE 
プロローグ 
第1章  渋谷とデザイン
〈TALK-01〉　アーバンコアでつなぐ「人の動き」と「街の多様性」
〈TALK-02〉　渋谷スクランブルスクエアから考える“街を面白くする”再開発
第2章  渋谷とコミュニティ
〈TALK-03〉　渋谷駅周辺の“まちづくり“のこれまで、そしてこれから
〈TALK-04〉　地域と再開発が、深く連携したまちづくり
〈COLUMN-01〉地域やコミュニティと開発が有機的につながる…渋谷駅南西側のまちづくり
第3章  渋谷とパブリックスペース
〈TALK-05〉開発から生まれた新しい居場所、渋谷川再生と渋谷リバーストリート
〈TALK-06〉２つの“公園”から見えてくる、パブリックスペースと商業の新しい関係
〈COLUMN-02〉地域連携と収益性の両立する新しい公園モデルを目指して…渋谷区立北谷公園
第4章  渋谷とマネジメント
〈TALK-07〉９つの事業者が組んだ“チーム渋谷”による工事調整と広報活動
〈TALK-08〉エリアマネジメントが描く、新しい渋谷のつくり方
第5章  渋谷と未来
〈TALK-09〉渋谷を、多様性あふれる世界最前線の実験都市に
〈SPECIAL TALK〉　長谷部健 区長に聞く変わり続ける渋谷と未来とまちづくり
あとがき
プロジェクト データ
写真クレジット・図版出典
参考文献","建築","jpn","224","A5"
"4875025394","9784875025399","公園が主役のまちづくり","小川貴裕 著・監修","工作舎","2022-03-22","3年","2200","","","","","","","","","公共空間の利活用と官民連携の新たな参考書。
日常生活の新しいスタイルが模索される現在、公共空間＝「パブリックスペース」の重要性が再認識されている。官民連携事業による、都市公園を中心とした活気のある住み心地の良いまちづくりの方法を、大阪・吹田市の緑豊かな千里南公園や東京・池袋のイケ・サンパークなどの実例をもとに、わかりやすく解説。また、環境エネルギー、ウォーカブル、エリアマネジメントとの相乗効果や公共空間の運営ノウハウ、ランドスケープ視点による公共空間デザインなど、公共空間利活用のための幅広い取り組みを紹介する。官民連携事業による、都市公園を中心とした住み心地の良いまちづくりの方法を、実例をもとにわかりやすく解説する。PartⅠ . パブリックスペースとは何か
［1］なぜパブリックスペースが注目されるのか
［2］都市公園における官民連携事業の取組み
Part Ⅱ. NSRI式、確実に事業化実現する手順
［1］綿密な準備こそ事業化実現の近道
［2］事業化実現のステップ
［3］事業発案段階の検討のポイント
［4］事業化検討段階の検討のポイント
［5］民間事業者選定段階の検討のポイント
Part Ⅲ. 都市公園の更なる活性化に向けた提案
［1］さまざまな資金調達方法や事業推進方法
［2］持続的な維持管理運営の仕組み
［3］異業種との連携によるサービスの提供
Part Ⅳ. まち全体の価値向上に向けて
［1］NSRIが取り組む公共空間コンサルティング
［2］日建グループが取り組む公共空間のつくり方・活かし方","建築","jpn","145","A5"
"4875025459","9784875025450","桂離宮のブルーノ・タウト","長谷川章 著","工作舎","2022-08-24","3年","3960","","","","","","","","","亡命先の日本で桂離宮と運命的な出会いを果たし、その美しさを世界に伝えた建築家、ブルーノ・タウト。『画帖 桂離宮』  はタウトが毛筆で一気に描き上げた、二十六葉の桂離宮論＝建築空間論である。ドイツ語で書かれた原文を丹念に読み解き、タウトが見出した 「関係性の芸術」 とその精神に迫る。ブルーノ・タウト『画帖 桂離宮』を読み解き、日本庭園とドイツ表現主義との邂逅により生まれた新しい芸術観とその精神に迫る。まえがき　『画帖桂離宮』とは何か

第1章◉桂離宮—『画帖桂離宮』の誕生
第1節　桂離宮のブルーノ・タウト

第2章◉ 御庭—『画帖桂離宮』の前半の構成と主題
第2節　表紙 
第3節　思惟するのは視覚である
第4節　御殿へのアプローチ
第5節　御庭の松琴亭へ
第6節　松琴亭から賞花亭へ
第7節　新御殿の御庭と伊勢
第8節　御庭から導き出された結論

第3章◉御殿—『画帖桂離宮』の後半の構成と主題
第9節　御殿の意匠
第10節　空間の軸と動線
第11節　建築家の三つの条件
第12節　芸術の精神への変換
第13節　惜別の辞

あとがき　関係性の美学から中動態の美学へ","建築","jpn","304","A5"
"4880593931","9784880593937","人間の居る場所","三浦展 著","而立書房","2016-04-10","9年","2200","","","1035","1","","","","","近代的な都市計画は、業務地と商業地と住宅地と工場地帯を四つに分けた。しかしこれからの時代に必要なのは、業務と住居と商業と生産の機能が混在し、多様な人々が集まり、有機的に結びつける街づくりではないだろうか。
福井・浜町と東京・吉祥寺で、隈研吾、馬場正尊、倉方俊輔ほか豪華審査員を迎えて３つのコミュニティデザイン大賞を開催した。その経験を踏まえ、『下流社会』『第四の消費』などで出色の時代分析を提示した三浦展が、これからの社会に求められる「横の公共」を提案する。
僕もコミュニティデザインをやってみた……陣内秀信、山本理顕、隈研吾ほか名だたる学者・建築家たちと、これからの社会の形を考える第一部　都市とは何か 
１　都市は自由な人間の居場所～郊外と地方の未来
２　都市計画からはみ出すのが本当の都市である

第二部　都市を人間の場所にする
３　みんなで面白がって街をつくるラテンのスピリットを（陣内秀信×三浦展）
４　物を拾って工夫して使う暮らし（堤幸彦×三浦展）
５　プライバシー偏重の標準世帯幻想を超えた地域社会圏づくり（山本理顕×三浦展）
６　人間の居る場所はつくることができる（伊藤香織×黒﨑輝男×三浦展）

第三部　僕もコミュニティデザインをやってみた　
７　吉祥寺と福井をつなぐ（コメント　倉方俊輔・隈研吾・馬場正尊・開発毅ほか）
８　横丁から都市をかきまわす（手塚一郎）

付論　見田宗介という私のユートピア
初 出
あとがき","建築","jpn","313","B6"
"4887062575","9784887062573","E．G．Asplund","吉村行雄 写真,川島洋一 文","TOTO出版","2005-08-30","20年","4400","","","","","","","","","機能性と装飾性。人間への深い洞察が込められた建築表現。鮮やかな写真がそのベールを外す。２０世紀初頭、スウェーデンで活躍したＥ．Ｇ．アスプルンドの代表作から住宅まで、主要１１作品を写真と図版で紹介。","建築","jpn","270","A4"
"488706263X","9784887062634","日本の現代住宅","ギャラリ－・間 編,石堂威 監修,小巻哲 監修","TOTO出版","2005-12-15","20年","4180","","","","","","","","","ギャラリー・間２０周年記念出版。この２０年、日本の住宅はどうつくられてきたのか。９１組の建築家による１２７の作品を写真・図面・解説で紹介するとともに、その時代時代を映し出す言説を収録。","建築","jpn","497","B5"
"4887063148","9784887063143","建築家の読書術","著:平田晃久,著:藤本壮介,著:中村拓志,著:吉村靖孝,著:中山英之,著:倉方俊輔","TOTO出版","2010-10","15年","1760","","","","","","","","","ＴＯＴＯ出版２０周年を記念して開催された、３０代建築家５人による連続レクチャー＋展覧会「建築家の読書術」の全記録。各自の建築観、あるいは各自が追求している新しい建築の可能性を雄弁に語る。","建築","jpn","319","A5"
"4887063334","9784887063334","中村好文小屋から家へ","中村好文 著,雨宮秀也 写真","TOTO出版","2013-04","12年","2420","","","","","","","","","なにもない。すべてがある…。「住まい」に自然体で向き合ってきた建築家・中村好文が手がけてきた「小屋的」な別荘と住宅１２軒を、彼があこがれ影響をうけてきた「古今東西の７つの小屋」とともに紹介。","建築","jpn","239","A5"
"488706358X","9784887063587","en：アート・オブ・ネクサス","著:山名善之,著:菱川勢一,著:内野正樹,著:篠原雅武","TOTO出版","2016-04-25","9年","1650","","","","","1002","1","","","人・物・地域の関係性、つまりは「縁」を変革することを試みる若手建築家１２組の挑戦。ヴェネチア・ビエンナーレ日本館公式カタログ。人・物・地域の関係性、つまりは「縁」を変革することを試みる若手建築家１２組の挑戦。ヴェネチア・ビエンナーレ日本館公式カタログ。人・物・地域の関係性、つまりは「縁」を変革することを試みる若手建築家１２組の挑戦。ヴェネチア・ビエンナーレ日本館公式カタログ。","建築","","160","B5"
"4887063601","9784887063600","スミルハン・ラディック寓話集","スミルハン・ラディック 著","TOTO出版","2016-07-07","9年","3960","","","","","","","","","チリの建築家スミルハン・ラディック、待望の作品集。「サーペンタイン・ギャラリー・パビリオン」他最新作を含む１８作品を収録。","建築","","311","B5"
"4887063644","9784887063648","堀部安嗣建築を気持ちで考える","堀部安嗣 著","TOTO出版","2017-01-19","9年","2420","","","","","","","","","時代の流行に流されず、自然素材をたくみに取り入れつつ幾何学的な美しさと静謐なたたずまいをもつ空間を生み出してきた建築家・堀部安嗣の書き下ろしエッセイ。建築をつくる上で特に重要となった体験や３５作品の設計プロセス、その時々にどんな気持ちで建築を考えてきたかを紹介。さらに氏ならではの視点で撮影された写真や手描きの水彩図面、そして思考が表れたスタディスケッチなどもふんだんに掲載。作品集とは異なる形で氏の魅力と思考に迫った１冊。建築家・堀部安嗣氏の書き下ろしエッセイ。道標とする建築と実作を通じた試行錯誤の軌跡を紹介。スタディスケッチをふんだんに掲載。","建築","","319","A5"
"4887063660","9784887063662","中村好文 集いの建築、円いの空間","中村好文 著,雨宮秀也 写真","TOTO出版","2017-05-24","8年","2750","","","1623","1","","","1156","1","中村好文作品集、待望の第3弾！ギャラリー、ショップ、カフェ等、人びとが集う作品を収録。巻頭に小説家・松家仁之氏の寄稿文を掲載。","建築","","252","A5"
"488706375X","9784887063754","田根剛アーキオロジーからアーキテクチャーへ","田根剛 著,瀧口範子 著","TOTO出版","2018-10","7年","1100","","","444","2","","","","","エストニア国立博物館、新国立競技場案　古墳スタジアムなど、今、世界から最も注目される日本の若手建築家の独占インタビュー。","建築","","94","B6"
"4887063792","9784887063792","共感・時間・建築 (TOTO建築叢書)","","TOTO出版","2019-04","6年","1650","","","","","","","","","これからの建築が進む先とは。建築をリードする若手建築家の取り組みの背景を検証し、現代の建築家がもつべき時代認識を示す。","建築","","157","B6"
"4887063814","9784887063815","建築のそれからにまつわる5本の映画","中山英之 著","TOTO出版","2019-05","6年","3630","","","","","","","","","建築家の手を離れ、住み手による「建築のそれから」の時間と、中山英之の建築へのこだわりが詰まった映画パンフレットのような作品集。","建築","","167","B5"
"4887063822","9784887063822","アーキテクテン・デ・ヴィルダー・ヴィンク・タユー建築作品集","アーキテクテン・デ・ヴィルダー・ヴィンク・タユー 著","TOTO出版","2019-09-12","6年","3190","","","","","","","","","2018ヴェネチア・ビエンナーレ国際建築展で銀獅子賞を受賞し、世界の注目が集まるベルギー若手建築家ユニットADVVT作品集","建築","jpn","360","B6"
"4887063830","9784887063839","Adaptation","増田信吾 著,大坪克亘 著","TOTO出版","2020-01-21","6年","3300","","","","","","","","","2人組の若手建築家、増田信吾＋大坪克亘初の作品集。本当に設計すべき部分を見極め追求する彼ら独自の設計姿勢が読み取れる一冊。","建築","","175","A4"
"4887063865","9784887063860","ふるまいの連鎖：エレメントの軌跡","門脇耕三 監修","TOTO出版","2020-08-05","5年","1650","","","","","","","","","ヴェネチア・ビエンナーレ国際建築展日本館カタログ。日本の木造住宅をヴェネチアで別の姿につくり直す。それは新旧の材料と創造性が重層したキメラ的な混成物であり、その生成のプロセスそのものである。","建築","","206","B5"
"4887063881","9784887063884","国立代々木競技場と丹下健三 (TOTO建築叢書)","豊川斎赫 著","TOTO出版","2021-03-04","4年","1760","","","","","","","805","1","丹下健三が設計し、世界遺産登録を目指す国立代々木競技場について、社会学から建築史まで、さまざまな視点で縦横に論じた一冊。","建築","","260","46"
"4887063903","9784887063907","大地の建築 アンサンブル・スタジオ","アンサンブル・スタジオ 著,アントン・ガルシア・アブリル 著,デボラ・メサ 著","TOTO出版","2021-06-08","4年","3300","","","","","","","","","スペインとアメリカを拠点に活躍する建築家ユニット。地球規模の視点と自然と響きあうような力強い造形、独自の工法を軸に、建築の可能性を追求する建築家の、日本初の作品集。「大地の建築」をテーマに、リサーチ・設計・建設プロセスを写真、図版、テキストで分かりやすく紹介された1冊。寄稿に、西沢立衛氏、写真にイワン・バーン氏他。スペインとアメリカを拠点に活躍する建築家ユニット。地球規模の視点と自然と響きあうような力強い造形が特徴的。","建築","jpn","202","B5"
"4887063970","9784887063976","SUEP． 10 Stories of Architecture on Earth","末光弘和 著,末光陽子 著","TOTO出版","2022-06-20","3年","3850","","","","","","","","","SUEP.は、2003年の設立以来、「自然との共生」をテーマにした設計活動を行ってきた建築家ユニット。人のためだけでもなく、地球のためだけでもない、両者にとって幸せな建築とはどのようなものなのか。SUEP.が関わってきた10の建築プロジェクトをストーリーに見立て、彼らの思考の軌跡を紹介する。建築作品だけでなく、そこに至るまでのリサーチやスタディの数々が、地球の未来について考える手がかりになる。自然との共生をテーマに活動する建築家ユニットのSUEP.が、10の建築プロジェクトをストーリーに見立て思考の軌跡を紹介する。","建築","jpn","400","A5"
"4894444275","9784894444270","北欧のかわいいデザインたち","pieni kauppa 著","ピエ・ブックス","2005-05","20年","2420","","","","","","","","","スーパーマーケットで売っている日用品、食品、ショップの袋、チラシ、パンフレットなどの紙もの、文房具、街で見つけたストリートグラフィックなど、北欧の日常生活にあふれるかわいいデザインを一挙紹介。","芸術総記","jpn","199","A5"
"4894913089","9784894913080","自分にあわせてまちを変えてみる力","著:饗庭 伸,著:秋田典子,著:内田奈芳美,著:後藤智香子,著:鄭 一止,著:薬袋奈美子","萌文社","2016-03","9年","1870","","","","","","","","","誰にも「自分にあわせてまちを変えてみる力」が備わっていて、「自分にあわせて」「まちを変えてみる」ことが、社会を動かす原動力になる。韓国と台湾の「まちづくり」の現場で発見した様々なことが詰まった１冊。","建築","jpn","154","A4"
"4897375711","9784897375717","前川國男現代との対話","松隈洋 編","六耀社","2006-10","19年","2640","","","3941","1","","","","","「生誕１００年・前川國男建築展」のプレ企画として開催された連続セミナーと、記念シンポジウムの内容を収録。年表や作品データも掲載し、人物像から建築論まで、様々な角度から近代建築の巨人・前川を考察。","建築","jpn","326","A5"
"489815445X","9784898154458","シブいビル","鈴木伸子 著,白川青史 写真","リトル・モア","2016-08-22","9年","1870","","","","","","","","","昭和のビルよ、永遠に――。

1964年東京オリンピック前後、高度経済成長期に建設された、
昭和の香りただようビル。 

建設から半世紀を経て、建築として円熟味の増したシブい味わいが、
たまらなくカッコイイ！

ビルの外観はもちろん、「近未来の宇宙ステーション」を彷彿とさせるエレベーターホール、
手すりのデザインも美しい螺旋階段、堂々とした佇まいの総大理石の壁面、空間を埋めるモザイクタイル壁画、
円みを帯びた窓やアールがかった天井の形状、ビル最上階の回転ラウンジや老舗喫茶店などビル内の施設……
デザインや建材のひとつひとつが時代を映し、美しく輝いている。

2020年東京オリンピックを目前に、急ピッチで再開発の進む都心において、
いま見ておくべき貴重なビルに憩い、ときめき、愉しむための一冊。

--
東京交通会館／有楽町ビル・新有楽町ビル
新橋駅前ビル／ニュー新橋ビル
日本橋髙島屋 増築部分／中野ブロードウェイ
ソニービル／紀伊國屋ビル
ホテルニューオータニ／ロサ会館
サンスクエア／ホテルオークラ東京 別館
パレスサイドビル／三会堂ビル
目黒区総合庁舎／柳屋ビルディング
コマツビル／新東京ビル・国際ビル
……これぞシブいビル！厳選の20棟を徹底ガイド!!
--

・オールカラー128ページに約200点の図版を収録
・巻末には1954年から1973年の東京の風景や暮らしを知る年表も収録
１９６４年東京オリンピック前後に建設された昭和の香りただようビルが、たまらなくカッコイイ。スクラップ＆ビルド激しい東京で、今見ておくべき貴重なビルの、歴史と建築的トピック、愉しみかたを案内。","日本文学・評論・随筆・その他","jpn","127","A5"
"490293017X","9784902930177","旧山邑邸 (World architecture)","谷川正己 〔執筆〕,宮本和義 〔撮影〕,牧尾晴喜 〔訳〕","バナナブックス","2008-04","17年","1650","","","","","","","","","近代建築の巨匠フランク・ロイド・ライトの傑作、山邑邸（兵庫県芦屋市／1918年設計・1924年竣工）。『落水荘』に伍しながらも、あまり広くは知られていないこの住宅をあますことなく紹介する唯一の書。

マンション立替え計画、阪神淡路大震災を生き延びた奇跡の大谷石住宅。



フランク・ロイド・ライト（1867-1959）

1867年、アメリカ・ウィスコンシン州生まれ。1887年、サリヴァンの設計事務所に入所し活躍した後、1893年に独立。「有機的建築」を標榜し、主に住宅建築に多くの傑作を残した20世紀建築の巨匠。代表作は「カウフマン邸（落水荘）」。日本でも多くの仕事を手がけたが、その中でも1923年竣工の帝国ホテルは有名。日本文化に興味があり浮世絵を熱心に蒐集していた。
建築家フランク・ロイド・ライトによって作られた、芦屋の山稜に力強く佇む名住宅「旧山邑邸」は、大谷石を贅沢に使った装飾的な空間を持つ。住宅写真、図面、ディティールなどから、旧山邑邸の魅力を明かす。住宅写真

図面

ディティール

生き続ける大谷石住宅の奇跡

　電車のホームから望める洋館

　少壮住宅作家、ライト

　文化財指定へ

　旧山邑邸の特徴

　ライトが受けた日本建築の影響

　重要文化財、旧山邑邸

　保存意識の困難を克服して
","建築","jpn","63","A5"
"4903908828","9784903908823","これからの建築","光嶋裕介 著","ミシマ社","2016-09-17","9年","1980","","","","","553","1","","","街、ターミナル、橋、ライブ空間、高層建築…。過去と未来をつなぐ、豊かな空間。その手がかりを全力で探る。建築の希望を見つけるべく、様々なテーマで「これからの建築」について考えた文章と、スケッチを収録。","建築","","245","B6"
"4904285603","9784904285602","KJ 2017．10 ツバメアーキテクツ／エーディプラネックス／アーキコンプレックス／アトリエティープラス","","KJ","2017-09-15","8年","1650","","","","","","","","","ツバメアーキテクツ特集－ソーシャル・テクトニクス（社会的構法）の建築－ツバメアーキテクツ 
ツルガソネ保育所 特養通り抜けプロジェクト／牛久のおやこ屋根／荻窪家族プロジェクト／阿蘇草原情報館／蔀戸の家／旬八青果店／高島平の寄合所と居酒屋／小径木広葉樹を活用した家具／マイパブリック屋台／居場所をつくる「まる」と「しかく」／デザインとラボの並走／倉庫リノベーション研究会／新しい家族から学ぶ／

エーディプラネックス 
そらまめ保育園かなでの杜／そらまめ保育園船橋駅前

アーキコンプレックス 
White Tube／5-Axis Arbor／Green Ray／Kutsukake Stay 中軽井沢　

アトリエティープラス 
1 断片・組み合わせ・バランス・陰影／2 外観計画／3 エントランス計画／4 住戸計画／5 INDEX　

 

与条件と未条件 第2回 『建築言語と会計戦略』 高橋寿太郎 
建築の愉楽 第40回 『都市に何が可能か』 榎本弘之 
主要建設資材の市況動向","建築","","84","A4"
"4908406073","9784908406072","FLAT HOUSE LIFE 1＋2","アラタ・クールハンド 著","トゥーヴァージンズ","2017-03-25","8年","3056","","","","","1983","1","","","米軍ハウス、文化住宅、古民家…。古くて新しい平屋くらし。絶版本FLAT HOUSE LIFEシリーズが復刊。","建築","","","B5"
"4908406278","9784908406270","看板建築 (味なたてもの探訪)","萩野正和 監修","トゥーヴァージンズ","2019-05-26","6年","2090","","","","","","","","","","建築","","191","A5"
"4908406936","9784908406935","秀和レジデンス図鑑","谷島香奈子 著,haco 著","トゥーヴァージンズ","2022-02-22","3年","2310","","","","","","","","","街でよく見かける、あの「“南欧風”マンション」の
歴史とディテールを徹底解剖！
高度経済成長期に誕生したマンションシリーズが、
今なお愛され続ける理由がわかる!!

青い瓦屋根、白くモコモコとした塗り壁、アイアン柵のバルコニー、
モザイク画のようなタイル――。
「秀和レジデンス」という名前を知らなくても、
これらの特徴で「あのマンション！」とピンとくる人もいるのではないでしょうか。

秀和レジデンスは、
1964年東京オリンピックの年に竣工されたマンションシリーズです。

その可愛らしい外観から建築ファンに愛されるだけでなく、
一等地に建つ恵まれた立地からヴィンテージマンションとしての人気も高い。

本書は、秀和レジデンスの細部を徹底取材し、
モコモコした白い壁のタイプ別紹介や
タイルのパターン、バルコニーのデザインの違い、
レトロなステンドグラスや照明、個性的な塔屋などを豊富な写真で紹介。
あわせて、住人インタビューと部屋の詳細解説を通して、
外観と住居の両面から魅力に迫る一冊です。

今年（2022年）に取り壊しが始まった
シリーズ第１号「秀和青山レジデンス」の歴史物語ほか、
「南欧風の外観になった理由」「“秀和ブルー”という色が存在した」
「白い壁のつくり方」「秀和創業者 小林茂ストーリー」など読み物ページも充実。
巻末には全国134棟の秀和レジデンス一覧も収録！
※2024年7月より価格改定を行いました。","建築","jpn","192","A5"
"4908465037","9784908465031","喫茶とインテリア WEST","BMC 著,西岡潔 写真","大福書林","2016-10-08","9年","2420","","","1271","3","","","","","居心地のいい喫茶店には、インテリアや建築へのこだわり、そして長い時間をかけて作られた独特の味わいがある。喫茶店の黄金期といわれた高度経済成長期、個人経営の喫茶店は、それぞれの個性を生かし、独特な内装を作り出した。本書は、これまで正面からとりあげられてこなかった、昭和の喫茶店・洋食店のインテリア・建築的魅力について、記録し伝える写真集。BMCの５人が、開店時のインテリアとスピリットを今も保っている喫茶店・洋食店の店主をたずね、歴史と人がつくる味わい、空間としてのよさを考える。大阪府・京都・和歌山・兵庫の老舗店から、知られざる名店まで、33店の物語を紹介。照明・カウンター・パーティション・造作棚・タイル・壁・床・家具・窓・看板の素晴らしさ…純喫茶を建築的視点で楽しむ１冊","写真・工芸","jpn","199","A5"
"4908465096","9784908465093","特薦いいビル国立京都国際会館","BMC 著,西岡潔 写真,田村奈緒 デザイン","大福書林","2019-04-19","6年","2420","","","","","","","","","京都人も知らない、京都のものすごい建築。
&lt;p&gt;
京都・比叡山に抱かれ、宝ケ池とつながる、なんとも不思議な逆台形と台形の複雑な複合体が、高度経済成長期の過剰な情熱によって完成した世紀の大建築であることは、あまり知られていない。
&lt;p&gt;
丹下健三の右腕であった若き建築家・大谷幸夫が、戦後の公開コンペで最優秀作品に選ばれ、2013年に亡くなるまで生涯かかわり続けた、胸はずむ大空間を、『いいビルの写真集 WEST』のBMCが案内する豪華保存版・ビル写真集。西岡潔の美しい写真と、BMCの独特な視点で堪能できる。
&lt;p&gt;
また、全工事費の１％を芸術との協同に充てることを定められた画期的なこの建築は、それ自体がミュージアムと言っても過言ではない。
&lt;p&gt;
そして家具のほとんどを手がけたのは、イサム・ノグチやブルーノ・タウトらとも親交の深かった剣持勇。会館のためにデザインされた家具が、会館の複雑な空間の中に散りばめられ、訪れるたびに新たな発見がある。&lt;p&gt;
本書は、工事関係者や大谷・剣持を知る人々へのインタビューをまじえ、その魅力をあますところなく紹介する。
&lt;p&gt;
なおこの本は、1950-70年代のビルの魅力を発信し続ける「BMC」の活動10周年を記念して企画制作された。高度経済成長期の過剰な情熱によって完成した世紀の大建築。剣持勇のモダンな家具・度肝を抜く外観とインテリアの魅力を堪能Chapter 1 京都国際会館をめぐってみよう&lt;p&gt;
メインロビー　大事なことはロビーで決まる
メインホール　国際会議が行われる大空間のコンセプトは「地球」
宴会場　踊るような格子の幾何学パターンがパーティーを盛り立てる
グリル　かつての喫茶店がシックなレストランに
会議場　Room D　壁のドレープが晴れがましい元プレス会場
会議場　Room C　障子まで斜めにしたこだわりの和風会議場
会議場　Room A　大空間を支える強調された台形の構造フレーム
会議場　Room B-1 / Room B-2　大きな壁に包み込まれる青と赤の間
ラウンジコーナー　あちらこちらで人々の対話が聞こえてくる
控え室・打合せ室　京の街と山を遠望する部屋の数々
庭園　庭の存在が建築と自然をひとつにつなぐ
&lt;p&gt;
Chapter 2 もっと寄って見てみよう
家具
照明
アート
ディテール
&lt;p&gt;
Column1 浜秋さんのこと　井上タツ子
Column2 スワンのこと　井上タツ子
Column3 チーム京都国際会館の偉業　高岡伸一
Column4 師、大谷幸夫のこと－大谷研究室・山本敬則さんインタビュー　岩田雅希
Column5 家具デザインと建築－剣持デザイン研究所・松本哲夫さんインタビュー　川原由美子
Column6 タタキ屋という仕事－岡田石材工業インタビュー　阪口大介
参考文献美術;芸術;インテリア;家具;建築;ビル;BMC;髙岡伸一","写真・工芸","jpn","160","A5"
"4908615004","9784908615009","高宮眞介建築史意匠講義 第2版 (ア－キシップ叢書)","著:高宮 眞介,著:飯田 善彦,監修:大川 三雄,編集:フリックスタジオ","Archiship Library ＆ Cafe´","2016-01-15","10年","2970","","","","","","","","","","芸術総記","jpn","283","A5"
"4908615012","9784908615016","高宮眞介建築史意匠講義 2 (ア－キシップ叢書)","著:高宮 眞介,著:大川 三雄,著:飯田 善彦,監修:大川 三雄,編集:フリックスタジオ,写真:染谷 正弘","Archiship Library ＆ Cafe´","2016-12-19","9年","2970","","","","","","","","","","芸術総記","jpn","","A5"
"4909355170","9784909355171","庭 のびやかな建築の思考","竹山聖 編著,京都大学竹山研究室 編著","エイアンドエフ","2020-06-13","5年","3080","","","","","","","","","","建築","","447","A5"
"4909658815","9784909658814","REKIHAKU 006 特集：人工知能の現代史","国立歴史民俗博物館 編集,橋本雄太 編集,澤田和人 編集","国立歴史民俗博物館","2022-06-28","3年","1201","","","","","","","","","国立歴史民俗博物館発!　歴史と文化への好奇心をひらく『REKIHAKU』!

いまという時代を生きるのに必要な、最先端でおもしろい歴史と文化に関する研究の成果をわかりやすく伝えます。



本書の特集は「人工知能の現代史」。

人間の知的ふるまいをコンピューターに再現させる方法を研究する分野を「人工知能（AI）」と呼ぶが、2012年頃に「深層学習」と呼ばれる技術が登場し、AIは急速な発展を遂げ、いまもその技術の進化はとどまることを知らない。

例えば自動車の自動運転、言語の翻訳、音声・画像認識、ロボット制御、病理診断等々、その技術は社会のすみずみに浸透している。

だがこの技術は、急に現れたものではなく、実は長い歴史を有するものであった。

本特集では、その歴史を「人工知能」前史から説きおこしていく。近年問題になっている、人種差別やジェンダー、貧富格差やフェイクニュースといった社会問題も含め論じ、歴史学の方法と知見をフルに活用しつつ「人工知能」の歴史に迫る。

【人工知能も含む情報処理技術の歴史を研究する分野を「コンピューティング史」という。本特集が読者にとってコンピューティング史へのよい導入ともなれば幸いである。（橋本雄太）】

特集執筆は、杉本　舞／小澤京子／橋本雄太／久木田水生／喜多千草／前山和喜／林　晋／鈴木卓治／河西棟馬。



特集以外の記事も、好評連載・鷹取ゆう「ようこそ！　サクラ歴史民俗博物館」、石出奈々子のれきはく！探検ほか、盛りだくさんで歴史と文化への好奇心をひらいていきます。



歴史や文化に興味のある人はもちろん、そうではなかった人にもささる本。それが『REKIHAKU』です。年3回刊行！特集　人工知能の現代史



1 AI登場前後の研究の流れを概観する

「人工知能」前史──機械の脳とサイバネティクス（杉本　舞）



2　人工知能をめぐるジェンダーの問題●COLUMN

AIはだれの顔をしているのか?（小澤京子）



3　60年以上にわたるAI研究の歴史

AI研究史概観──ダートマス会議から深層学習の登場まで（橋本雄太）



4　人工知能とロボットの倫理をめぐる歴史●COLUMN

AIが制御できなくなったら?（久木田水生）



5　社会に進出するコンピューターがもたらす議論

「人工知能」と社会── 一九六〇年代を中心に（喜多千草）



6　日本人はどのように「考える機械」を受け入れたのか●COLUMN

日本における人工頭脳としてのコンピュータの受容（前山和喜）



7　次世代コンピューター開発への日本の挑戦

第五世代コンピュータープロジェクト── 一九八〇年代の日本（林　晋）



8　個人用コンピューターがまだ実用品ではなかった時代の思い出●COLUMN

四〇年前のマイコンプログラムとカセットテープ（鈴木卓治）



9　国家の統治技法としてのサイバネティクスとその実践●COLUMN

サイバネティクスと社会主義──サイバーシン計画 1970-73（河西棟馬）



○「人工知能の現代史」用語集（橋本雄太）



----



たかが歴史  されど歴史

元号（年号）字の決定権（小倉慈司）



博物館マンガ　第5回

ようこそ！ サクラ歴史民俗博物館

大型展示物の掃除はとっても大変！（鷹取ゆう）



石出奈々子のれきはく！探検　第5回

お米のチカラ 西の地カラ（石出奈々子）



フィールド紀行

掘る、歩く、感じる

遺跡から未来へ 　第2回●古墳時代社会像を構築する（岡山から全国へ）（松木武彦）



誌上博物館　歴博のイッピン

描かれた職人たち

東北院職人歌合（村木二郎）



歴史研究フロントライン

アワビから読み解く古代史（清武雄二）


&lt;","日本歴史","jpn","112","A5"
"4910032045","9784910032047","建築情報学へ","監修:建築情報学会,著:大野友資,著:荒木美香,著:谷口景一朗,著:石津優子,著:提坂ゆきえ,著:堀田憲祐,著:水野勇太,著:佐久間洋司,著:吉村有司,著:酒井康史,著:岡瑞起,著:玉城絵美,著:小見山陽介,著:杉田宗,著:石澤宰,著:暦本純一,著:砂山太一,著:田中浩也,著:渡邊恵太,著:斉藤賢爾,編集:池田靖史,編集:豊田啓介,編集:角田大輔,編集:木内俊克,編集:石澤宰,編集:杉田宗,編集:小見山陽介,編集:富井雄太郎","ミルグラフ","2020-12-25","5年","2750","","","499","4","","","","","デジタルテクノロジーは、私たちの日常に欠くことのできないものとして、もはや意識されることもないほど社会に浸透した。本書は、建築という分野を、情報学的観点および情報技術による広がりの先に定義しようと試みる。
建築は常に他領域や技術から影響を受けながら変化し続けてきた。
情報によって建築は、より領域横断的、より動的、より拡張的なものになるだろう。

-目次-
第1章　拡張する建築の職能 —建築情報学的領域の生成
　情報と物質とそのあいだの思考　 大野友資
　素材と構造解析・実験　 荒木美香
　快適性と環境デザインの価値　 谷口景一朗
　設計から生産へ　 石津優子
　BIMコーディネーション 　提坂ゆきえ
　デジタル・リプレゼンテーション　 堀田憲祐
　メタAIと建築空間　 水野勇太
　バーチャル・ビーイング　 佐久間洋司
　都市を科学する可能性 　吉村有司
　集合知とガバナンス　 酒井康史
　進化するコミュニティの生態系　 岡瑞起
　デジタル・エシックス 　玉城絵美

第2章　Learn / Make / Connect ―営みから捉える建築情報学の体系
Ⅰ　Learn　建築情報史試論　小見山陽介
　第1講　情報と感性
　第2講　情報と表記
　第3講　情報と生産
　第4講　情報と環境
　第5講　情報と管理
Ⅱ　Make　情報と“つくる”　杉田宗
　第6講　つくるための流れ
　第7講　つくるための入力
　第8講　つくるための管理
　第9講　つくるための出力
　第10講　つくるを“つくる”
Ⅲ　Connect　一から多へ　石澤宰
　第11講　つなぐとは
　第12講　人的拡張
　第13講　空間的拡張
　第14講　時間的拡張
　第15講　価値的拡張

第3章　建築情報学という潜在性
Augmented Society：人間拡張による社会と都市　 暦本純一
思索するツール：表記とデジタイズ　 砂山太一
デジタルファブリケーションから「情報体」の設計へ　 田中浩也
エコデジタル：デジタル前提の生存様式とインターフェースデザイン　 渡邊恵太
管理のディセントラリゼーション（分散）へ　 斉藤賢爾

まとめにかえて 建築情報学会
あとがき 池田靖史 豊田啓介
索引
著者・編者プロフィール情報によって建築は、より領域横断的、より動的、より拡張的なものになるだろう。第1章　拡張する建築の職能 —建築情報学的領域の生成
　情報と物質とそのあいだの思考　 大野友資
　素材と構造解析・実験　 荒木美香
　快適性と環境デザインの価値　 谷口景一朗
　設計から生産へ　 石津優子
　BIMコーディネーション 　提坂ゆきえ
　デジタル・リプレゼンテーション　 堀田憲祐
　メタAIと建築空間　 水野勇太
　バーチャル・ビーイング　 佐久間洋司
　都市を科学する可能性 　吉村有司
　集合知とガバナンス　 酒井康史
　進化するコミュニティの生態系　 岡瑞起
　デジタル・エシックス 　玉城絵美

第2章　Learn/Make/Connect ―営みから捉える建築情報学の体系
Ⅰ　Learn　建築情報史試論　小見山陽介
　第1講　情報と感性
　第2講　情報と表記
　第3講　情報と生産
　第4講　情報と環境
　第5講　情報と管理
Ⅱ　Make　情報と“つくる”　杉田宗
　第6講　つくるための流れ
　第7講　つくるための入力
　第8講　つくるための管理
　第9講　つくるための出力
　第10講　つくるを“つくる”
Ⅲ　Connect　一から多へ　石澤宰
　第11講　つなぐとは
　第12講　人的拡張
　第13講　空間的拡張
　第14講　時間的拡張
　第15講　価値的拡張

第3章　建築情報学という潜在性
Augmented Society：人間拡張による社会と都市　 暦本純一
思索するツール：表記とデジタイズ　 砂山太一
デジタルファブリケーションから「情報体」の設計へ　 田中浩也
エコデジタル：デジタル前提の生存様式とインターフェースデザイン　 渡邊恵太
管理のディセントラリゼーション（分散）へ　 斉藤賢爾

まとめにかえて 建築情報学会
あとがき 池田靖史 豊田啓介
索引
著者・編者プロフィール","建築","jpn","236","A5"
"4990661001","9784990661007","窓の観察","長島明夫 編","長島明夫","2012-09-08","13年","990","","","","","","","","","","建築","","","A5変"
"499066101X","9784990661014","多木浩二と建築 (建築と日常別冊)","長島明夫 編","長島明夫","2013-04-30","12年","1980","","","","","","","","","","建築","jpn","237","A5"
"4990661036","9784990661038","建築と日常の写真","長島明夫 編","長島明夫","2017-05-07","8年","1320","","","","","","","","","","建築","","","A4"
"4990661044","9784990661045","建築と日常 No．5 特集：平凡建築","長島明夫 編集","長島明夫","2018-05-17","7年","1650","","","","","","","","","","建築","","142","A5"
"4990661095","9784990661090","建築と日常 No．2","長島明夫 編","長島明夫","2011-12-01","14年","1258","","","","","","","","","","建築","","","A5"
"4991147506","9784991147500","建築のことばを探す","","建築の建築","2020-7","5年","6600","","","","","","","","","","建築","","","A4"
